#
# There is insufficient memory for the Java Runtime Environment to continue.
# Native memory allocation (malloc) failed to allocate 1480176 bytes. Error detail: Chunk::new
# Possible reasons:
#   The system is out of physical RAM or swap space
#   This process is running with CompressedOops enabled, and the Java Heap may be blocking the growth of the native heap
# Possible solutions:
#   Reduce memory load on the system
#   Increase physical memory or swap space
#   Check if swap backing store is full
#   Decrease Java heap size (-Xmx/-Xms)
#   Decrease number of Java threads
#   Decrease Java thread stack sizes (-Xss)
#   Set larger code cache with -XX:ReservedCodeCacheSize=
#   JVM is running with Zero Based Compressed Oops mode in which the Java heap is
#     placed in the first 32GB address space. The Java Heap base address is the
#     maximum limit for the native heap growth. Please use -XX:HeapBaseMinAddress
#     to set the Java Heap base and to place the Java Heap above 32GB virtual address.
# This output file may be truncated or incomplete.
#
#  Out of Memory Error (arena.cpp:191), pid=1164, tid=19360
#
# JRE version: OpenJDK Runtime Environment Temurin-17.0.20+8 (17.0.20+8) (build 17.0.20+8)
# Java VM: OpenJDK 64-Bit Server VM Temurin-17.0.20+8 (17.0.20+8, mixed mode, sharing, tiered, compressed oops, compressed class ptrs, g1 gc, windows-amd64)
# No core dump will be written. Minidumps are not enabled by default on client versions of Windows
#

---------------  S U M M A R Y ------------

Command Line: --add-opens=java.base/java.lang=ALL-UNNAMED --add-opens=java.base/java.lang.invoke=ALL-UNNAMED --add-opens=java.base/java.util=ALL-UNNAMED --add-opens=java.prefs/java.util.prefs=ALL-UNNAMED --add-exports=jdk.compiler/com.sun.tools.javac.api=ALL-UNNAMED --add-exports=jdk.compiler/com.sun.tools.javac.util=ALL-UNNAMED --add-opens=java.base/java.util=ALL-UNNAMED --add-opens=java.prefs/java.util.prefs=ALL-UNNAMED --add-opens=java.base/java.nio.charset=ALL-UNNAMED --add-opens=java.base/java.net=ALL-UNNAMED --add-opens=java.base/java.util.concurrent=ALL-UNNAMED --add-opens=java.base/java.util.concurrent.atomic=ALL-UNNAMED --add-opens=java.xml/javax.xml.namespace=ALL-UNNAMED --add-opens=java.base/java.time=ALL-UNNAMED -XX:MaxMetaspaceSize=1G -XX:ReservedCodeCacheSize=256m -Xmx2560M -Dfile.encoding=windows-1252 -Duser.country=US -Duser.language=en -Duser.variant -javaagent:C:\Users\laiba\.gradle\wrapper\dists\gradle-9.1.0-all\7wzd0jkjit61aq2p43wpjgij9\gradle-9.1.0\lib\agents\gradle-instrumentation-agent-9.1.0.jar org.gradle.launcher.daemon.bootstrap.GradleDaemon 9.1.0

Host: AMD Ryzen 5 7430U with Radeon Graphics         , 12 cores, 7G,  Windows 11 , 64 bit Build 26100 (10.0.26100.9168)
Time: Sun Sep  6 00:10:02 2026 Pakistan Standard Time elapsed time: 500.941494 seconds (0d 0h 8m 20s)

---------------  T H R E A D  ---------------

Current thread (0x0000027cf2777f20):  JavaThread "C2 CompilerThread0" daemon [_thread_in_native, id=19360, stack(0x000000a6aa300000,0x000000a6aa400000)]


Current CompileTask:
C2:500941 50623       4       com.android.tools.r8.internal.p72::a (5242 bytes)

Stack: [0x000000a6aa300000,0x000000a6aa400000]
Native frames: (J=compiled Java code, j=interpreted, Vv=VM code, C=native code)
V  [jvm.dll+0x684d39]
V  [jvm.dll+0x83a565]
V  [jvm.dll+0x83bfde]
V  [jvm.dll+0x83c663]
V  [jvm.dll+0x2490cf]
V  [jvm.dll+0xad536]
V  [jvm.dll+0xadbdc]
V  [jvm.dll+0x368d6f]
V  [jvm.dll+0x1bc32f]
V  [jvm.dll+0x21a030]
V  [jvm.dll+0x21931f]
V  [jvm.dll+0x1a49e0]
V  [jvm.dll+0x229a6a]
V  [jvm.dll+0x227c1b]
V  [jvm.dll+0x7f0d18]
V  [jvm.dll+0x7eb17c]
V  [jvm.dll+0x683c07]
C  [ucrtbase.dll+0x2cd30]
C  [KERNEL32.DLL+0x2ccb7]
C  [ntdll.dll+0xaad6c]


---------------  P R O C E S S  ---------------

Threads class SMR info:
_java_thread_list=0x0000027cbfe06250, length=272, elements={
0x0000027cd1b21d70, 0x0000027cf2750f70, 0x0000027cf2751940, 0x0000027cf276d470,
0x0000027cf276dd40, 0x0000027cf2770620, 0x0000027cf2772f00, 0x0000027cf2777f20,
0x0000027cf278c2e0, 0x0000027cf28e0870, 0x0000027cf29c18d0, 0x0000027cf29bff80,
0x0000027cf29c3220, 0x0000027cf29c3730, 0x0000027cf29c09a0, 0x0000027cf29c2800,
0x0000027cf29c0eb0, 0x0000027cf29c13c0, 0x0000027cf29c22f0, 0x0000027cf29c1de0,
0x0000027cf8005990, 0x0000027cf8005ea0, 0x0000027cf8005480, 0x0000027cf80063b0,
0x0000027cf8002c00, 0x0000027cf8003110, 0x0000027cf8003620, 0x0000027cf8003b30,
0x0000027cf8004040, 0x0000027cf8004a60, 0x0000027cf8004f70, 0x0000027cfa7fea90,
0x0000027cfa7fb7f0, 0x0000027cc9e6e060, 0x0000027cc9e6fec0, 0x0000027cc9e703d0,
0x0000027cc9e708e0, 0x0000027cc9e71d20, 0x0000027cc9e70df0, 0x0000027cc9e6ef90,
0x0000027cc9e71300, 0x0000027cc9e6e570, 0x0000027cc9e6ea80, 0x0000027cc9e72230,
0x0000027cc9e72740, 0x0000027cc9e72c50, 0x0000027cc9e6f4a0, 0x0000027cc9e73160,
0x0000027cc9e6f9b0, 0x0000027cc9e759e0, 0x0000027cc9e73670, 0x0000027cc9e73b80,
0x0000027cc9e74090, 0x0000027cc9e745a0, 0x0000027cc9e74ab0, 0x0000027cc9e74fc0,
0x0000027cc9e754d0, 0x0000027cfb48a330, 0x0000027cfb489e20, 0x0000027cfb48b770,
0x0000027cfb488ef0, 0x0000027cfb48a840, 0x0000027cfb48ad50, 0x0000027cfb48c190,
0x0000027cfb48b260, 0x0000027cfb48bc80, 0x0000027cfb4889e0, 0x0000027cfb489400,
0x0000027cfa8003e0, 0x0000027cf9132810, 0x0000027cf912f060, 0x0000027cf9132d20,
0x0000027cf912f570, 0x0000027cf9133230, 0x0000027cf9133740, 0x0000027cf912ff90,
0x0000027cf9135ab0, 0x0000027cf91369e0, 0x0000027cf91364d0, 0x0000027cf9133c50,
0x0000027cf9134160, 0x0000027cf9134b80, 0x0000027cf9135090, 0x0000027cf91355a0,
0x0000027ccaa9dc20, 0x0000027ccaa9d200, 0x0000027ccaa9f060, 0x0000027ccaa9f570,
0x0000027ccaa9e640, 0x0000027ccaa9eb50, 0x0000027ccaa9fa80, 0x0000027ccaa9d710,
0x0000027ccaaa04a0, 0x0000027ccaa9ff90, 0x0000027ccaaa09b0, 0x0000027ccaaa0ec0,
0x0000027ccaaa13d0, 0x0000027ccaaa18e0, 0x0000027ccaa9e130, 0x0000027ccaaa2d20,
0x0000027ccaaa1df0, 0x0000027ccaaa2810, 0x0000027ccaaa3230, 0x0000027ccaaa3c50,
0x0000027ccaaa2300, 0x0000027ccaaa3740, 0x0000027ccaaa4160, 0x0000027ccaaa4670,
0x0000027ccaaa4b80, 0x0000027cf9d011a0, 0x0000027cf9d020d0, 0x0000027cf9d025e0,
0x0000027cf9d03000, 0x0000027cf9d00270, 0x0000027cf9d01bc0, 0x0000027cf9d00780,
0x0000027cf9d00c90, 0x0000027cf9cff850, 0x0000027cf9d03510, 0x0000027cf9cffd60,
0x0000027cf9d03a20, 0x0000027cf9d04440, 0x0000027cf9d03f30, 0x0000027cf9d06cc0,
0x0000027cf9d04950, 0x0000027cf9d067b0, 0x0000027cf9d04e60, 0x0000027cf9d071d0,
0x0000027cf9d05370, 0x0000027cf9d05880, 0x0000027cf9d05d90, 0x0000027cf9d062a0,
0x0000027cbe097110, 0x0000027cbe099990, 0x0000027cbe097b30, 0x0000027cbe0961e0,
0x0000027cbe097620, 0x0000027cbe098040, 0x0000027cbe098550, 0x0000027cbe098a60,
0x0000027cbe099ea0, 0x0000027cbe099480, 0x0000027cbe0966f0, 0x0000027cbe09a3b0,
0x0000027cbe096c00, 0x0000027cbe09d650, 0x0000027cbe09a8c0, 0x0000027cbe09c720,
0x0000027cbe09add0, 0x0000027cbe09c210, 0x0000027cbe09d140, 0x0000027cbe09bd00,
0x0000027cbe365de0, 0x0000027cbe367c40, 0x0000027cbe36b3f0, 0x0000027cbe36a4c0,
0x0000027cbe364eb0, 0x0000027cbe36aee0, 0x0000027cbe36d250, 0x0000027cbe369fb0,
0x0000027cbe369590, 0x0000027cbe369aa0, 0x0000027cbe36f5c0, 0x0000027cbe36ffe0,
0x0000027cbe36fad0, 0x0000027cbe36d760, 0x0000027cbe36e690, 0x0000027cbe371420,
0x0000027cbe36eba0, 0x0000027cbe370f10, 0x0000027cbe36e180, 0x0000027cbe36dc70,
0x0000027cbe371930, 0x0000027cbe370a00, 0x0000027cbe372350, 0x0000027cbe372860,
0x0000027cbe373280, 0x0000027cbe372d70, 0x0000027cbe098f70, 0x0000027cbe09b7f0,
0x0000027cf9132300, 0x0000027cf9131df0, 0x0000027cbd7aa920, 0x0000027cf29c2d10,
0x0000027cc00fb6c0, 0x0000027cc00fd520, 0x0000027cc00fb1b0, 0x0000027cc00fc0e0,
0x0000027cc00fa280, 0x0000027cc00fe450, 0x0000027cc00fc5f0, 0x0000027cc0101c00,
0x0000027cc01007c0, 0x0000027cc00ff890, 0x0000027cc01002b0, 0x0000027cc0102620,
0x0000027cc00fee70, 0x0000027cc0102b30, 0x0000027cc00ff380, 0x0000027cc0103040,
0x0000027cc0104ea0, 0x0000027cc0107210, 0x0000027cc01062e0, 0x0000027cc0103a60,
0x0000027cc01053b0, 0x0000027cc0105dd0, 0x0000027cc01067f0, 0x0000027cc01058c0,
0x0000027cc0106d00, 0x0000027cc0104480, 0x0000027cc0107720, 0x0000027cc0109580,
0x0000027cc0108b60, 0x0000027cc0107c30, 0x0000027cc00f9d70, 0x0000027cc0104990,
0x0000027cc01011e0, 0x0000027cc0108650, 0x0000027cf912fa80, 0x0000027cf9d016b0,
0x0000027cbd7a7170, 0x0000027cbf36f350, 0x0000027cbf36f860, 0x0000027cbf36df10,
0x0000027cbf36fd70, 0x0000027cbf370280, 0x0000027cbf36cad0, 0x0000027cbf370790,
0x0000027cbf36cfe0, 0x0000027cbf370ca0, 0x0000027cbf36e930, 0x0000027cbf3711b0,
0x0000027cbf3716c0, 0x0000027cbf373a30, 0x0000027cbf3720e0, 0x0000027cbf3725f0,
0x0000027cbf372b00, 0x0000027cbf373010, 0x0000027cbf373520, 0x0000027cbf373f40,
0x0000027cbf374450, 0x0000027cc0103550, 0x0000027cc4555620, 0x0000027cc4556040,
0x0000027cc4555110, 0x0000027cc4556a60, 0x0000027cc45546f0, 0x0000027cc4557480,
0x0000027cc4557ea0, 0x0000027cc45583b0, 0x0000027cc45588c0, 0x0000027cc4558dd0,
0x0000027cc4555b30, 0x0000027cc455a210, 0x0000027cc455a720, 0x0000027cc455c070,
0x0000027cc455bb60, 0x0000027cc455ac30, 0x0000027cc455b650, 0x0000027cc4559d00,
0x0000027cca6cb320, 0x0000027cca6cb830, 0x0000027cc4517730, 0x0000027cc4c1a7c0,
0x0000027cc4c1c110, 0x0000027cc09704e0, 0x0000027cbefd9000, 0x0000027cc455f310,
0x0000027cbda3d690, 0x0000027cbd540a80, 0x0000027cc066eb90, 0x0000027cc4263030
}

Java Threads: ( => current thread )
  0x0000027cd1b21d70 JavaThread "main" [_thread_blocked, id=24608, stack(0x000000a6a9600000,0x000000a6a9700000)]
  0x0000027cf2750f70 JavaThread "Reference Handler" daemon [_thread_blocked, id=13672, stack(0x000000a6a9d00000,0x000000a6a9e00000)]
  0x0000027cf2751940 JavaThread "Finalizer" daemon [_thread_blocked, id=8272, stack(0x000000a6a9e00000,0x000000a6a9f00000)]
  0x0000027cf276d470 JavaThread "Signal Dispatcher" daemon [_thread_blocked, id=2304, stack(0x000000a6a9f00000,0x000000a6aa000000)]
  0x0000027cf276dd40 JavaThread "Attach Listener" daemon [_thread_blocked, id=19492, stack(0x000000a6aa000000,0x000000a6aa100000)]
  0x0000027cf2770620 JavaThread "Service Thread" daemon [_thread_blocked, id=10336, stack(0x000000a6aa100000,0x000000a6aa200000)]
  0x0000027cf2772f00 JavaThread "Monitor Deflation Thread" daemon [_thread_blocked, id=12808, stack(0x000000a6aa200000,0x000000a6aa300000)]
=>0x0000027cf2777f20 JavaThread "C2 CompilerThread0" daemon [_thread_in_native, id=19360, stack(0x000000a6aa300000,0x000000a6aa400000)]
  0x0000027cf278c2e0 JavaThread "C1 CompilerThread0" daemon [_thread_blocked, id=24536, stack(0x000000a6aa400000,0x000000a6aa500000)]
  0x0000027cf28e0870 JavaThread "Sweeper thread" daemon [_thread_blocked, id=6640, stack(0x000000a6aa500000,0x000000a6aa600000)]
  0x0000027cf29c18d0 JavaThread "Common-Cleaner" daemon [_thread_blocked, id=23208, stack(0x000000a6aa600000,0x000000a6aa700000)]
  0x0000027cf29bff80 JavaThread "Notification Thread" daemon [_thread_blocked, id=17076, stack(0x000000a6aa700000,0x000000a6aa800000)]
  0x0000027cf29c3220 JavaThread "Daemon health stats" [_thread_blocked, id=22996, stack(0x000000a6aad00000,0x000000a6aae00000)]
  0x0000027cf29c3730 JavaThread "Incoming local TCP Connector on port 53483" [_thread_in_native, id=24872, stack(0x000000a6aae00000,0x000000a6aaf00000)]
  0x0000027cf29c09a0 JavaThread "Daemon periodic checks" [_thread_blocked, id=21952, stack(0x000000a6aaf00000,0x000000a6ab000000)]
  0x0000027cf29c2800 JavaThread "Daemon" [_thread_blocked, id=11140, stack(0x000000a6ab000000,0x000000a6ab100000)]
  0x0000027cf29c0eb0 JavaThread "Handler for socket connection from /127.0.0.1:53483 to /127.0.0.1:53484" [_thread_in_native, id=27888, stack(0x000000a6ab100000,0x000000a6ab200000)]
  0x0000027cf29c13c0 JavaThread "Cancel handler" [_thread_blocked, id=16588, stack(0x000000a6ab200000,0x000000a6ab300000)]
  0x0000027cf29c22f0 JavaThread "Daemon worker" [_thread_blocked, id=5604, stack(0x000000a6ab300000,0x000000a6ab400000)]
  0x0000027cf29c1de0 JavaThread "Asynchronous log dispatcher for DefaultDaemonConnection: socket connection from /127.0.0.1:53483 to /127.0.0.1:53484" [_thread_blocked, id=608, stack(0x000000a6ab400000,0x000000a6ab500000)]
  0x0000027cf8005990 JavaThread "Stdin handler" [_thread_blocked, id=3840, stack(0x000000a6ab500000,0x000000a6ab600000)]
  0x0000027cf8005ea0 JavaThread "Daemon client event forwarder" [_thread_blocked, id=908, stack(0x000000a6ab600000,0x000000a6ab700000)]
  0x0000027cf8005480 JavaThread "Cache worker for journal cache (C:\Users\laiba\.gradle\caches\journal-1)" [_thread_blocked, id=4056, stack(0x000000a6ab700000,0x000000a6ab800000)]
  0x0000027cf80063b0 JavaThread "File lock request listener" [_thread_in_native, id=6444, stack(0x000000a6ab800000,0x000000a6ab900000)]
  0x0000027cf8002c00 JavaThread "Cache worker for file hash cache (C:\Users\laiba\.gradle\caches\9.1.0\fileHashes)" [_thread_blocked, id=6808, stack(0x000000a6ab900000,0x000000a6aba00000)]
  0x0000027cf8003110 JavaThread "Cache worker for file hash cache (C:\Users\laiba\CareConnect\android\.gradle\9.1.0\fileHashes)" [_thread_blocked, id=12624, stack(0x000000a6ac100000,0x000000a6ac200000)]
  0x0000027cf8003620 JavaThread "Cache worker for Build Output Cleanup Cache (C:\Users\laiba\CareConnect\android\.gradle\buildOutputCleanup)" [_thread_blocked, id=16728, stack(0x000000a6ac200000,0x000000a6ac300000)]
  0x0000027cf8003b30 JavaThread "File watcher server" daemon [_thread_in_native, id=17284, stack(0x000000a6ac300000,0x000000a6ac400000)]
  0x0000027cf8004040 JavaThread "File watcher consumer" daemon [_thread_blocked, id=25536, stack(0x000000a6ac400000,0x000000a6ac500000)]
  0x0000027cf8004a60 JavaThread "Cache worker for checksums cache (C:\Users\laiba\CareConnect\android\.gradle\9.1.0\checksums)" [_thread_blocked, id=12668, stack(0x000000a6ac500000,0x000000a6ac600000)]
  0x0000027cf8004f70 JavaThread "Cache worker for file content cache (C:\Users\laiba\.gradle\caches\9.1.0\fileContent)" [_thread_blocked, id=10544, stack(0x000000a6ac600000,0x000000a6ac700000)]
  0x0000027cfa7fea90 JavaThread "Cache worker for cache directory md-supplier (C:\Users\laiba\.gradle\caches\9.1.0\md-supplier)" [_thread_blocked, id=16352, stack(0x000000a6ac800000,0x000000a6ac900000)]
  0x0000027cfa7fb7f0 JavaThread "Cache worker for cache directory md-rule (C:\Users\laiba\.gradle\caches\9.1.0\md-rule)" [_thread_blocked, id=9716, stack(0x000000a6ac900000,0x000000a6aca00000)]
  0x0000027cc9e6e060 JavaThread "Cache worker for Build Output Cleanup Cache (C:\src\flutter\packages\flutter_tools\gradle\.gradle\buildOutputCleanup)" [_thread_blocked, id=21476, stack(0x000000a6ad200000,0x000000a6ad300000)]
  0x0000027cc9e6fec0 JavaThread "Unconstrained build operations" [_thread_blocked, id=5520, stack(0x000000a6ad500000,0x000000a6ad600000)]
  0x0000027cc9e703d0 JavaThread "Unconstrained build operations Thread 2" [_thread_blocked, id=4048, stack(0x000000a6ad600000,0x000000a6ad700000)]
  0x0000027cc9e708e0 JavaThread "Unconstrained build operations Thread 3" [_thread_blocked, id=26820, stack(0x000000a6ad700000,0x000000a6ad800000)]
  0x0000027cc9e71d20 JavaThread "Unconstrained build operations Thread 4" [_thread_blocked, id=21636, stack(0x000000a6ad800000,0x000000a6ad900000)]
  0x0000027cc9e70df0 JavaThread "Unconstrained build operations Thread 5" [_thread_blocked, id=16932, stack(0x000000a6ad900000,0x000000a6ada00000)]
  0x0000027cc9e6ef90 JavaThread "Unconstrained build operations Thread 6" [_thread_blocked, id=13308, stack(0x000000a6ada00000,0x000000a6adb00000)]
  0x0000027cc9e71300 JavaThread "Unconstrained build operations Thread 7" [_thread_blocked, id=17828, stack(0x000000a6adb00000,0x000000a6adc00000)]
  0x0000027cc9e6e570 JavaThread "Unconstrained build operations Thread 8" [_thread_blocked, id=14744, stack(0x000000a6adc00000,0x000000a6add00000)]
  0x0000027cc9e6ea80 JavaThread "Unconstrained build operations Thread 9" [_thread_blocked, id=11472, stack(0x000000a6add00000,0x000000a6ade00000)]
  0x0000027cc9e72230 JavaThread "Unconstrained build operations Thread 10" [_thread_blocked, id=16116, stack(0x000000a6ade00000,0x000000a6adf00000)]
  0x0000027cc9e72740 JavaThread "Unconstrained build operations Thread 11" [_thread_blocked, id=11816, stack(0x000000a6adf00000,0x000000a6ae000000)]
  0x0000027cc9e72c50 JavaThread "Unconstrained build operations Thread 12" [_thread_blocked, id=10580, stack(0x000000a6ae000000,0x000000a6ae100000)]
  0x0000027cc9e6f4a0 JavaThread "Unconstrained build operations Thread 13" [_thread_blocked, id=25184, stack(0x000000a6ae100000,0x000000a6ae200000)]
  0x0000027cc9e73160 JavaThread "Unconstrained build operations Thread 14" [_thread_blocked, id=28504, stack(0x000000a6ae200000,0x000000a6ae300000)]
  0x0000027cc9e6f9b0 JavaThread "Unconstrained build operations Thread 15" [_thread_blocked, id=13572, stack(0x000000a6ae300000,0x000000a6ae400000)]
  0x0000027cc9e759e0 JavaThread "Unconstrained build operations Thread 16" [_thread_blocked, id=24000, stack(0x000000a6ae400000,0x000000a6ae500000)]
  0x0000027cc9e73670 JavaThread "Unconstrained build operations Thread 17" [_thread_blocked, id=4108, stack(0x000000a6ae500000,0x000000a6ae600000)]
  0x0000027cc9e73b80 JavaThread "Unconstrained build operations Thread 18" [_thread_blocked, id=21724, stack(0x000000a6ae600000,0x000000a6ae700000)]
  0x0000027cc9e74090 JavaThread "Unconstrained build operations Thread 19" [_thread_blocked, id=1724, stack(0x000000a6ae700000,0x000000a6ae800000)]
  0x0000027cc9e745a0 JavaThread "Unconstrained build operations Thread 20" [_thread_blocked, id=1128, stack(0x000000a6ae800000,0x000000a6ae900000)]
  0x0000027cc9e74ab0 JavaThread "Unconstrained build operations Thread 21" [_thread_blocked, id=5344, stack(0x000000a6ae900000,0x000000a6aea00000)]
  0x0000027cc9e74fc0 JavaThread "Unconstrained build operations Thread 22" [_thread_blocked, id=20880, stack(0x000000a6aea00000,0x000000a6aeb00000)]
  0x0000027cc9e754d0 JavaThread "Unconstrained build operations Thread 23" [_thread_blocked, id=7504, stack(0x000000a6aeb00000,0x000000a6aec00000)]
  0x0000027cfb48a330 JavaThread "Unconstrained build operations Thread 24" [_thread_blocked, id=9464, stack(0x000000a6aec00000,0x000000a6aed00000)]
  0x0000027cfb489e20 JavaThread "Unconstrained build operations Thread 25" [_thread_blocked, id=6696, stack(0x000000a6aed00000,0x000000a6aee00000)]
  0x0000027cfb48b770 JavaThread "Unconstrained build operations Thread 26" [_thread_blocked, id=17080, stack(0x000000a6aee00000,0x000000a6aef00000)]
  0x0000027cfb488ef0 JavaThread "Unconstrained build operations Thread 27" [_thread_blocked, id=2904, stack(0x000000a6aef00000,0x000000a6af000000)]
  0x0000027cfb48a840 JavaThread "Unconstrained build operations Thread 28" [_thread_blocked, id=13476, stack(0x000000a6af000000,0x000000a6af100000)]
  0x0000027cfb48ad50 JavaThread "Unconstrained build operations Thread 29" [_thread_blocked, id=10916, stack(0x000000a6af100000,0x000000a6af200000)]
  0x0000027cfb48c190 JavaThread "Unconstrained build operations Thread 30" [_thread_blocked, id=18672, stack(0x000000a6af200000,0x000000a6af300000)]
  0x0000027cfb48b260 JavaThread "Unconstrained build operations Thread 31" [_thread_blocked, id=7028, stack(0x000000a6af300000,0x000000a6af400000)]
  0x0000027cfb48bc80 JavaThread "Unconstrained build operations Thread 32" [_thread_blocked, id=10928, stack(0x000000a6af400000,0x000000a6af500000)]
  0x0000027cfb4889e0 JavaThread "Unconstrained build operations Thread 33" [_thread_blocked, id=6504, stack(0x000000a6af500000,0x000000a6af600000)]
  0x0000027cfb489400 JavaThread "Memory manager" [_thread_blocked, id=18592, stack(0x000000a6af600000,0x000000a6af700000)]
  0x0000027cfa8003e0 JavaThread "build event listener" [_thread_blocked, id=26680, stack(0x000000a6ac700000,0x000000a6ac800000)]
  0x0000027cf9132810 JavaThread "Execution worker" [_thread_blocked, id=19412, stack(0x000000a6af900000,0x000000a6afa00000)]
  0x0000027cf912f060 JavaThread "Execution worker Thread 2" [_thread_blocked, id=10148, stack(0x000000a6afa00000,0x000000a6afb00000)]
  0x0000027cf9132d20 JavaThread "Execution worker Thread 3" [_thread_blocked, id=12484, stack(0x000000a6afb00000,0x000000a6afc00000)]
  0x0000027cf912f570 JavaThread "Execution worker Thread 4" [_thread_blocked, id=8516, stack(0x000000a6afc00000,0x000000a6afd00000)]
  0x0000027cf9133230 JavaThread "Execution worker Thread 5" [_thread_blocked, id=11036, stack(0x000000a6afd00000,0x000000a6afe00000)]
  0x0000027cf9133740 JavaThread "Execution worker Thread 6" [_thread_blocked, id=748, stack(0x000000a6afe00000,0x000000a6aff00000)]
  0x0000027cf912ff90 JavaThread "Execution worker Thread 7" [_thread_blocked, id=22344, stack(0x000000a6aff00000,0x000000a6b0000000)]
  0x0000027cf9135ab0 JavaThread "Execution worker Thread 8" [_thread_blocked, id=5224, stack(0x000000a6b0000000,0x000000a6b0100000)]
  0x0000027cf91369e0 JavaThread "Execution worker Thread 9" [_thread_blocked, id=22756, stack(0x000000a6b0100000,0x000000a6b0200000)]
  0x0000027cf91364d0 JavaThread "Execution worker Thread 10" [_thread_blocked, id=14896, stack(0x000000a6b0200000,0x000000a6b0300000)]
  0x0000027cf9133c50 JavaThread "Execution worker Thread 11" [_thread_blocked, id=1628, stack(0x000000a6b0300000,0x000000a6b0400000)]
  0x0000027cf9134160 JavaThread "Cache worker for execution history cache (C:\src\flutter\packages\flutter_tools\gradle\.gradle\9.1.0\executionHistory)" [_thread_blocked, id=25380, stack(0x000000a6b0400000,0x000000a6b0500000)]
  0x0000027cf9134b80 JavaThread "Unconstrained build operations Thread 34" [_thread_blocked, id=16568, stack(0x000000a6b0500000,0x000000a6b0600000)]
  0x0000027cf9135090 JavaThread "Unconstrained build operations Thread 35" [_thread_blocked, id=2460, stack(0x000000a6b0600000,0x000000a6b0700000)]
  0x0000027cf91355a0 JavaThread "Unconstrained build operations Thread 36" [_thread_blocked, id=19900, stack(0x000000a6b0700000,0x000000a6b0800000)]
  0x0000027ccaa9dc20 JavaThread "Unconstrained build operations Thread 37" [_thread_blocked, id=5492, stack(0x000000a6b0800000,0x000000a6b0900000)]
  0x0000027ccaa9d200 JavaThread "Unconstrained build operations Thread 38" [_thread_blocked, id=9276, stack(0x000000a6b0900000,0x000000a6b0a00000)]
  0x0000027ccaa9f060 JavaThread "Unconstrained build operations Thread 39" [_thread_blocked, id=3348, stack(0x000000a6b0a00000,0x000000a6b0b00000)]
  0x0000027ccaa9f570 JavaThread "Unconstrained build operations Thread 40" [_thread_blocked, id=10676, stack(0x000000a6b0b00000,0x000000a6b0c00000)]
  0x0000027ccaa9e640 JavaThread "Unconstrained build operations Thread 41" [_thread_blocked, id=17268, stack(0x000000a6b0c00000,0x000000a6b0d00000)]
  0x0000027ccaa9eb50 JavaThread "Unconstrained build operations Thread 42" [_thread_blocked, id=13088, stack(0x000000a6b0d00000,0x000000a6b0e00000)]
  0x0000027ccaa9fa80 JavaThread "Unconstrained build operations Thread 43" [_thread_blocked, id=1396, stack(0x000000a6b0e00000,0x000000a6b0f00000)]
  0x0000027ccaa9d710 JavaThread "Unconstrained build operations Thread 44" [_thread_blocked, id=6784, stack(0x000000a6b0f00000,0x000000a6b1000000)]
  0x0000027ccaaa04a0 JavaThread "Unconstrained build operations Thread 45" [_thread_blocked, id=26256, stack(0x000000a6b1000000,0x000000a6b1100000)]
  0x0000027ccaa9ff90 JavaThread "Unconstrained build operations Thread 46" [_thread_blocked, id=13904, stack(0x000000a6b1100000,0x000000a6b1200000)]
  0x0000027ccaaa09b0 JavaThread "Unconstrained build operations Thread 47" [_thread_blocked, id=7848, stack(0x000000a6b1200000,0x000000a6b1300000)]
  0x0000027ccaaa0ec0 JavaThread "Unconstrained build operations Thread 48" [_thread_blocked, id=8328, stack(0x000000a6b1300000,0x000000a6b1400000)]
  0x0000027ccaaa13d0 JavaThread "Unconstrained build operations Thread 49" [_thread_blocked, id=22748, stack(0x000000a6b1400000,0x000000a6b1500000)]
  0x0000027ccaaa18e0 JavaThread "Unconstrained build operations Thread 50" [_thread_blocked, id=10780, stack(0x000000a6b1500000,0x000000a6b1600000)]
  0x0000027ccaa9e130 JavaThread "Unconstrained build operations Thread 51" [_thread_blocked, id=21384, stack(0x000000a6b1600000,0x000000a6b1700000)]
  0x0000027ccaaa2d20 JavaThread "Unconstrained build operations Thread 52" [_thread_blocked, id=25484, stack(0x000000a6b1700000,0x000000a6b1800000)]
  0x0000027ccaaa1df0 JavaThread "Unconstrained build operations Thread 53" [_thread_blocked, id=23564, stack(0x000000a6b1800000,0x000000a6b1900000)]
  0x0000027ccaaa2810 JavaThread "Unconstrained build operations Thread 54" [_thread_blocked, id=17232, stack(0x000000a6b1900000,0x000000a6b1a00000)]
  0x0000027ccaaa3230 JavaThread "Unconstrained build operations Thread 55" [_thread_blocked, id=1696, stack(0x000000a6b1a00000,0x000000a6b1b00000)]
  0x0000027ccaaa3c50 JavaThread "Unconstrained build operations Thread 56" [_thread_blocked, id=21232, stack(0x000000a6b1b00000,0x000000a6b1c00000)]
  0x0000027ccaaa2300 JavaThread "Unconstrained build operations Thread 57" [_thread_blocked, id=11244, stack(0x000000a6b1c00000,0x000000a6b1d00000)]
  0x0000027ccaaa3740 JavaThread "Unconstrained build operations Thread 58" [_thread_blocked, id=22616, stack(0x000000a6b1d00000,0x000000a6b1e00000)]
  0x0000027ccaaa4160 JavaThread "Unconstrained build operations Thread 59" [_thread_blocked, id=18704, stack(0x000000a6b1e00000,0x000000a6b1f00000)]
  0x0000027ccaaa4670 JavaThread "Unconstrained build operations Thread 60" [_thread_blocked, id=22164, stack(0x000000a6b1f00000,0x000000a6b2000000)]
  0x0000027ccaaa4b80 JavaThread "Unconstrained build operations Thread 61" [_thread_blocked, id=15844, stack(0x000000a6b2000000,0x000000a6b2100000)]
  0x0000027cf9d011a0 JavaThread "Unconstrained build operations Thread 62" [_thread_blocked, id=6580, stack(0x000000a6b2100000,0x000000a6b2200000)]
  0x0000027cf9d020d0 JavaThread "Unconstrained build operations Thread 63" [_thread_blocked, id=1856, stack(0x000000a6b2200000,0x000000a6b2300000)]
  0x0000027cf9d025e0 JavaThread "Unconstrained build operations Thread 64" [_thread_blocked, id=17572, stack(0x000000a6b2300000,0x000000a6b2400000)]
  0x0000027cf9d03000 JavaThread "Unconstrained build operations Thread 65" [_thread_blocked, id=15224, stack(0x000000a6b2400000,0x000000a6b2500000)]
  0x0000027cf9d00270 JavaThread "Unconstrained build operations Thread 66" [_thread_blocked, id=19952, stack(0x000000a6b2500000,0x000000a6b2600000)]
  0x0000027cf9d01bc0 JavaThread "Unconstrained build operations Thread 67" [_thread_blocked, id=5348, stack(0x000000a6b2600000,0x000000a6b2700000)]
  0x0000027cf9d00780 JavaThread "Unconstrained build operations Thread 68" [_thread_blocked, id=22928, stack(0x000000a6b2700000,0x000000a6b2800000)]
  0x0000027cf9d00c90 JavaThread "Unconstrained build operations Thread 69" [_thread_blocked, id=22736, stack(0x000000a6b2800000,0x000000a6b2900000)]
  0x0000027cf9cff850 JavaThread "Unconstrained build operations Thread 70" [_thread_blocked, id=2024, stack(0x000000a6b2900000,0x000000a6b2a00000)]
  0x0000027cf9d03510 JavaThread "Unconstrained build operations Thread 71" [_thread_blocked, id=15744, stack(0x000000a6ad100000,0x000000a6ad200000)]
  0x0000027cf9cffd60 JavaThread "Unconstrained build operations Thread 72" [_thread_blocked, id=28004, stack(0x000000a6b2a00000,0x000000a6b2b00000)]
  0x0000027cf9d03a20 JavaThread "Unconstrained build operations Thread 73" [_thread_blocked, id=23328, stack(0x000000a6b2b00000,0x000000a6b2c00000)]
  0x0000027cf9d04440 JavaThread "Unconstrained build operations Thread 74" [_thread_blocked, id=10176, stack(0x000000a6b2c00000,0x000000a6b2d00000)]
  0x0000027cf9d03f30 JavaThread "Unconstrained build operations Thread 75" [_thread_blocked, id=22960, stack(0x000000a6b2d00000,0x000000a6b2e00000)]
  0x0000027cf9d06cc0 JavaThread "Unconstrained build operations Thread 76" [_thread_blocked, id=8820, stack(0x000000a6b2e00000,0x000000a6b2f00000)]
  0x0000027cf9d04950 JavaThread "Unconstrained build operations Thread 77" [_thread_blocked, id=5576, stack(0x000000a6b2f00000,0x000000a6b3000000)]
  0x0000027cf9d067b0 JavaThread "Unconstrained build operations Thread 78" [_thread_blocked, id=3396, stack(0x000000a6b3000000,0x000000a6b3100000)]
  0x0000027cf9d04e60 JavaThread "Unconstrained build operations Thread 79" [_thread_blocked, id=13848, stack(0x000000a6b3100000,0x000000a6b3200000)]
  0x0000027cf9d071d0 JavaThread "Unconstrained build operations Thread 80" [_thread_blocked, id=8180, stack(0x000000a6b3200000,0x000000a6b3300000)]
  0x0000027cf9d05370 JavaThread "Unconstrained build operations Thread 81" [_thread_blocked, id=4612, stack(0x000000a6b3300000,0x000000a6b3400000)]
  0x0000027cf9d05880 JavaThread "Unconstrained build operations Thread 82" [_thread_blocked, id=19200, stack(0x000000a6b3400000,0x000000a6b3500000)]
  0x0000027cf9d05d90 JavaThread "Unconstrained build operations Thread 83" [_thread_blocked, id=19268, stack(0x000000a6b3500000,0x000000a6b3600000)]
  0x0000027cf9d062a0 JavaThread "Unconstrained build operations Thread 84" [_thread_blocked, id=10900, stack(0x000000a6b3600000,0x000000a6b3700000)]
  0x0000027cbe097110 JavaThread "Unconstrained build operations Thread 85" [_thread_blocked, id=16748, stack(0x000000a6b3700000,0x000000a6b3800000)]
  0x0000027cbe099990 JavaThread "Unconstrained build operations Thread 86" [_thread_blocked, id=15444, stack(0x000000a6b3800000,0x000000a6b3900000)]
  0x0000027cbe097b30 JavaThread "Unconstrained build operations Thread 87" [_thread_blocked, id=9760, stack(0x000000a6b3900000,0x000000a6b3a00000)]
  0x0000027cbe0961e0 JavaThread "Unconstrained build operations Thread 88" [_thread_blocked, id=19028, stack(0x000000a6b3a00000,0x000000a6b3b00000)]
  0x0000027cbe097620 JavaThread "Unconstrained build operations Thread 89" [_thread_blocked, id=5484, stack(0x000000a6b3b00000,0x000000a6b3c00000)]
  0x0000027cbe098040 JavaThread "Unconstrained build operations Thread 90" [_thread_blocked, id=21148, stack(0x000000a6b3c00000,0x000000a6b3d00000)]
  0x0000027cbe098550 JavaThread "Unconstrained build operations Thread 91" [_thread_blocked, id=13280, stack(0x000000a6b3d00000,0x000000a6b3e00000)]
  0x0000027cbe098a60 JavaThread "Unconstrained build operations Thread 92" [_thread_blocked, id=19540, stack(0x000000a6b3f00000,0x000000a6b4000000)]
  0x0000027cbe099ea0 JavaThread "Unconstrained build operations Thread 93" [_thread_blocked, id=18736, stack(0x000000a6b4000000,0x000000a6b4100000)]
  0x0000027cbe099480 JavaThread "Unconstrained build operations Thread 94" [_thread_blocked, id=6200, stack(0x000000a6b4100000,0x000000a6b4200000)]
  0x0000027cbe0966f0 JavaThread "Unconstrained build operations Thread 95" [_thread_blocked, id=7100, stack(0x000000a6b4200000,0x000000a6b4300000)]
  0x0000027cbe09a3b0 JavaThread "Unconstrained build operations Thread 96" [_thread_blocked, id=15780, stack(0x000000a6b4300000,0x000000a6b4400000)]
  0x0000027cbe096c00 JavaThread "Unconstrained build operations Thread 97" [_thread_blocked, id=20300, stack(0x000000a6b4400000,0x000000a6b4500000)]
  0x0000027cbe09d650 JavaThread "Unconstrained build operations Thread 98" [_thread_blocked, id=9248, stack(0x000000a6b4500000,0x000000a6b4600000)]
  0x0000027cbe09a8c0 JavaThread "Unconstrained build operations Thread 99" [_thread_blocked, id=2376, stack(0x000000a6b4600000,0x000000a6b4700000)]
  0x0000027cbe09c720 JavaThread "Unconstrained build operations Thread 100" [_thread_blocked, id=13440, stack(0x000000a6b4700000,0x000000a6b4800000)]
  0x0000027cbe09add0 JavaThread "Unconstrained build operations Thread 101" [_thread_blocked, id=28652, stack(0x000000a6b4800000,0x000000a6b4900000)]
  0x0000027cbe09c210 JavaThread "Unconstrained build operations Thread 102" [_thread_blocked, id=4092, stack(0x000000a6b4900000,0x000000a6b4a00000)]
  0x0000027cbe09d140 JavaThread "Unconstrained build operations Thread 103" [_thread_blocked, id=1012, stack(0x000000a6b4a00000,0x000000a6b4b00000)]
  0x0000027cbe09bd00 JavaThread "Kotlin DSL Writer" [_thread_blocked, id=20672, stack(0x000000a6a9300000,0x000000a6a9400000)]
  0x0000027cbe365de0 JavaThread "build event listener" [_thread_blocked, id=6560, stack(0x000000a6b4b00000,0x000000a6b4c00000)]
  0x0000027cbe367c40 JavaThread "build event listener" [_thread_blocked, id=17876, stack(0x000000a6b4c00000,0x000000a6b4d00000)]
  0x0000027cbe36b3f0 JavaThread "Problems report writer" [_thread_blocked, id=18148, stack(0x000000a6b3e00000,0x000000a6b3f00000)]
  0x0000027cbe36a4c0 JavaThread "jar transforms" [_thread_blocked, id=14028, stack(0x000000a6b4d00000,0x000000a6b4e00000)]
  0x0000027cbe364eb0 JavaThread "Unconstrained build operations Thread 104" [_thread_blocked, id=11936, stack(0x000000a6b4e00000,0x000000a6b4f00000)]
  0x0000027cbe36aee0 JavaThread "Unconstrained build operations Thread 105" [_thread_blocked, id=20780, stack(0x000000a6b4f00000,0x000000a6b5000000)]
  0x0000027cbe36d250 JavaThread "Unconstrained build operations Thread 106" [_thread_blocked, id=7020, stack(0x000000a6b5000000,0x000000a6b5100000)]
  0x0000027cbe369fb0 JavaThread "Unconstrained build operations Thread 107" [_thread_blocked, id=26424, stack(0x000000a6b5100000,0x000000a6b5200000)]
  0x0000027cbe369590 JavaThread "Unconstrained build operations Thread 108" [_thread_blocked, id=22576, stack(0x000000a6b5200000,0x000000a6b5300000)]
  0x0000027cbe369aa0 JavaThread "Unconstrained build operations Thread 109" [_thread_blocked, id=10204, stack(0x000000a6b5300000,0x000000a6b5400000)]
  0x0000027cbe36f5c0 JavaThread "Unconstrained build operations Thread 110" [_thread_blocked, id=14024, stack(0x000000a6b5400000,0x000000a6b5500000)]
  0x0000027cbe36ffe0 JavaThread "Unconstrained build operations Thread 111" [_thread_blocked, id=24188, stack(0x000000a6b5500000,0x000000a6b5600000)]
  0x0000027cbe36fad0 JavaThread "Unconstrained build operations Thread 112" [_thread_blocked, id=18056, stack(0x000000a6b5600000,0x000000a6b5700000)]
  0x0000027cbe36d760 JavaThread "Unconstrained build operations Thread 113" [_thread_blocked, id=20220, stack(0x000000a6b5700000,0x000000a6b5800000)]
  0x0000027cbe36e690 JavaThread "Unconstrained build operations Thread 114" [_thread_blocked, id=4052, stack(0x000000a6b5800000,0x000000a6b5900000)]
  0x0000027cbe371420 JavaThread "Unconstrained build operations Thread 115" [_thread_blocked, id=9404, stack(0x000000a6b5900000,0x000000a6b5a00000)]
  0x0000027cbe36eba0 JavaThread "Unconstrained build operations Thread 116" [_thread_blocked, id=20556, stack(0x000000a6b5a00000,0x000000a6b5b00000)]
  0x0000027cbe370f10 JavaThread "Unconstrained build operations Thread 117" [_thread_blocked, id=2204, stack(0x000000a6b5b00000,0x000000a6b5c00000)]
  0x0000027cbe36e180 JavaThread "Unconstrained build operations Thread 118" [_thread_blocked, id=2004, stack(0x000000a6b5c00000,0x000000a6b5d00000)]
  0x0000027cbe36dc70 JavaThread "Unconstrained build operations Thread 119" [_thread_blocked, id=21712, stack(0x000000a6b5d00000,0x000000a6b5e00000)]
  0x0000027cbe371930 JavaThread "Unconstrained build operations Thread 120" [_thread_blocked, id=11372, stack(0x000000a6b5f00000,0x000000a6b6000000)]
  0x0000027cbe370a00 JavaThread "jar transforms Thread 2" [_thread_blocked, id=22108, stack(0x000000a6b6100000,0x000000a6b6200000)]
  0x0000027cbe372350 JavaThread "jar transforms Thread 3" [_thread_blocked, id=23040, stack(0x000000a6b6200000,0x000000a6b6300000)]
  0x0000027cbe372860 JavaThread "jar transforms Thread 4" [_thread_blocked, id=14052, stack(0x000000a6b6300000,0x000000a6b6400000)]
  0x0000027cbe373280 JavaThread "jar transforms Thread 5" [_thread_blocked, id=16864, stack(0x000000a6b6400000,0x000000a6b6500000)]
  0x0000027cbe372d70 JavaThread "jar transforms Thread 6" [_thread_blocked, id=25748, stack(0x000000a6b6500000,0x000000a6b6600000)]
  0x0000027cbe098f70 JavaThread "jar transforms Thread 7" [_thread_blocked, id=17024, stack(0x000000a6b6600000,0x000000a6b6700000)]
  0x0000027cbe09b7f0 JavaThread "jar transforms Thread 8" [_thread_blocked, id=17012, stack(0x000000a6b6700000,0x000000a6b6800000)]
  0x0000027cf9132300 JavaThread "jar transforms Thread 9" [_thread_blocked, id=6544, stack(0x000000a6b6800000,0x000000a6b6900000)]
  0x0000027cf9131df0 JavaThread "jar transforms Thread 10" [_thread_blocked, id=9988, stack(0x000000a6b6900000,0x000000a6b6a00000)]
  0x0000027cbd7aa920 JavaThread "jar transforms Thread 11" [_thread_blocked, id=1820, stack(0x000000a6b6a00000,0x000000a6b6b00000)]
  0x0000027cf29c2d10 JavaThread "jar transforms Thread 12" [_thread_blocked, id=6516, stack(0x000000a6b6b00000,0x000000a6b6c00000)]
  0x0000027cc00fb6c0 JavaThread "included builds Thread 2" [_thread_blocked, id=14820, stack(0x000000a6b6c00000,0x000000a6b6d00000)]
  0x0000027cc00fd520 JavaThread "Cache worker for execution history cache (C:\Users\laiba\CareConnect\android\.gradle\9.1.0\executionHistory)" [_thread_blocked, id=22716, stack(0x000000a6b6d00000,0x000000a6b6e00000)]
  0x0000027cc00fb1b0 JavaThread "Exec process" [_thread_blocked, id=10104, stack(0x000000a6b6e00000,0x000000a6b6f00000)]
  0x0000027cc00fc0e0 JavaThread "Exec process Thread 2" [_thread_blocked, id=16708, stack(0x000000a6b6f00000,0x000000a6b7000000)]
  0x0000027cc00fa280 JavaThread "Exec process Thread 3" [_thread_blocked, id=15276, stack(0x000000a6b7000000,0x000000a6b7100000)]
  0x0000027cc00fe450 JavaThread "WorkerExecutor Queue" [_thread_blocked, id=21488, stack(0x000000a6ad400000,0x000000a6ad500000)]
  0x0000027cc00fc5f0 JavaThread "WorkerExecutor Queue Thread 2" [_thread_blocked, id=27464, stack(0x000000a6b7100000,0x000000a6b7200000)]
  0x0000027cc0101c00 JavaThread "WorkerExecutor Queue Thread 3" [_thread_blocked, id=22488, stack(0x000000a6ad300000,0x000000a6ad400000)]
  0x0000027cc01007c0 JavaThread "WorkerExecutor Queue Thread 5" [_thread_blocked, id=11096, stack(0x000000a6b5e00000,0x000000a6b5f00000)]
  0x0000027cc00ff890 JavaThread "WorkerExecutor Queue Thread 6" [_thread_blocked, id=17856, stack(0x000000a6b6000000,0x000000a6b6100000)]
  0x0000027cc01002b0 JavaThread "WorkerExecutor Queue Thread 7" [_thread_blocked, id=14708, stack(0x000000a6b7200000,0x000000a6b7300000)]
  0x0000027cc0102620 JavaThread "WorkerExecutor Queue Thread 8" [_thread_blocked, id=21592, stack(0x000000a6b7300000,0x000000a6b7400000)]
  0x0000027cc00fee70 JavaThread "WorkerExecutor Queue Thread 9" [_thread_blocked, id=22376, stack(0x000000a6b7400000,0x000000a6b7500000)]
  0x0000027cc0102b30 JavaThread "Exec process Thread 4" [_thread_blocked, id=26384, stack(0x000000a6b7600000,0x000000a6b7700000)]
  0x0000027cc00ff380 JavaThread "Exec process Thread 5" [_thread_blocked, id=16076, stack(0x000000a6b7700000,0x000000a6b7800000)]
  0x0000027cc0103040 JavaThread "Exec process Thread 6" [_thread_blocked, id=13012, stack(0x000000a6b7800000,0x000000a6b7900000)]
  0x0000027cc0104ea0 JavaThread "WorkerExecutor Queue Thread 10" [_thread_blocked, id=4040, stack(0x000000a6b7900000,0x000000a6b7a00000)]
  0x0000027cc0107210 JavaThread "WorkerExecutor Queue Thread 11" [_thread_blocked, id=6236, stack(0x000000a6b7a00000,0x000000a6b7b00000)]
  0x0000027cc01062e0 JavaThread "WorkerExecutor Queue Thread 12" [_thread_blocked, id=19008, stack(0x000000a6b7b00000,0x000000a6b7c00000)]
  0x0000027cc0103a60 JavaThread "pool-3-thread-2" [_thread_blocked, id=4852, stack(0x000000a6b7500000,0x000000a6b7600000)]
  0x0000027cc01053b0 JavaThread "pool-3-thread-1" [_thread_blocked, id=9408, stack(0x000000a6b7c00000,0x000000a6b7d00000)]
  0x0000027cc0105dd0 JavaThread "pool-3-thread-5" [_thread_blocked, id=21996, stack(0x000000a6b7d00000,0x000000a6b7e00000)]
  0x0000027cc01067f0 JavaThread "pool-3-thread-4" [_thread_blocked, id=6484, stack(0x000000a6b7e00000,0x000000a6b7f00000)]
  0x0000027cc01058c0 JavaThread "pool-3-thread-6" [_thread_blocked, id=13368, stack(0x000000a6b7f00000,0x000000a6b8000000)]
  0x0000027cc0106d00 JavaThread "pool-3-thread-7" [_thread_blocked, id=22148, stack(0x000000a6b8000000,0x000000a6b8100000)]
  0x0000027cc0104480 JavaThread "pool-3-thread-9" [_thread_blocked, id=14376, stack(0x000000a6b8100000,0x000000a6b8200000)]
  0x0000027cc0107720 JavaThread "pool-3-thread-8" [_thread_blocked, id=23496, stack(0x000000a6b8200000,0x000000a6b8300000)]
  0x0000027cc0109580 JavaThread "pool-3-thread-10" [_thread_blocked, id=27592, stack(0x000000a6b8300000,0x000000a6b8400000)]
  0x0000027cc0108b60 JavaThread "pool-3-thread-3" [_thread_blocked, id=23792, stack(0x000000a6b8400000,0x000000a6b8500000)]
  0x0000027cc0107c30 JavaThread "pool-3-thread-11" [_thread_blocked, id=4548, stack(0x000000a6b8500000,0x000000a6b8600000)]
  0x0000027cc00f9d70 JavaThread "pool-4-thread-1" [_thread_blocked, id=456, stack(0x000000a6b8700000,0x000000a6b8800000)]
  0x0000027cc0104990 JavaThread "stderr" [_thread_in_native, id=4848, stack(0x000000a6b8900000,0x000000a6b8a00000)]
  0x0000027cc01011e0 JavaThread "stdout" [_thread_in_native, id=9916, stack(0x000000a6b8a00000,0x000000a6b8b00000)]
  0x0000027cc0108650 JavaThread "stderr" [_thread_in_native, id=3316, stack(0x000000a6b8b00000,0x000000a6b8c00000)]
  0x0000027cf912fa80 JavaThread "stdout" [_thread_in_native, id=24224, stack(0x000000a6b8c00000,0x000000a6b8d00000)]
  0x0000027cf9d016b0 JavaThread "stderr" [_thread_in_native, id=8892, stack(0x000000a6b8d00000,0x000000a6b8e00000)]
  0x0000027cbd7a7170 JavaThread "stdout" [_thread_in_native, id=22152, stack(0x000000a6b8e00000,0x000000a6b8f00000)]
  0x0000027cbf36f350 JavaThread "stderr" [_thread_in_native, id=6820, stack(0x000000a6b8f00000,0x000000a6b9000000)]
  0x0000027cbf36f860 JavaThread "stdout" [_thread_in_native, id=7200, stack(0x000000a6b9000000,0x000000a6b9100000)]
  0x0000027cbf36df10 JavaThread "stderr" [_thread_in_native, id=26688, stack(0x000000a6b9100000,0x000000a6b9200000)]
  0x0000027cbf36fd70 JavaThread "stdout" [_thread_in_native, id=11480, stack(0x000000a6b9400000,0x000000a6b9500000)]
  0x0000027cbf370280 JavaThread "stderr" [_thread_in_native, id=1744, stack(0x000000a6b9500000,0x000000a6b9600000)]
  0x0000027cbf36cad0 JavaThread "stdout" [_thread_in_native, id=28468, stack(0x000000a6b9600000,0x000000a6b9700000)]
  0x0000027cbf370790 JavaThread "stderr" [_thread_in_native, id=15084, stack(0x000000a6b9700000,0x000000a6b9800000)]
  0x0000027cbf36cfe0 JavaThread "stdout" [_thread_in_native, id=14864, stack(0x000000a6b9800000,0x000000a6b9900000)]
  0x0000027cbf370ca0 JavaThread "stderr" [_thread_in_native, id=23508, stack(0x000000a6b9900000,0x000000a6b9a00000)]
  0x0000027cbf36e930 JavaThread "stdout" [_thread_in_native, id=19352, stack(0x000000a6b9a00000,0x000000a6b9b00000)]
  0x0000027cbf3711b0 JavaThread "RMI Scheduler(0)" daemon [_thread_blocked, id=1404, stack(0x000000a6b8600000,0x000000a6b8700000)]
  0x0000027cbf3716c0 JavaThread "RMI GC Daemon" daemon [_thread_blocked, id=6660, stack(0x000000a6b9b00000,0x000000a6b9c00000)]
  0x0000027cbf373a30 JavaThread "RMI TCP Accept-0" daemon [_thread_in_native, id=3796, stack(0x000000a6b9c00000,0x000000a6b9d00000)]
  0x0000027cbf3720e0 JavaThread "RMI Reaper" [_thread_blocked, id=28516, stack(0x000000a6b9d00000,0x000000a6b9e00000)]
  0x0000027cbf3725f0 JavaThread "RMI TCP Connection(idle)" daemon [_thread_blocked, id=19124, stack(0x000000a6b9e00000,0x000000a6b9f00000)]
  0x0000027cbf372b00 JavaThread "Cache worker for Java compile cache (C:\Users\laiba\.gradle\caches\9.1.0\javaCompile)" [_thread_blocked, id=20564, stack(0x000000a6b9f00000,0x000000a6ba000000)]
  0x0000027cbf373010 JavaThread "Build operations" [_thread_blocked, id=25984, stack(0x000000a6ba000000,0x000000a6ba100000)]
  0x0000027cbf373520 JavaThread "Build operations Thread 2" [_thread_blocked, id=18896, stack(0x000000a6ba100000,0x000000a6ba200000)]
  0x0000027cbf373f40 JavaThread "Build operations Thread 3" [_thread_blocked, id=15796, stack(0x000000a6ba200000,0x000000a6ba300000)]
  0x0000027cbf374450 JavaThread "Build operations Thread 4" [_thread_blocked, id=19976, stack(0x000000a6ba300000,0x000000a6ba400000)]
  0x0000027cc0103550 JavaThread "Build operations Thread 5" [_thread_blocked, id=17496, stack(0x000000a6ba400000,0x000000a6ba500000)]
  0x0000027cc4555620 JavaThread "Build operations Thread 6" [_thread_blocked, id=15248, stack(0x000000a6ba500000,0x000000a6ba600000)]
  0x0000027cc4556040 JavaThread "Build operations Thread 7" [_thread_blocked, id=22048, stack(0x000000a6ba600000,0x000000a6ba700000)]
  0x0000027cc4555110 JavaThread "Build operations Thread 8" [_thread_blocked, id=7732, stack(0x000000a6ba700000,0x000000a6ba800000)]
  0x0000027cc4556a60 JavaThread "Build operations Thread 9" [_thread_blocked, id=26196, stack(0x000000a6ba800000,0x000000a6ba900000)]
  0x0000027cc45546f0 JavaThread "Build operations Thread 10" [_thread_blocked, id=25656, stack(0x000000a6ba900000,0x000000a6baa00000)]
  0x0000027cc4557480 JavaThread "Build operations Thread 11" [_thread_blocked, id=7928, stack(0x000000a6baa00000,0x000000a6bab00000)]
  0x0000027cc4557ea0 JavaThread "ForkJoinPool-2-worker-1" daemon [_thread_in_Java, id=17700, stack(0x000000a6b8800000,0x000000a6b8900000)]
  0x0000027cc45583b0 JavaThread "ForkJoinPool-2-worker-2" daemon [_thread_in_Java, id=13880, stack(0x000000a6bab00000,0x000000a6bac00000)]
  0x0000027cc45588c0 JavaThread "ForkJoinPool-2-worker-3" daemon [_thread_in_Java, id=20416, stack(0x000000a6bac00000,0x000000a6bad00000)]
  0x0000027cc4558dd0 JavaThread "ForkJoinPool-2-worker-4" daemon [_thread_in_Java, id=26696, stack(0x000000a6bad00000,0x000000a6bae00000)]
  0x0000027cc4555b30 JavaThread "ForkJoinPool-2-worker-5" daemon [_thread_in_Java, id=18844, stack(0x000000a6bae00000,0x000000a6baf00000)]
  0x0000027cc455a210 JavaThread "ForkJoinPool-2-worker-6" daemon [_thread_in_Java, id=12800, stack(0x000000a6baf00000,0x000000a6bb000000)]
  0x0000027cc455a720 JavaThread "ForkJoinPool-2-worker-7" daemon [_thread_blocked, id=10344, stack(0x000000a6bb000000,0x000000a6bb100000)]
  0x0000027cc455c070 JavaThread "ForkJoinPool-2-worker-8" daemon [_thread_blocked, id=2268, stack(0x000000a6bb100000,0x000000a6bb200000)]
  0x0000027cc455bb60 JavaThread "ForkJoinPool-2-worker-9" daemon [_thread_in_Java, id=10192, stack(0x000000a6bb200000,0x000000a6bb300000)]
  0x0000027cc455ac30 JavaThread "ForkJoinPool-2-worker-10" daemon [_thread_in_Java, id=22256, stack(0x000000a6bb300000,0x000000a6bb400000)]
  0x0000027cc455b650 JavaThread "ForkJoinPool-2-worker-11" daemon [_thread_in_Java, id=23180, stack(0x000000a6bb400000,0x000000a6bb500000)]
  0x0000027cc4559d00 JavaThread "ForkJoinPool-2-worker-12" daemon [_thread_in_Java, id=9872, stack(0x000000a6bb500000,0x000000a6bb600000)]
  0x0000027cca6cb320 JavaThread "DefaultDispatcher-worker-1" daemon [_thread_blocked, id=25476, stack(0x000000a6bb700000,0x000000a6bb800000)]
  0x0000027cca6cb830 JavaThread "DefaultDispatcher-worker-2" daemon [_thread_blocked, id=6884, stack(0x000000a6bb800000,0x000000a6bb900000)]
  0x0000027cc4517730 JavaThread "DefaultDispatcher-worker-3" daemon [_thread_blocked, id=4920, stack(0x000000a6bb600000,0x000000a6bb700000)]
  0x0000027cc4c1a7c0 JavaThread "Periodic tasks thread" daemon [_thread_blocked, id=18172, stack(0x000000a6bb900000,0x000000a6bba00000)]
  0x0000027cc4c1c110 JavaThread "ApplicationImpl pooled thread 1" [_thread_blocked, id=19428, stack(0x000000a6bba00000,0x000000a6bbb00000)]
  0x0000027cc09704e0 JavaThread "C2 CompilerThread1" daemon [_thread_in_native, id=4856, stack(0x000000a6bbb00000,0x000000a6bbc00000)]
  0x0000027cbefd9000 JavaThread "ForkJoinPool.commonPool-worker-1" daemon [_thread_blocked, id=14808, stack(0x000000a6bbc00000,0x000000a6bbd00000)]
  0x0000027cc455f310 JavaThread "Java2D Disposer" daemon [_thread_blocked, id=22396, stack(0x000000a6bbd00000,0x000000a6bbe00000)]
  0x0000027cbda3d690 JavaThread "AWT-Windows" daemon [_thread_in_native, id=16404, stack(0x000000a6bbf00000,0x000000a6bc000000)]
  0x0000027cbd540a80 JavaThread "ForkJoinPool.commonPool-worker-2" daemon [_thread_blocked, id=11276, stack(0x000000a6bbe00000,0x000000a6bbf00000)]
  0x0000027cc066eb90 JavaThread "WorkerExecutor Queue Thread 13" [_thread_blocked, id=23452, stack(0x000000a6bc100000,0x000000a6bc200000)]
  0x0000027cc4263030 JavaThread "DefaultDispatcher-worker-4" daemon [_thread_blocked, id=13860, stack(0x000000a6bc200000,0x000000a6bc300000)]

Other Threads:
  0x0000027cf2749f70 VMThread "VM Thread" [stack: 0x000000a6a9c00000,0x000000a6a9d00000] [id=12256]
  0x0000027cf2a75340 WatcherThread [stack: 0x000000a6aa800000,0x000000a6aa900000] [id=20268]
  0x0000027cd1b73b60 GCTaskThread "GC Thread#0" [stack: 0x000000a6a9700000,0x000000a6a9800000] [id=24152]
  0x0000027cf2c363b0 GCTaskThread "GC Thread#1" [stack: 0x000000a6aa900000,0x000000a6aaa00000] [id=13224]
  0x0000027cf2cbe2c0 GCTaskThread "GC Thread#2" [stack: 0x000000a6aaa00000,0x000000a6aab00000] [id=22776]
  0x0000027cf7f47a20 GCTaskThread "GC Thread#3" [stack: 0x000000a6aab00000,0x000000a6aac00000] [id=15348]
  0x0000027cf7f47ce0 GCTaskThread "GC Thread#4" [stack: 0x000000a6aac00000,0x000000a6aad00000] [id=25576]
  0x0000027cf80f8aa0 GCTaskThread "GC Thread#5" [stack: 0x000000a6aba00000,0x000000a6abb00000] [id=28348]
  0x0000027cf80f71e0 GCTaskThread "GC Thread#6" [stack: 0x000000a6abb00000,0x000000a6abc00000] [id=23756]
  0x0000027cf80f8d60 GCTaskThread "GC Thread#7" [stack: 0x000000a6abc00000,0x000000a6abd00000] [id=21196]
  0x0000027cf80f74a0 GCTaskThread "GC Thread#8" [stack: 0x000000a6abd00000,0x000000a6abe00000] [id=28316]
  0x0000027cf80f7760 GCTaskThread "GC Thread#9" [stack: 0x000000a6abe00000,0x000000a6abf00000] [id=19012]
  0x0000027cd1b7f9d0 ConcurrentGCThread "G1 Main Marker" [stack: 0x000000a6a9800000,0x000000a6a9900000] [id=28052]
  0x0000027cd1b81770 ConcurrentGCThread "G1 Conc#0" [stack: 0x000000a6a9900000,0x000000a6a9a00000] [id=25608]
  0x0000027cf80f8520 ConcurrentGCThread "G1 Conc#1" [stack: 0x000000a6abf00000,0x000000a6ac000000] [id=16772]
  0x0000027cf80f8260 ConcurrentGCThread "G1 Conc#2" [stack: 0x000000a6ac000000,0x000000a6ac100000] [id=19936]
  0x0000027cf25e20b0 ConcurrentGCThread "G1 Refine#0" [stack: 0x000000a6a9a00000,0x000000a6a9b00000] [id=4036]
  0x0000027cf90b1160 ConcurrentGCThread "G1 Refine#1" [stack: 0x000000a6aca00000,0x000000a6acb00000] [id=6944]
  0x0000027cf90b2010 ConcurrentGCThread "G1 Refine#2" [stack: 0x000000a6acb00000,0x000000a6acc00000] [id=11032]
  0x0000027cf90b2300 ConcurrentGCThread "G1 Refine#3" [stack: 0x000000a6acc00000,0x000000a6acd00000] [id=24568]
  0x0000027cf90b1740 ConcurrentGCThread "G1 Refine#4" [stack: 0x000000a6acd00000,0x000000a6ace00000] [id=17580]
  0x0000027cf90b05a0 ConcurrentGCThread "G1 Refine#5" [stack: 0x000000a6ace00000,0x000000a6acf00000] [id=7304]
  0x0000027cf90b1a30 ConcurrentGCThread "G1 Refine#6" [stack: 0x000000a6acf00000,0x000000a6ad000000] [id=28408]
  0x0000027cf90b25f0 ConcurrentGCThread "G1 Refine#7" [stack: 0x000000a6ad000000,0x000000a6ad100000] [id=18332]
  0x0000027cca1fb0f0 ConcurrentGCThread "G1 Refine#8" [stack: 0x000000a6a9400000,0x000000a6a9500000] [id=22024]
  0x0000027cca2c7a00 ConcurrentGCThread "G1 Refine#9" [stack: 0x000000a6a9500000,0x000000a6a9600000] [id=7728]
  0x0000027cd1bc8ab0 ConcurrentGCThread "G1 Service" [stack: 0x000000a6a9b00000,0x000000a6a9c00000] [id=15788]

Threads with active compile tasks:
C2 CompilerThread0  501114 50623       4       com.android.tools.r8.internal.p72::a (5242 bytes)
C2 CompilerThread1  501115 50581       4       com.android.tools.r8.internal.cl::a (1828 bytes)

VM state: not at safepoint (normal execution)

VM Mutex/Monitor currently owned by a thread: None

Heap address: 0x0000000760000000, size: 2560 MB, Compressed Oops mode: Zero based, Oop shift amount: 3

CDS archive(s) mapped at: [0x0000027c80000000-0x0000027c80bb0000-0x0000027c80bb0000), size 12255232, SharedBaseAddress: 0x0000027c80000000, ArchiveRelocationMode: 1.
Compressed class space mapped at: 0x0000027c81000000-0x0000027cb5000000, reserved size: 872415232
Narrow klass base: 0x0000027c80000000, Narrow klass shift: 0, Narrow klass range: 0x100000000

GC Precious Log:
 CPUs: 12 total, 12 available
 Memory: 7582M
 Large Page Support: Disabled
 NUMA Support: Disabled
 Compressed Oops: Enabled (Zero based)
 Heap Region Size: 2M
 Heap Min Capacity: 8M
 Heap Initial Capacity: 120M
 Heap Max Capacity: 2560M
 Pre-touch: Disabled
 Parallel Workers: 10
 Concurrent Workers: 3
 Concurrent Refinement Workers: 10
 Periodic GC: Disabled

Heap:
 garbage-first heap   total 1667072K, used 847228K [0x0000000760000000, 0x0000000800000000)
  region size 2048K, 40 young (81920K), 3 survivors (6144K)
 Metaspace       used 335659K, committed 337856K, reserved 1179648K
  class space    used 42950K, committed 43968K, reserved 851968K

Heap Regions: E=young(eden), S=young(survivor), O=old, HS=humongous(starts), HC=humongous(continues), CS=collection set, F=free, OA=open archive, CA=closed archive, TAMS=top-at-mark-start (previous, next)
|   0|0x0000000760000000, 0x0000000760200000, 0x0000000760200000|100%|HS|  |TAMS 0x0000000760200000, 0x0000000760000000| Complete 
|   1|0x0000000760200000, 0x0000000760400000, 0x0000000760400000|100%|HC|  |TAMS 0x0000000760400000, 0x0000000760200000| Complete 
|   2|0x0000000760400000, 0x0000000760600000, 0x0000000760600000|100%| O|  |TAMS 0x0000000760600000, 0x0000000760400000| Untracked 
|   3|0x0000000760600000, 0x0000000760800000, 0x0000000760800000|100%| O|  |TAMS 0x0000000760800000, 0x0000000760600000| Untracked 
|   4|0x0000000760800000, 0x0000000760a00000, 0x0000000760a00000|100%| O|  |TAMS 0x0000000760a00000, 0x0000000760800000| Untracked 
|   5|0x0000000760a00000, 0x0000000760c00000, 0x0000000760c00000|100%| O|  |TAMS 0x0000000760c00000, 0x0000000760a00000| Untracked 
|   6|0x0000000760c00000, 0x0000000760e00000, 0x0000000760e00000|100%| O|  |TAMS 0x0000000760e00000, 0x0000000760c00000| Untracked 
|   7|0x0000000760e00000, 0x0000000761000000, 0x0000000761000000|100%| O|  |TAMS 0x0000000761000000, 0x0000000760e00000| Untracked 
|   8|0x0000000761000000, 0x0000000761200000, 0x0000000761200000|100%| O|  |TAMS 0x0000000761200000, 0x0000000761000000| Untracked 
|   9|0x0000000761200000, 0x0000000761400000, 0x0000000761400000|100%| O|  |TAMS 0x0000000761400000, 0x0000000761200000| Untracked 
|  10|0x0000000761400000, 0x0000000761600000, 0x0000000761600000|100%| O|  |TAMS 0x0000000761600000, 0x0000000761400000| Untracked 
|  11|0x0000000761600000, 0x0000000761800000, 0x0000000761800000|100%| O|  |TAMS 0x0000000761800000, 0x0000000761600000| Untracked 
|  12|0x0000000761800000, 0x0000000761a00000, 0x0000000761a00000|100%| O|  |TAMS 0x0000000761a00000, 0x0000000761800000| Untracked 
|  13|0x0000000761a00000, 0x0000000761c00000, 0x0000000761c00000|100%| O|  |TAMS 0x0000000761c00000, 0x0000000761a00000| Untracked 
|  14|0x0000000761c00000, 0x0000000761e00000, 0x0000000761e00000|100%| O|  |TAMS 0x0000000761e00000, 0x0000000761c00000| Untracked 
|  15|0x0000000761e00000, 0x0000000762000000, 0x0000000762000000|100%| O|  |TAMS 0x0000000762000000, 0x0000000761e00000| Untracked 
|  16|0x0000000762000000, 0x0000000762200000, 0x0000000762200000|100%| O|  |TAMS 0x0000000762200000, 0x0000000762000000| Untracked 
|  17|0x0000000762200000, 0x0000000762400000, 0x0000000762400000|100%| O|  |TAMS 0x0000000762400000, 0x0000000762200000| Untracked 
|  18|0x0000000762400000, 0x0000000762600000, 0x0000000762600000|100%| O|  |TAMS 0x0000000762600000, 0x0000000762400000| Untracked 
|  19|0x0000000762600000, 0x0000000762800000, 0x0000000762800000|100%| O|  |TAMS 0x0000000762800000, 0x0000000762600000| Untracked 
|  20|0x0000000762800000, 0x0000000762a00000, 0x0000000762a00000|100%| O|  |TAMS 0x0000000762a00000, 0x0000000762800000| Untracked 
|  21|0x0000000762a00000, 0x0000000762c00000, 0x0000000762c00000|100%| O|  |TAMS 0x0000000762c00000, 0x0000000762a00000| Untracked 
|  22|0x0000000762c00000, 0x0000000762e00000, 0x0000000762e00000|100%| O|  |TAMS 0x0000000762e00000, 0x0000000762c00000| Untracked 
|  23|0x0000000762e00000, 0x0000000763000000, 0x0000000763000000|100%| O|  |TAMS 0x0000000763000000, 0x0000000762e00000| Untracked 
|  24|0x0000000763000000, 0x0000000763200000, 0x0000000763200000|100%| O|  |TAMS 0x0000000763200000, 0x0000000763000000| Untracked 
|  25|0x0000000763200000, 0x0000000763400000, 0x0000000763400000|100%| O|  |TAMS 0x0000000763400000, 0x0000000763200000| Untracked 
|  26|0x0000000763400000, 0x0000000763600000, 0x0000000763600000|100%| O|  |TAMS 0x0000000763600000, 0x0000000763400000| Untracked 
|  27|0x0000000763600000, 0x0000000763600000, 0x0000000763800000|  0%| F|  |TAMS 0x0000000763600000, 0x0000000763600000| Untracked 
|  28|0x0000000763800000, 0x0000000763a00000, 0x0000000763a00000|100%| O|  |TAMS 0x0000000763a00000, 0x0000000763800000| Untracked 
|  29|0x0000000763a00000, 0x0000000763c00000, 0x0000000763c00000|100%| O|  |TAMS 0x0000000763c00000, 0x0000000763a00000| Untracked 
|  30|0x0000000763c00000, 0x0000000763e00000, 0x0000000763e00000|100%| O|  |TAMS 0x0000000763e00000, 0x0000000763c00000| Untracked 
|  31|0x0000000763e00000, 0x0000000764000000, 0x0000000764000000|100%| O|  |TAMS 0x0000000764000000, 0x0000000763e00000| Untracked 
|  32|0x0000000764000000, 0x0000000764200000, 0x0000000764200000|100%| O|  |TAMS 0x0000000764200000, 0x0000000764000000| Untracked 
|  33|0x0000000764200000, 0x0000000764400000, 0x0000000764400000|100%| O|  |TAMS 0x0000000764400000, 0x0000000764200000| Untracked 
|  34|0x0000000764400000, 0x0000000764600000, 0x0000000764600000|100%| O|  |TAMS 0x0000000764600000, 0x0000000764400000| Untracked 
|  35|0x0000000764600000, 0x0000000764800000, 0x0000000764800000|100%| O|  |TAMS 0x0000000764800000, 0x0000000764600000| Untracked 
|  36|0x0000000764800000, 0x0000000764800000, 0x0000000764a00000|  0%| F|  |TAMS 0x0000000764800000, 0x0000000764800000| Untracked 
|  37|0x0000000764a00000, 0x0000000764c00000, 0x0000000764c00000|100%| O|  |TAMS 0x0000000764a00000, 0x0000000764a00000| Untracked 
|  38|0x0000000764c00000, 0x0000000764e00000, 0x0000000764e00000|100%| O|  |TAMS 0x0000000764c00000, 0x0000000764c00000| Untracked 
|  39|0x0000000764e00000, 0x0000000765000000, 0x0000000765000000|100%| O|  |TAMS 0x0000000765000000, 0x0000000764e00000| Untracked 
|  40|0x0000000765000000, 0x0000000765200000, 0x0000000765200000|100%| O|  |TAMS 0x0000000765000000, 0x0000000765000000| Untracked 
|  41|0x0000000765200000, 0x0000000765400000, 0x0000000765400000|100%|HS|  |TAMS 0x0000000765400000, 0x0000000765200000| Complete 
|  42|0x0000000765400000, 0x0000000765600000, 0x0000000765600000|100%| O|  |TAMS 0x0000000765600000, 0x0000000765400000| Untracked 
|  43|0x0000000765600000, 0x0000000765800000, 0x0000000765800000|100%| O|  |TAMS 0x0000000765800000, 0x0000000765600000| Untracked 
|  44|0x0000000765800000, 0x0000000765a00000, 0x0000000765a00000|100%|HS|  |TAMS 0x0000000765a00000, 0x0000000765800000| Complete 
|  45|0x0000000765a00000, 0x0000000765c00000, 0x0000000765c00000|100%| O|  |TAMS 0x0000000765c00000, 0x0000000765a00000| Untracked 
|  46|0x0000000765c00000, 0x0000000765e00000, 0x0000000765e00000|100%| O|  |TAMS 0x0000000765e00000, 0x0000000765c00000| Untracked 
|  47|0x0000000765e00000, 0x0000000766000000, 0x0000000766000000|100%|HS|  |TAMS 0x0000000766000000, 0x0000000765e00000| Complete 
|  48|0x0000000766000000, 0x0000000766200000, 0x0000000766200000|100%| O|  |TAMS 0x0000000766200000, 0x0000000766000000| Untracked 
|  49|0x0000000766200000, 0x0000000766400000, 0x0000000766400000|100%| O|  |TAMS 0x0000000766400000, 0x0000000766200000| Untracked 
|  50|0x0000000766400000, 0x0000000766400000, 0x0000000766600000|  0%| F|  |TAMS 0x0000000766400000, 0x0000000766400000| Untracked 
|  51|0x0000000766600000, 0x0000000766600000, 0x0000000766800000|  0%| F|  |TAMS 0x0000000766600000, 0x0000000766600000| Untracked 
|  52|0x0000000766800000, 0x0000000766a00000, 0x0000000766a00000|100%| O|  |TAMS 0x0000000766a00000, 0x0000000766800000| Untracked 
|  53|0x0000000766a00000, 0x0000000766c00000, 0x0000000766c00000|100%| O|  |TAMS 0x0000000766a00000, 0x0000000766a00000| Untracked 
|  54|0x0000000766c00000, 0x0000000766c00000, 0x0000000766e00000|  0%| F|  |TAMS 0x0000000766c00000, 0x0000000766c00000| Untracked 
|  55|0x0000000766e00000, 0x0000000767000000, 0x0000000767000000|100%| O|  |TAMS 0x0000000767000000, 0x0000000766e00000| Untracked 
|  56|0x0000000767000000, 0x0000000767000000, 0x0000000767200000|  0%| F|  |TAMS 0x0000000767000000, 0x0000000767000000| Untracked 
|  57|0x0000000767200000, 0x0000000767400000, 0x0000000767400000|100%| O|  |TAMS 0x0000000767200000, 0x0000000767200000| Untracked 
|  58|0x0000000767400000, 0x0000000767600000, 0x0000000767600000|100%| O|  |TAMS 0x0000000767600000, 0x0000000767400000| Untracked 
|  59|0x0000000767600000, 0x0000000767800000, 0x0000000767800000|100%| O|  |TAMS 0x0000000767600000, 0x0000000767600000| Untracked 
|  60|0x0000000767800000, 0x0000000767a00000, 0x0000000767a00000|100%| O|  |TAMS 0x0000000767a00000, 0x0000000767800000| Untracked 
|  61|0x0000000767a00000, 0x0000000767c00000, 0x0000000767c00000|100%|HS|  |TAMS 0x0000000767c00000, 0x0000000767a00000| Complete 
|  62|0x0000000767c00000, 0x0000000767c00000, 0x0000000767e00000|  0%| F|  |TAMS 0x0000000767c00000, 0x0000000767c00000| Untracked 
|  63|0x0000000767e00000, 0x0000000767e00000, 0x0000000768000000|  0%| F|  |TAMS 0x0000000767e00000, 0x0000000767e00000| Untracked 
|  64|0x0000000768000000, 0x0000000768200000, 0x0000000768200000|100%| O|  |TAMS 0x0000000768200000, 0x0000000768000000| Untracked 
|  65|0x0000000768200000, 0x0000000768200000, 0x0000000768400000|  0%| F|  |TAMS 0x0000000768200000, 0x0000000768200000| Untracked 
|  66|0x0000000768400000, 0x0000000768600000, 0x0000000768600000|100%| O|  |TAMS 0x0000000768600000, 0x0000000768400000| Untracked 
|  67|0x0000000768600000, 0x0000000768800000, 0x0000000768800000|100%| O|  |TAMS 0x0000000768800000, 0x0000000768600000| Untracked 
|  68|0x0000000768800000, 0x0000000768a00000, 0x0000000768a00000|100%| O|  |TAMS 0x0000000768a00000, 0x0000000768800000| Untracked 
|  69|0x0000000768a00000, 0x0000000768c00000, 0x0000000768c00000|100%| O|  |TAMS 0x0000000768c00000, 0x0000000768a00000| Untracked 
|  70|0x0000000768c00000, 0x0000000768e00000, 0x0000000768e00000|100%| O|  |TAMS 0x0000000768e00000, 0x0000000768c00000| Untracked 
|  71|0x0000000768e00000, 0x0000000768e00000, 0x0000000769000000|  0%| F|  |TAMS 0x0000000768e00000, 0x0000000768e00000| Untracked 
|  72|0x0000000769000000, 0x0000000769200000, 0x0000000769200000|100%| O|  |TAMS 0x0000000769200000, 0x0000000769000000| Untracked 
|  73|0x0000000769200000, 0x0000000769400000, 0x0000000769400000|100%| O|  |TAMS 0x0000000769400000, 0x0000000769200000| Untracked 
|  74|0x0000000769400000, 0x0000000769600000, 0x0000000769600000|100%| O|  |TAMS 0x0000000769600000, 0x0000000769400000| Untracked 
|  75|0x0000000769600000, 0x0000000769800000, 0x0000000769800000|100%| O|  |TAMS 0x0000000769800000, 0x0000000769600000| Untracked 
|  76|0x0000000769800000, 0x0000000769a00000, 0x0000000769a00000|100%| O|  |TAMS 0x0000000769a00000, 0x0000000769800000| Untracked 
|  77|0x0000000769a00000, 0x0000000769c00000, 0x0000000769c00000|100%| O|  |TAMS 0x0000000769c00000, 0x0000000769a00000| Untracked 
|  78|0x0000000769c00000, 0x0000000769e00000, 0x0000000769e00000|100%|HS|  |TAMS 0x0000000769e00000, 0x0000000769c00000| Complete 
|  79|0x0000000769e00000, 0x000000076a000000, 0x000000076a000000|100%|HS|  |TAMS 0x000000076a000000, 0x0000000769e00000| Complete 
|  80|0x000000076a000000, 0x000000076a200000, 0x000000076a200000|100%|HC|  |TAMS 0x000000076a200000, 0x000000076a000000| Complete 
|  81|0x000000076a200000, 0x000000076a400000, 0x000000076a400000|100%| O|  |TAMS 0x000000076a400000, 0x000000076a200000| Untracked 
|  82|0x000000076a400000, 0x000000076a600000, 0x000000076a600000|100%| O|  |TAMS 0x000000076a600000, 0x000000076a400000| Untracked 
|  83|0x000000076a600000, 0x000000076a800000, 0x000000076a800000|100%| O|  |TAMS 0x000000076a800000, 0x000000076a600000| Untracked 
|  84|0x000000076a800000, 0x000000076aa00000, 0x000000076aa00000|100%| O|  |TAMS 0x000000076aa00000, 0x000000076a800000| Untracked 
|  85|0x000000076aa00000, 0x000000076ac00000, 0x000000076ac00000|100%| O|  |TAMS 0x000000076ac00000, 0x000000076aa00000| Untracked 
|  86|0x000000076ac00000, 0x000000076ae00000, 0x000000076ae00000|100%| O|  |TAMS 0x000000076ac00000, 0x000000076ac00000| Untracked 
|  87|0x000000076ae00000, 0x000000076b000000, 0x000000076b000000|100%| O|  |TAMS 0x000000076b000000, 0x000000076ae00000| Untracked 
|  88|0x000000076b000000, 0x000000076b200000, 0x000000076b200000|100%| O|  |TAMS 0x000000076b200000, 0x000000076b000000| Untracked 
|  89|0x000000076b200000, 0x000000076b400000, 0x000000076b400000|100%| O|  |TAMS 0x000000076b200000, 0x000000076b200000| Untracked 
|  90|0x000000076b400000, 0x000000076b600000, 0x000000076b600000|100%| O|  |TAMS 0x000000076b400000, 0x000000076b400000| Untracked 
|  91|0x000000076b600000, 0x000000076b800000, 0x000000076b800000|100%| O|  |TAMS 0x000000076b800000, 0x000000076b600000| Untracked 
|  92|0x000000076b800000, 0x000000076b800000, 0x000000076ba00000|  0%| F|  |TAMS 0x000000076b800000, 0x000000076b800000| Untracked 
|  93|0x000000076ba00000, 0x000000076bc00000, 0x000000076bc00000|100%| O|  |TAMS 0x000000076ba00000, 0x000000076ba00000| Untracked 
|  94|0x000000076bc00000, 0x000000076be00000, 0x000000076be00000|100%| O|  |TAMS 0x000000076bc00000, 0x000000076bc00000| Untracked 
|  95|0x000000076be00000, 0x000000076c000000, 0x000000076c000000|100%| O|  |TAMS 0x000000076be00000, 0x000000076be00000| Untracked 
|  96|0x000000076c000000, 0x000000076c200000, 0x000000076c200000|100%| O|  |TAMS 0x000000076c000000, 0x000000076c000000| Untracked 
|  97|0x000000076c200000, 0x000000076c400000, 0x000000076c400000|100%| O|  |TAMS 0x000000076c200000, 0x000000076c200000| Untracked 
|  98|0x000000076c400000, 0x000000076c600000, 0x000000076c600000|100%| O|  |TAMS 0x000000076c400000, 0x000000076c400000| Untracked 
|  99|0x000000076c600000, 0x000000076c800000, 0x000000076c800000|100%| O|  |TAMS 0x000000076c600000, 0x000000076c600000| Untracked 
| 100|0x000000076c800000, 0x000000076ca00000, 0x000000076ca00000|100%| O|  |TAMS 0x000000076ca00000, 0x000000076c800000| Untracked 
| 101|0x000000076ca00000, 0x000000076cc00000, 0x000000076cc00000|100%| O|  |TAMS 0x000000076cc00000, 0x000000076ca00000| Untracked 
| 102|0x000000076cc00000, 0x000000076ce00000, 0x000000076ce00000|100%| O|  |TAMS 0x000000076ce00000, 0x000000076cc00000| Untracked 
| 103|0x000000076ce00000, 0x000000076d000000, 0x000000076d000000|100%| O|  |TAMS 0x000000076ce00000, 0x000000076ce00000| Untracked 
| 104|0x000000076d000000, 0x000000076d200000, 0x000000076d200000|100%| O|  |TAMS 0x000000076d200000, 0x000000076d000000| Untracked 
| 105|0x000000076d200000, 0x000000076d400000, 0x000000076d400000|100%| O|  |TAMS 0x000000076d400000, 0x000000076d200000| Untracked 
| 106|0x000000076d400000, 0x000000076d600000, 0x000000076d600000|100%| O|  |TAMS 0x000000076d600000, 0x000000076d400000| Untracked 
| 107|0x000000076d600000, 0x000000076d800000, 0x000000076d800000|100%|HS|  |TAMS 0x000000076d800000, 0x000000076d600000| Complete 
| 108|0x000000076d800000, 0x000000076da00000, 0x000000076da00000|100%|HC|  |TAMS 0x000000076da00000, 0x000000076d800000| Complete 
| 109|0x000000076da00000, 0x000000076dc00000, 0x000000076dc00000|100%|HS|  |TAMS 0x000000076dc00000, 0x000000076da00000| Complete 
| 110|0x000000076dc00000, 0x000000076de00000, 0x000000076de00000|100%|HC|  |TAMS 0x000000076de00000, 0x000000076dc00000| Complete 
| 111|0x000000076de00000, 0x000000076e000000, 0x000000076e000000|100%| O|  |TAMS 0x000000076e000000, 0x000000076de00000| Untracked 
| 112|0x000000076e000000, 0x000000076e200000, 0x000000076e200000|100%| O|  |TAMS 0x000000076e200000, 0x000000076e000000| Untracked 
| 113|0x000000076e200000, 0x000000076e400000, 0x000000076e400000|100%| O|  |TAMS 0x000000076e400000, 0x000000076e200000| Untracked 
| 114|0x000000076e400000, 0x000000076e600000, 0x000000076e600000|100%| O|  |TAMS 0x000000076e600000, 0x000000076e400000| Untracked 
| 115|0x000000076e600000, 0x000000076e800000, 0x000000076e800000|100%| O|  |TAMS 0x000000076e800000, 0x000000076e600000| Untracked 
| 116|0x000000076e800000, 0x000000076ea00000, 0x000000076ea00000|100%| O|  |TAMS 0x000000076ea00000, 0x000000076e800000| Untracked 
| 117|0x000000076ea00000, 0x000000076ec00000, 0x000000076ec00000|100%| O|  |TAMS 0x000000076ec00000, 0x000000076ea00000| Untracked 
| 118|0x000000076ec00000, 0x000000076ee00000, 0x000000076ee00000|100%| O|  |TAMS 0x000000076ec00000, 0x000000076ec00000| Untracked 
| 119|0x000000076ee00000, 0x000000076f000000, 0x000000076f000000|100%| O|  |TAMS 0x000000076f000000, 0x000000076ee00000| Untracked 
| 120|0x000000076f000000, 0x000000076f200000, 0x000000076f200000|100%| O|  |TAMS 0x000000076f000000, 0x000000076f000000| Untracked 
| 121|0x000000076f200000, 0x000000076f400000, 0x000000076f400000|100%| O|  |TAMS 0x000000076f400000, 0x000000076f200000| Untracked 
| 122|0x000000076f400000, 0x000000076f600000, 0x000000076f600000|100%| O|  |TAMS 0x000000076f400000, 0x000000076f400000| Untracked 
| 123|0x000000076f600000, 0x000000076f800000, 0x000000076f800000|100%| O|  |TAMS 0x000000076f800000, 0x000000076f600000| Untracked 
| 124|0x000000076f800000, 0x000000076f800000, 0x000000076fa00000|  0%| F|  |TAMS 0x000000076f800000, 0x000000076f800000| Untracked 
| 125|0x000000076fa00000, 0x000000076fc00000, 0x000000076fc00000|100%| O|  |TAMS 0x000000076fa00000, 0x000000076fa00000| Untracked 
| 126|0x000000076fc00000, 0x000000076fe00000, 0x000000076fe00000|100%| O|  |TAMS 0x000000076fe00000, 0x000000076fc00000| Untracked 
| 127|0x000000076fe00000, 0x0000000770000000, 0x0000000770000000|100%| O|  |TAMS 0x0000000770000000, 0x000000076fe00000| Untracked 
| 128|0x0000000770000000, 0x0000000770200000, 0x0000000770200000|100%| O|  |TAMS 0x0000000770200000, 0x0000000770000000| Untracked 
| 129|0x0000000770200000, 0x0000000770400000, 0x0000000770400000|100%| O|  |TAMS 0x0000000770400000, 0x0000000770200000| Untracked 
| 130|0x0000000770400000, 0x0000000770600000, 0x0000000770600000|100%| O|  |TAMS 0x0000000770400000, 0x0000000770400000| Untracked 
| 131|0x0000000770600000, 0x0000000770800000, 0x0000000770800000|100%| O|  |TAMS 0x0000000770800000, 0x0000000770600000| Untracked 
| 132|0x0000000770800000, 0x0000000770a00000, 0x0000000770a00000|100%| O|  |TAMS 0x0000000770800000, 0x0000000770800000| Untracked 
| 133|0x0000000770a00000, 0x0000000770c00000, 0x0000000770c00000|100%| O|  |TAMS 0x0000000770a00000, 0x0000000770a00000| Untracked 
| 134|0x0000000770c00000, 0x0000000770e00000, 0x0000000770e00000|100%| O|  |TAMS 0x0000000770c00000, 0x0000000770c00000| Untracked 
| 135|0x0000000770e00000, 0x0000000771000000, 0x0000000771000000|100%| O|  |TAMS 0x0000000770e00000, 0x0000000770e00000| Untracked 
| 136|0x0000000771000000, 0x0000000771200000, 0x0000000771200000|100%| O|  |TAMS 0x0000000771000000, 0x0000000771000000| Untracked 
| 137|0x0000000771200000, 0x0000000771400000, 0x0000000771400000|100%| O|  |TAMS 0x0000000771400000, 0x0000000771200000| Untracked 
| 138|0x0000000771400000, 0x0000000771600000, 0x0000000771600000|100%| O|  |TAMS 0x0000000771600000, 0x0000000771400000| Untracked 
| 139|0x0000000771600000, 0x0000000771800000, 0x0000000771800000|100%| O|  |TAMS 0x0000000771800000, 0x0000000771600000| Untracked 
| 140|0x0000000771800000, 0x0000000771a00000, 0x0000000771a00000|100%| O|  |TAMS 0x0000000771a00000, 0x0000000771800000| Untracked 
| 141|0x0000000771a00000, 0x0000000771c00000, 0x0000000771c00000|100%| O|  |TAMS 0x0000000771c00000, 0x0000000771a00000| Untracked 
| 142|0x0000000771c00000, 0x0000000771e00000, 0x0000000771e00000|100%| O|  |TAMS 0x0000000771e00000, 0x0000000771c00000| Untracked 
| 143|0x0000000771e00000, 0x0000000772000000, 0x0000000772000000|100%| O|  |TAMS 0x0000000772000000, 0x0000000771e00000| Untracked 
| 144|0x0000000772000000, 0x0000000772200000, 0x0000000772200000|100%| O|  |TAMS 0x0000000772200000, 0x0000000772000000| Untracked 
| 145|0x0000000772200000, 0x0000000772400000, 0x0000000772400000|100%| O|  |TAMS 0x0000000772400000, 0x0000000772200000| Untracked 
| 146|0x0000000772400000, 0x0000000772600000, 0x0000000772600000|100%| O|  |TAMS 0x0000000772600000, 0x0000000772400000| Untracked 
| 147|0x0000000772600000, 0x0000000772800000, 0x0000000772800000|100%| O|  |TAMS 0x0000000772800000, 0x0000000772600000| Untracked 
| 148|0x0000000772800000, 0x0000000772a00000, 0x0000000772a00000|100%| O|  |TAMS 0x0000000772a00000, 0x0000000772800000| Untracked 
| 149|0x0000000772a00000, 0x0000000772c00000, 0x0000000772c00000|100%| O|  |TAMS 0x0000000772c00000, 0x0000000772a00000| Untracked 
| 150|0x0000000772c00000, 0x0000000772e00000, 0x0000000772e00000|100%| O|  |TAMS 0x0000000772e00000, 0x0000000772c00000| Untracked 
| 151|0x0000000772e00000, 0x0000000773000000, 0x0000000773000000|100%| O|  |TAMS 0x0000000773000000, 0x0000000772e00000| Untracked 
| 152|0x0000000773000000, 0x0000000773200000, 0x0000000773200000|100%| O|  |TAMS 0x0000000773200000, 0x0000000773000000| Untracked 
| 153|0x0000000773200000, 0x0000000773400000, 0x0000000773400000|100%| O|  |TAMS 0x0000000773400000, 0x0000000773200000| Untracked 
| 154|0x0000000773400000, 0x0000000773600000, 0x0000000773600000|100%| O|  |TAMS 0x0000000773600000, 0x0000000773400000| Untracked 
| 155|0x0000000773600000, 0x0000000773800000, 0x0000000773800000|100%| O|  |TAMS 0x0000000773800000, 0x0000000773600000| Untracked 
| 156|0x0000000773800000, 0x0000000773a00000, 0x0000000773a00000|100%| O|  |TAMS 0x0000000773a00000, 0x0000000773800000| Untracked 
| 157|0x0000000773a00000, 0x0000000773c00000, 0x0000000773c00000|100%| O|  |TAMS 0x0000000773a00000, 0x0000000773a00000| Untracked 
| 158|0x0000000773c00000, 0x0000000773e00000, 0x0000000773e00000|100%| O|  |TAMS 0x0000000773e00000, 0x0000000773c00000| Untracked 
| 159|0x0000000773e00000, 0x0000000774000000, 0x0000000774000000|100%| O|  |TAMS 0x0000000774000000, 0x0000000773e00000| Untracked 
| 160|0x0000000774000000, 0x0000000774200000, 0x0000000774200000|100%| O|  |TAMS 0x0000000774200000, 0x0000000774000000| Untracked 
| 161|0x0000000774200000, 0x0000000774400000, 0x0000000774400000|100%| O|  |TAMS 0x0000000774400000, 0x0000000774200000| Untracked 
| 162|0x0000000774400000, 0x0000000774600000, 0x0000000774600000|100%| O|  |TAMS 0x0000000774600000, 0x0000000774400000| Untracked 
| 163|0x0000000774600000, 0x0000000774800000, 0x0000000774800000|100%| O|  |TAMS 0x0000000774800000, 0x0000000774600000| Untracked 
| 164|0x0000000774800000, 0x0000000774a00000, 0x0000000774a00000|100%| O|  |TAMS 0x0000000774a00000, 0x0000000774800000| Untracked 
| 165|0x0000000774a00000, 0x0000000774c00000, 0x0000000774c00000|100%| O|  |TAMS 0x0000000774c00000, 0x0000000774a00000| Untracked 
| 166|0x0000000774c00000, 0x0000000774c00000, 0x0000000774e00000|  0%| F|  |TAMS 0x0000000774c00000, 0x0000000774c00000| Untracked 
| 167|0x0000000774e00000, 0x0000000775000000, 0x0000000775000000|100%| O|  |TAMS 0x0000000774e00000, 0x0000000774e00000| Untracked 
| 168|0x0000000775000000, 0x0000000775200000, 0x0000000775200000|100%| O|  |TAMS 0x0000000775000000, 0x0000000775000000| Untracked 
| 169|0x0000000775200000, 0x0000000775400000, 0x0000000775400000|100%| O|  |TAMS 0x0000000775200000, 0x0000000775200000| Untracked 
| 170|0x0000000775400000, 0x0000000775600000, 0x0000000775600000|100%| O|  |TAMS 0x0000000775600000, 0x0000000775400000| Untracked 
| 171|0x0000000775600000, 0x0000000775800000, 0x0000000775800000|100%| O|  |TAMS 0x0000000775800000, 0x0000000775600000| Untracked 
| 172|0x0000000775800000, 0x0000000775a00000, 0x0000000775a00000|100%| O|  |TAMS 0x0000000775a00000, 0x0000000775800000| Untracked 
| 173|0x0000000775a00000, 0x0000000775c00000, 0x0000000775c00000|100%| O|  |TAMS 0x0000000775c00000, 0x0000000775a00000| Untracked 
| 174|0x0000000775c00000, 0x0000000775e00000, 0x0000000775e00000|100%| O|  |TAMS 0x0000000775e00000, 0x0000000775c00000| Untracked 
| 175|0x0000000775e00000, 0x0000000776000000, 0x0000000776000000|100%| O|  |TAMS 0x0000000776000000, 0x0000000775e00000| Untracked 
| 176|0x0000000776000000, 0x0000000776200000, 0x0000000776200000|100%| O|  |TAMS 0x0000000776200000, 0x0000000776000000| Untracked 
| 177|0x0000000776200000, 0x0000000776400000, 0x0000000776400000|100%| O|  |TAMS 0x0000000776400000, 0x0000000776200000| Untracked 
| 178|0x0000000776400000, 0x0000000776600000, 0x0000000776600000|100%| O|  |TAMS 0x0000000776600000, 0x0000000776400000| Untracked 
| 179|0x0000000776600000, 0x0000000776800000, 0x0000000776800000|100%| O|  |TAMS 0x0000000776800000, 0x0000000776600000| Untracked 
| 180|0x0000000776800000, 0x0000000776a00000, 0x0000000776a00000|100%| O|  |TAMS 0x0000000776a00000, 0x0000000776800000| Untracked 
| 181|0x0000000776a00000, 0x0000000776c00000, 0x0000000776c00000|100%| O|  |TAMS 0x0000000776c00000, 0x0000000776a00000| Untracked 
| 182|0x0000000776c00000, 0x0000000776c00000, 0x0000000776e00000|  0%| F|  |TAMS 0x0000000776c00000, 0x0000000776c00000| Untracked 
| 183|0x0000000776e00000, 0x0000000777000000, 0x0000000777000000|100%| O|  |TAMS 0x0000000777000000, 0x0000000776e00000| Untracked 
| 184|0x0000000777000000, 0x0000000777200000, 0x0000000777200000|100%| O|  |TAMS 0x0000000777200000, 0x0000000777000000| Untracked 
| 185|0x0000000777200000, 0x0000000777400000, 0x0000000777400000|100%|HS|  |TAMS 0x0000000777400000, 0x0000000777200000| Complete 
| 186|0x0000000777400000, 0x0000000777600000, 0x0000000777600000|100%| O|  |TAMS 0x0000000777600000, 0x0000000777400000| Untracked 
| 187|0x0000000777600000, 0x0000000777800000, 0x0000000777800000|100%| O|  |TAMS 0x0000000777800000, 0x0000000777600000| Untracked 
| 188|0x0000000777800000, 0x0000000777a00000, 0x0000000777a00000|100%| O|  |TAMS 0x0000000777a00000, 0x0000000777800000| Untracked 
| 189|0x0000000777a00000, 0x0000000777c00000, 0x0000000777c00000|100%| O|  |TAMS 0x0000000777c00000, 0x0000000777a00000| Untracked 
| 190|0x0000000777c00000, 0x0000000777e00000, 0x0000000777e00000|100%| O|  |TAMS 0x0000000777e00000, 0x0000000777c00000| Untracked 
| 191|0x0000000777e00000, 0x0000000778000000, 0x0000000778000000|100%| O|  |TAMS 0x0000000778000000, 0x0000000777e00000| Untracked 
| 192|0x0000000778000000, 0x0000000778200000, 0x0000000778200000|100%| O|  |TAMS 0x0000000778200000, 0x0000000778000000| Untracked 
| 193|0x0000000778200000, 0x0000000778400000, 0x0000000778400000|100%| O|  |TAMS 0x0000000778400000, 0x0000000778200000| Untracked 
| 194|0x0000000778400000, 0x0000000778600000, 0x0000000778600000|100%| O|  |TAMS 0x0000000778600000, 0x0000000778400000| Untracked 
| 195|0x0000000778600000, 0x0000000778800000, 0x0000000778800000|100%| O|  |TAMS 0x0000000778800000, 0x0000000778600000| Untracked 
| 196|0x0000000778800000, 0x0000000778a00000, 0x0000000778a00000|100%| O|  |TAMS 0x0000000778a00000, 0x0000000778800000| Untracked 
| 197|0x0000000778a00000, 0x0000000778c00000, 0x0000000778c00000|100%| O|  |TAMS 0x0000000778c00000, 0x0000000778a00000| Untracked 
| 198|0x0000000778c00000, 0x0000000778e00000, 0x0000000778e00000|100%| O|  |TAMS 0x0000000778e00000, 0x0000000778c00000| Untracked 
| 199|0x0000000778e00000, 0x0000000779000000, 0x0000000779000000|100%|HS|  |TAMS 0x0000000779000000, 0x0000000778e00000| Complete 
| 200|0x0000000779000000, 0x0000000779200000, 0x0000000779200000|100%|HS|  |TAMS 0x0000000779200000, 0x0000000779000000| Complete 
| 201|0x0000000779200000, 0x0000000779400000, 0x0000000779400000|100%| O|  |TAMS 0x0000000779400000, 0x0000000779200000| Untracked 
| 202|0x0000000779400000, 0x0000000779600000, 0x0000000779600000|100%| O|  |TAMS 0x0000000779600000, 0x0000000779400000| Untracked 
| 203|0x0000000779600000, 0x0000000779800000, 0x0000000779800000|100%| O|  |TAMS 0x0000000779800000, 0x0000000779600000| Untracked 
| 204|0x0000000779800000, 0x0000000779a00000, 0x0000000779a00000|100%| O|  |TAMS 0x0000000779a00000, 0x0000000779800000| Untracked 
| 205|0x0000000779a00000, 0x0000000779c00000, 0x0000000779c00000|100%| O|  |TAMS 0x0000000779c00000, 0x0000000779a00000| Untracked 
| 206|0x0000000779c00000, 0x0000000779e00000, 0x0000000779e00000|100%| O|  |TAMS 0x0000000779e00000, 0x0000000779c00000| Untracked 
| 207|0x0000000779e00000, 0x000000077a000000, 0x000000077a000000|100%| O|  |TAMS 0x000000077a000000, 0x0000000779e00000| Untracked 
| 208|0x000000077a000000, 0x000000077a200000, 0x000000077a200000|100%| O|  |TAMS 0x000000077a200000, 0x000000077a000000| Untracked 
| 209|0x000000077a200000, 0x000000077a400000, 0x000000077a400000|100%| O|  |TAMS 0x000000077a400000, 0x000000077a200000| Untracked 
| 210|0x000000077a400000, 0x000000077a600000, 0x000000077a600000|100%| O|  |TAMS 0x000000077a600000, 0x000000077a400000| Untracked 
| 211|0x000000077a600000, 0x000000077a800000, 0x000000077a800000|100%| O|  |TAMS 0x000000077a800000, 0x000000077a600000| Untracked 
| 212|0x000000077a800000, 0x000000077aa00000, 0x000000077aa00000|100%| O|  |TAMS 0x000000077aa00000, 0x000000077a800000| Untracked 
| 213|0x000000077aa00000, 0x000000077ac00000, 0x000000077ac00000|100%| O|  |TAMS 0x000000077ac00000, 0x000000077aa00000| Untracked 
| 214|0x000000077ac00000, 0x000000077ae00000, 0x000000077ae00000|100%| O|  |TAMS 0x000000077ae00000, 0x000000077ac00000| Untracked 
| 215|0x000000077ae00000, 0x000000077b000000, 0x000000077b000000|100%| O|  |TAMS 0x000000077b000000, 0x000000077ae00000| Untracked 
| 216|0x000000077b000000, 0x000000077b200000, 0x000000077b200000|100%| O|  |TAMS 0x000000077b200000, 0x000000077b000000| Untracked 
| 217|0x000000077b200000, 0x000000077b400000, 0x000000077b400000|100%| O|  |TAMS 0x000000077b400000, 0x000000077b200000| Untracked 
| 218|0x000000077b400000, 0x000000077b400000, 0x000000077b600000|  0%| F|  |TAMS 0x000000077b400000, 0x000000077b400000| Untracked 
| 219|0x000000077b600000, 0x000000077b800000, 0x000000077b800000|100%| O|  |TAMS 0x000000077b800000, 0x000000077b600000| Untracked 
| 220|0x000000077b800000, 0x000000077ba00000, 0x000000077ba00000|100%| O|  |TAMS 0x000000077ba00000, 0x000000077b800000| Untracked 
| 221|0x000000077ba00000, 0x000000077bc00000, 0x000000077bc00000|100%| O|  |TAMS 0x000000077bc00000, 0x000000077ba00000| Untracked 
| 222|0x000000077bc00000, 0x000000077be00000, 0x000000077be00000|100%| O|  |TAMS 0x000000077be00000, 0x000000077bc00000| Untracked 
| 223|0x000000077be00000, 0x000000077c000000, 0x000000077c000000|100%| O|  |TAMS 0x000000077c000000, 0x000000077be00000| Untracked 
| 224|0x000000077c000000, 0x000000077c200000, 0x000000077c200000|100%| O|  |TAMS 0x000000077c200000, 0x000000077c000000| Untracked 
| 225|0x000000077c200000, 0x000000077c400000, 0x000000077c400000|100%| O|  |TAMS 0x000000077c400000, 0x000000077c200000| Untracked 
| 226|0x000000077c400000, 0x000000077c600000, 0x000000077c600000|100%| O|  |TAMS 0x000000077c600000, 0x000000077c400000| Untracked 
| 227|0x000000077c600000, 0x000000077c800000, 0x000000077c800000|100%| O|  |TAMS 0x000000077c800000, 0x000000077c600000| Untracked 
| 228|0x000000077c800000, 0x000000077ca00000, 0x000000077ca00000|100%| O|  |TAMS 0x000000077ca00000, 0x000000077c800000| Untracked 
| 229|0x000000077ca00000, 0x000000077cc00000, 0x000000077cc00000|100%| O|  |TAMS 0x000000077cc00000, 0x000000077ca00000| Untracked 
| 230|0x000000077cc00000, 0x000000077ce00000, 0x000000077ce00000|100%| O|  |TAMS 0x000000077ce00000, 0x000000077cc00000| Untracked 
| 231|0x000000077ce00000, 0x000000077d000000, 0x000000077d000000|100%| O|  |TAMS 0x000000077d000000, 0x000000077ce00000| Untracked 
| 232|0x000000077d000000, 0x000000077d200000, 0x000000077d200000|100%| O|  |TAMS 0x000000077d200000, 0x000000077d000000| Untracked 
| 233|0x000000077d200000, 0x000000077d400000, 0x000000077d400000|100%| O|  |TAMS 0x000000077d400000, 0x000000077d200000| Untracked 
| 234|0x000000077d400000, 0x000000077d600000, 0x000000077d600000|100%| O|  |TAMS 0x000000077d600000, 0x000000077d400000| Untracked 
| 235|0x000000077d600000, 0x000000077d800000, 0x000000077d800000|100%| O|  |TAMS 0x000000077d800000, 0x000000077d600000| Untracked 
| 236|0x000000077d800000, 0x000000077da00000, 0x000000077da00000|100%| O|  |TAMS 0x000000077da00000, 0x000000077d800000| Untracked 
| 237|0x000000077da00000, 0x000000077dc00000, 0x000000077dc00000|100%| O|  |TAMS 0x000000077dc00000, 0x000000077da00000| Untracked 
| 238|0x000000077dc00000, 0x000000077de00000, 0x000000077de00000|100%| O|  |TAMS 0x000000077de00000, 0x000000077dc00000| Untracked 
| 239|0x000000077de00000, 0x000000077e000000, 0x000000077e000000|100%| O|  |TAMS 0x000000077e000000, 0x000000077de00000| Untracked 
| 240|0x000000077e000000, 0x000000077e200000, 0x000000077e200000|100%| O|  |TAMS 0x000000077e200000, 0x000000077e000000| Untracked 
| 241|0x000000077e200000, 0x000000077e400000, 0x000000077e400000|100%| O|  |TAMS 0x000000077e400000, 0x000000077e200000| Untracked 
| 242|0x000000077e400000, 0x000000077e600000, 0x000000077e600000|100%| O|  |TAMS 0x000000077e600000, 0x000000077e400000| Untracked 
| 243|0x000000077e600000, 0x000000077e800000, 0x000000077e800000|100%| O|  |TAMS 0x000000077e800000, 0x000000077e600000| Untracked 
| 244|0x000000077e800000, 0x000000077ea00000, 0x000000077ea00000|100%| O|  |TAMS 0x000000077ea00000, 0x000000077e800000| Untracked 
| 245|0x000000077ea00000, 0x000000077ec00000, 0x000000077ec00000|100%| O|  |TAMS 0x000000077ec00000, 0x000000077ea00000| Untracked 
| 246|0x000000077ec00000, 0x000000077ee00000, 0x000000077ee00000|100%| O|  |TAMS 0x000000077ee00000, 0x000000077ec00000| Untracked 
| 247|0x000000077ee00000, 0x000000077ee00000, 0x000000077f000000|  0%| F|  |TAMS 0x000000077ee00000, 0x000000077ee00000| Untracked 
| 248|0x000000077f000000, 0x000000077f200000, 0x000000077f200000|100%| O|  |TAMS 0x000000077f000000, 0x000000077f000000| Untracked 
| 249|0x000000077f200000, 0x000000077f400000, 0x000000077f400000|100%| O|  |TAMS 0x000000077f200000, 0x000000077f200000| Untracked 
| 250|0x000000077f400000, 0x000000077f600000, 0x000000077f600000|100%| O|  |TAMS 0x000000077f600000, 0x000000077f400000| Untracked 
| 251|0x000000077f600000, 0x000000077f800000, 0x000000077f800000|100%|HS|  |TAMS 0x000000077f800000, 0x000000077f600000| Complete 
| 252|0x000000077f800000, 0x000000077fa00000, 0x000000077fa00000|100%|HS|  |TAMS 0x000000077fa00000, 0x000000077f800000| Complete 
| 253|0x000000077fa00000, 0x000000077fc00000, 0x000000077fc00000|100%| O|  |TAMS 0x000000077fc00000, 0x000000077fa00000| Untracked 
| 254|0x000000077fc00000, 0x000000077fe00000, 0x000000077fe00000|100%| O|  |TAMS 0x000000077fe00000, 0x000000077fc00000| Untracked 
| 255|0x000000077fe00000, 0x0000000780000000, 0x0000000780000000|100%| O|  |TAMS 0x0000000780000000, 0x000000077fe00000| Untracked 
| 256|0x0000000780000000, 0x0000000780200000, 0x0000000780200000|100%| O|  |TAMS 0x0000000780200000, 0x0000000780000000| Untracked 
| 257|0x0000000780200000, 0x0000000780400000, 0x0000000780400000|100%| O|  |TAMS 0x0000000780400000, 0x0000000780200000| Untracked 
| 258|0x0000000780400000, 0x0000000780600000, 0x0000000780600000|100%| O|  |TAMS 0x0000000780600000, 0x0000000780400000| Untracked 
| 259|0x0000000780600000, 0x0000000780800000, 0x0000000780800000|100%| O|  |TAMS 0x0000000780800000, 0x0000000780600000| Untracked 
| 260|0x0000000780800000, 0x0000000780a00000, 0x0000000780a00000|100%| O|  |TAMS 0x0000000780a00000, 0x0000000780800000| Untracked 
| 261|0x0000000780a00000, 0x0000000780c00000, 0x0000000780c00000|100%| O|  |TAMS 0x0000000780c00000, 0x0000000780a00000| Untracked 
| 262|0x0000000780c00000, 0x0000000780e00000, 0x0000000780e00000|100%| O|  |TAMS 0x0000000780e00000, 0x0000000780c00000| Untracked 
| 263|0x0000000780e00000, 0x0000000781000000, 0x0000000781000000|100%| O|  |TAMS 0x0000000781000000, 0x0000000780e00000| Untracked 
| 264|0x0000000781000000, 0x0000000781200000, 0x0000000781200000|100%| O|  |TAMS 0x0000000781200000, 0x0000000781000000| Untracked 
| 265|0x0000000781200000, 0x0000000781400000, 0x0000000781400000|100%| O|  |TAMS 0x0000000781400000, 0x0000000781200000| Untracked 
| 266|0x0000000781400000, 0x0000000781600000, 0x0000000781600000|100%| O|  |TAMS 0x0000000781600000, 0x0000000781400000| Untracked 
| 267|0x0000000781600000, 0x0000000781800000, 0x0000000781800000|100%| O|  |TAMS 0x0000000781800000, 0x0000000781600000| Untracked 
| 268|0x0000000781800000, 0x0000000781a00000, 0x0000000781a00000|100%| O|  |TAMS 0x0000000781a00000, 0x0000000781800000| Untracked 
| 269|0x0000000781a00000, 0x0000000781c00000, 0x0000000781c00000|100%| O|  |TAMS 0x0000000781c00000, 0x0000000781a00000| Untracked 
| 270|0x0000000781c00000, 0x0000000781e00000, 0x0000000781e00000|100%| O|  |TAMS 0x0000000781e00000, 0x0000000781c00000| Untracked 
| 271|0x0000000781e00000, 0x0000000782000000, 0x0000000782000000|100%| O|  |TAMS 0x0000000782000000, 0x0000000781e00000| Untracked 
| 272|0x0000000782000000, 0x0000000782200000, 0x0000000782200000|100%| O|  |TAMS 0x0000000782200000, 0x0000000782000000| Untracked 
| 273|0x0000000782200000, 0x0000000782400000, 0x0000000782400000|100%| O|  |TAMS 0x0000000782400000, 0x0000000782200000| Untracked 
| 274|0x0000000782400000, 0x0000000782600000, 0x0000000782600000|100%| O|  |TAMS 0x0000000782600000, 0x0000000782400000| Untracked 
| 275|0x0000000782600000, 0x0000000782600000, 0x0000000782800000|  0%| F|  |TAMS 0x0000000782600000, 0x0000000782600000| Untracked 
| 276|0x0000000782800000, 0x0000000782800000, 0x0000000782a00000|  0%| F|  |TAMS 0x0000000782800000, 0x0000000782800000| Untracked 
| 277|0x0000000782a00000, 0x0000000782c00000, 0x0000000782c00000|100%| O|  |TAMS 0x0000000782a00000, 0x0000000782a00000| Untracked 
| 278|0x0000000782c00000, 0x0000000782c00000, 0x0000000782e00000|  0%| F|  |TAMS 0x0000000782c00000, 0x0000000782c00000| Untracked 
| 279|0x0000000782e00000, 0x0000000783000000, 0x0000000783000000|100%| O|  |TAMS 0x0000000783000000, 0x0000000782e00000| Untracked 
| 280|0x0000000783000000, 0x0000000783200000, 0x0000000783200000|100%| O|  |TAMS 0x0000000783200000, 0x0000000783000000| Untracked 
| 281|0x0000000783200000, 0x0000000783400000, 0x0000000783400000|100%| O|  |TAMS 0x0000000783200000, 0x0000000783200000| Untracked 
| 282|0x0000000783400000, 0x0000000783400000, 0x0000000783600000|  0%| F|  |TAMS 0x0000000783400000, 0x0000000783400000| Untracked 
| 283|0x0000000783600000, 0x0000000783600000, 0x0000000783800000|  0%| F|  |TAMS 0x0000000783600000, 0x0000000783600000| Untracked 
| 284|0x0000000783800000, 0x0000000783a00000, 0x0000000783a00000|100%| O|  |TAMS 0x0000000783800000, 0x0000000783800000| Untracked 
| 285|0x0000000783a00000, 0x0000000783a00000, 0x0000000783c00000|  0%| F|  |TAMS 0x0000000783a00000, 0x0000000783a00000| Untracked 
| 286|0x0000000783c00000, 0x0000000783e00000, 0x0000000783e00000|100%| O|  |TAMS 0x0000000783e00000, 0x0000000783c00000| Untracked 
| 287|0x0000000783e00000, 0x0000000784000000, 0x0000000784000000|100%| O|  |TAMS 0x0000000784000000, 0x0000000783e00000| Untracked 
| 288|0x0000000784000000, 0x0000000784200000, 0x0000000784200000|100%| O|  |TAMS 0x0000000784200000, 0x0000000784000000| Untracked 
| 289|0x0000000784200000, 0x0000000784400000, 0x0000000784400000|100%| O|  |TAMS 0x0000000784400000, 0x0000000784200000| Untracked 
| 290|0x0000000784400000, 0x0000000784600000, 0x0000000784600000|100%| O|  |TAMS 0x0000000784600000, 0x0000000784400000| Untracked 
| 291|0x0000000784600000, 0x0000000784800000, 0x0000000784800000|100%| O|  |TAMS 0x0000000784800000, 0x0000000784600000| Untracked 
| 292|0x0000000784800000, 0x0000000784a00000, 0x0000000784a00000|100%| O|  |TAMS 0x0000000784a00000, 0x0000000784800000| Untracked 
| 293|0x0000000784a00000, 0x0000000784c00000, 0x0000000784c00000|100%| O|  |TAMS 0x0000000784c00000, 0x0000000784a00000| Untracked 
| 294|0x0000000784c00000, 0x0000000784e00000, 0x0000000784e00000|100%| O|  |TAMS 0x0000000784e00000, 0x0000000784c00000| Untracked 
| 295|0x0000000784e00000, 0x0000000785000000, 0x0000000785000000|100%| O|  |TAMS 0x0000000785000000, 0x0000000784e00000| Untracked 
| 296|0x0000000785000000, 0x0000000785200000, 0x0000000785200000|100%| O|  |TAMS 0x0000000785200000, 0x0000000785000000| Untracked 
| 297|0x0000000785200000, 0x0000000785400000, 0x0000000785400000|100%| O|  |TAMS 0x0000000785400000, 0x0000000785200000| Untracked 
| 298|0x0000000785400000, 0x0000000785600000, 0x0000000785600000|100%| O|  |TAMS 0x0000000785600000, 0x0000000785400000| Untracked 
| 299|0x0000000785600000, 0x0000000785800000, 0x0000000785800000|100%| O|  |TAMS 0x0000000785800000, 0x0000000785600000| Untracked 
| 300|0x0000000785800000, 0x0000000785a00000, 0x0000000785a00000|100%| O|  |TAMS 0x0000000785a00000, 0x0000000785800000| Untracked 
| 301|0x0000000785a00000, 0x0000000785c00000, 0x0000000785c00000|100%| O|  |TAMS 0x0000000785c00000, 0x0000000785a00000| Untracked 
| 302|0x0000000785c00000, 0x0000000785e00000, 0x0000000785e00000|100%| O|  |TAMS 0x0000000785c00000, 0x0000000785c00000| Untracked 
| 303|0x0000000785e00000, 0x0000000786000000, 0x0000000786000000|100%| O|  |TAMS 0x0000000785e00000, 0x0000000785e00000| Untracked 
| 304|0x0000000786000000, 0x0000000786200000, 0x0000000786200000|100%| O|  |TAMS 0x0000000786200000, 0x0000000786000000| Untracked 
| 305|0x0000000786200000, 0x0000000786400000, 0x0000000786400000|100%| O|  |TAMS 0x0000000786400000, 0x0000000786200000| Untracked 
| 306|0x0000000786400000, 0x0000000786600000, 0x0000000786600000|100%| O|  |TAMS 0x0000000786600000, 0x0000000786400000| Untracked 
| 307|0x0000000786600000, 0x0000000786800000, 0x0000000786800000|100%| O|  |TAMS 0x0000000786800000, 0x0000000786600000| Untracked 
| 308|0x0000000786800000, 0x0000000786a00000, 0x0000000786a00000|100%| O|  |TAMS 0x0000000786a00000, 0x0000000786800000| Untracked 
| 309|0x0000000786a00000, 0x0000000786c00000, 0x0000000786c00000|100%| O|  |TAMS 0x0000000786c00000, 0x0000000786a00000| Untracked 
| 310|0x0000000786c00000, 0x0000000786e00000, 0x0000000786e00000|100%|HS|  |TAMS 0x0000000786e00000, 0x0000000786c00000| Complete 
| 311|0x0000000786e00000, 0x0000000787000000, 0x0000000787000000|100%|HC|  |TAMS 0x0000000787000000, 0x0000000786e00000| Complete 
| 312|0x0000000787000000, 0x0000000787200000, 0x0000000787200000|100%|HC|  |TAMS 0x0000000787200000, 0x0000000787000000| Complete 
| 313|0x0000000787200000, 0x0000000787400000, 0x0000000787400000|100%|HC|  |TAMS 0x0000000787400000, 0x0000000787200000| Complete 
| 314|0x0000000787400000, 0x0000000787400000, 0x0000000787600000|  0%| F|  |TAMS 0x0000000787400000, 0x0000000787400000| Untracked 
| 315|0x0000000787600000, 0x0000000787800000, 0x0000000787800000|100%| O|  |TAMS 0x0000000787800000, 0x0000000787600000| Untracked 
| 316|0x0000000787800000, 0x0000000787a00000, 0x0000000787a00000|100%| O|  |TAMS 0x0000000787a00000, 0x0000000787800000| Untracked 
| 317|0x0000000787a00000, 0x0000000787c00000, 0x0000000787c00000|100%| O|  |TAMS 0x0000000787c00000, 0x0000000787a00000| Untracked 
| 318|0x0000000787c00000, 0x0000000787e00000, 0x0000000787e00000|100%| O|  |TAMS 0x0000000787e00000, 0x0000000787c00000| Untracked 
| 319|0x0000000787e00000, 0x0000000788000000, 0x0000000788000000|100%| O|  |TAMS 0x0000000788000000, 0x0000000787e00000| Untracked 
| 320|0x0000000788000000, 0x0000000788200000, 0x0000000788200000|100%| O|  |TAMS 0x0000000788200000, 0x0000000788000000| Untracked 
| 321|0x0000000788200000, 0x0000000788400000, 0x0000000788400000|100%| O|  |TAMS 0x0000000788400000, 0x0000000788200000| Untracked 
| 322|0x0000000788400000, 0x0000000788600000, 0x0000000788600000|100%| O|  |TAMS 0x0000000788600000, 0x0000000788400000| Untracked 
| 323|0x0000000788600000, 0x0000000788800000, 0x0000000788800000|100%| O|  |TAMS 0x0000000788800000, 0x0000000788600000| Untracked 
| 324|0x0000000788800000, 0x0000000788a00000, 0x0000000788a00000|100%| O|  |TAMS 0x0000000788a00000, 0x0000000788800000| Untracked 
| 325|0x0000000788a00000, 0x0000000788c00000, 0x0000000788c00000|100%| O|  |TAMS 0x0000000788c00000, 0x0000000788a00000| Untracked 
| 326|0x0000000788c00000, 0x0000000788e00000, 0x0000000788e00000|100%| O|  |TAMS 0x0000000788e00000, 0x0000000788c00000| Untracked 
| 327|0x0000000788e00000, 0x0000000789000000, 0x0000000789000000|100%| O|  |TAMS 0x0000000789000000, 0x0000000788e00000| Untracked 
| 328|0x0000000789000000, 0x0000000789200000, 0x0000000789200000|100%| O|  |TAMS 0x0000000789200000, 0x0000000789000000| Untracked 
| 329|0x0000000789200000, 0x0000000789400000, 0x0000000789400000|100%| O|  |TAMS 0x0000000789400000, 0x0000000789200000| Untracked 
| 330|0x0000000789400000, 0x0000000789600000, 0x0000000789600000|100%| O|  |TAMS 0x0000000789600000, 0x0000000789400000| Untracked 
| 331|0x0000000789600000, 0x0000000789800000, 0x0000000789800000|100%| O|  |TAMS 0x0000000789600000, 0x0000000789600000| Untracked 
| 332|0x0000000789800000, 0x0000000789a00000, 0x0000000789a00000|100%| O|  |TAMS 0x0000000789a00000, 0x0000000789800000| Untracked 
| 333|0x0000000789a00000, 0x0000000789c00000, 0x0000000789c00000|100%| O|  |TAMS 0x0000000789c00000, 0x0000000789a00000| Untracked 
| 334|0x0000000789c00000, 0x0000000789c00000, 0x0000000789e00000|  0%| F|  |TAMS 0x0000000789c00000, 0x0000000789c00000| Untracked 
| 335|0x0000000789e00000, 0x000000078a000000, 0x000000078a000000|100%| O|  |TAMS 0x000000078a000000, 0x0000000789e00000| Untracked 
| 336|0x000000078a000000, 0x000000078a000000, 0x000000078a200000|  0%| F|  |TAMS 0x000000078a000000, 0x000000078a000000| Untracked 
| 337|0x000000078a200000, 0x000000078a400000, 0x000000078a400000|100%| O|  |TAMS 0x000000078a400000, 0x000000078a200000| Untracked 
| 338|0x000000078a400000, 0x000000078a600000, 0x000000078a600000|100%| O|  |TAMS 0x000000078a600000, 0x000000078a400000| Untracked 
| 339|0x000000078a600000, 0x000000078a800000, 0x000000078a800000|100%| O|  |TAMS 0x000000078a600000, 0x000000078a600000| Untracked 
| 340|0x000000078a800000, 0x000000078a85f600, 0x000000078aa00000| 18%| O|  |TAMS 0x000000078a800000, 0x000000078a800000| Untracked 
| 341|0x000000078aa00000, 0x000000078ac00000, 0x000000078ac00000|100%| O|  |TAMS 0x000000078ac00000, 0x000000078aa00000| Untracked 
| 342|0x000000078ac00000, 0x000000078ae00000, 0x000000078ae00000|100%| O|  |TAMS 0x000000078ae00000, 0x000000078ac00000| Untracked 
| 343|0x000000078ae00000, 0x000000078ae00000, 0x000000078b000000|  0%| F|  |TAMS 0x000000078ae00000, 0x000000078ae00000| Untracked 
| 344|0x000000078b000000, 0x000000078b000000, 0x000000078b200000|  0%| F|  |TAMS 0x000000078b000000, 0x000000078b000000| Untracked 
| 345|0x000000078b200000, 0x000000078b200000, 0x000000078b400000|  0%| F|  |TAMS 0x000000078b200000, 0x000000078b200000| Untracked 
| 346|0x000000078b400000, 0x000000078b400000, 0x000000078b600000|  0%| F|  |TAMS 0x000000078b400000, 0x000000078b400000| Untracked 
| 347|0x000000078b600000, 0x000000078b600000, 0x000000078b800000|  0%| F|  |TAMS 0x000000078b600000, 0x000000078b600000| Untracked 
| 348|0x000000078b800000, 0x000000078b800000, 0x000000078ba00000|  0%| F|  |TAMS 0x000000078b800000, 0x000000078b800000| Untracked 
| 349|0x000000078ba00000, 0x000000078ba00000, 0x000000078bc00000|  0%| F|  |TAMS 0x000000078ba00000, 0x000000078ba00000| Untracked 
| 350|0x000000078bc00000, 0x000000078bc00000, 0x000000078be00000|  0%| F|  |TAMS 0x000000078bc00000, 0x000000078bc00000| Untracked 
| 351|0x000000078be00000, 0x000000078be00000, 0x000000078c000000|  0%| F|  |TAMS 0x000000078be00000, 0x000000078be00000| Untracked 
| 352|0x000000078c000000, 0x000000078c000000, 0x000000078c200000|  0%| F|  |TAMS 0x000000078c000000, 0x000000078c000000| Untracked 
| 353|0x000000078c200000, 0x000000078c200000, 0x000000078c400000|  0%| F|  |TAMS 0x000000078c200000, 0x000000078c200000| Untracked 
| 354|0x000000078c400000, 0x000000078c400000, 0x000000078c600000|  0%| F|  |TAMS 0x000000078c400000, 0x000000078c400000| Untracked 
| 355|0x000000078c600000, 0x000000078c600000, 0x000000078c800000|  0%| F|  |TAMS 0x000000078c600000, 0x000000078c600000| Untracked 
| 356|0x000000078c800000, 0x000000078c800000, 0x000000078ca00000|  0%| F|  |TAMS 0x000000078c800000, 0x000000078c800000| Untracked 
| 357|0x000000078ca00000, 0x000000078ca00000, 0x000000078cc00000|  0%| F|  |TAMS 0x000000078ca00000, 0x000000078ca00000| Untracked 
| 358|0x000000078cc00000, 0x000000078cc00000, 0x000000078ce00000|  0%| F|  |TAMS 0x000000078cc00000, 0x000000078cc00000| Untracked 
| 359|0x000000078ce00000, 0x000000078ce00000, 0x000000078d000000|  0%| F|  |TAMS 0x000000078ce00000, 0x000000078ce00000| Untracked 
| 360|0x000000078d000000, 0x000000078d000000, 0x000000078d200000|  0%| F|  |TAMS 0x000000078d000000, 0x000000078d000000| Untracked 
| 361|0x000000078d200000, 0x000000078d200000, 0x000000078d400000|  0%| F|  |TAMS 0x000000078d200000, 0x000000078d200000| Untracked 
| 362|0x000000078d400000, 0x000000078d600000, 0x000000078d600000|100%| O|  |TAMS 0x000000078d600000, 0x000000078d400000| Untracked 
| 363|0x000000078d600000, 0x000000078d800000, 0x000000078d800000|100%| O|  |TAMS 0x000000078d800000, 0x000000078d600000| Untracked 
| 364|0x000000078d800000, 0x000000078d800000, 0x000000078da00000|  0%| F|  |TAMS 0x000000078d800000, 0x000000078d800000| Untracked 
| 365|0x000000078da00000, 0x000000078da00000, 0x000000078dc00000|  0%| F|  |TAMS 0x000000078da00000, 0x000000078da00000| Untracked 
| 366|0x000000078dc00000, 0x000000078dc00000, 0x000000078de00000|  0%| F|  |TAMS 0x000000078dc00000, 0x000000078dc00000| Untracked 
| 367|0x000000078de00000, 0x000000078de00000, 0x000000078e000000|  0%| F|  |TAMS 0x000000078de00000, 0x000000078de00000| Untracked 
| 368|0x000000078e000000, 0x000000078e000000, 0x000000078e200000|  0%| F|  |TAMS 0x000000078e000000, 0x000000078e000000| Untracked 
| 369|0x000000078e200000, 0x000000078e200000, 0x000000078e400000|  0%| F|  |TAMS 0x000000078e200000, 0x000000078e200000| Untracked 
| 370|0x000000078e400000, 0x000000078e400000, 0x000000078e600000|  0%| F|  |TAMS 0x000000078e400000, 0x000000078e400000| Untracked 
| 371|0x000000078e600000, 0x000000078e600000, 0x000000078e800000|  0%| F|  |TAMS 0x000000078e600000, 0x000000078e600000| Untracked 
| 372|0x000000078e800000, 0x000000078ea00000, 0x000000078ea00000|100%| O|  |TAMS 0x000000078ea00000, 0x000000078e800000| Untracked 
| 373|0x000000078ea00000, 0x000000078ec00000, 0x000000078ec00000|100%| O|  |TAMS 0x000000078ec00000, 0x000000078ea00000| Untracked 
| 374|0x000000078ec00000, 0x000000078ee00000, 0x000000078ee00000|100%| O|  |TAMS 0x000000078ee00000, 0x000000078ec00000| Untracked 
| 375|0x000000078ee00000, 0x000000078f000000, 0x000000078f000000|100%| O|  |TAMS 0x000000078f000000, 0x000000078ee00000| Untracked 
| 376|0x000000078f000000, 0x000000078f200000, 0x000000078f200000|100%| O|  |TAMS 0x000000078f200000, 0x000000078f000000| Untracked 
| 377|0x000000078f200000, 0x000000078f400000, 0x000000078f400000|100%| O|  |TAMS 0x000000078f400000, 0x000000078f200000| Untracked 
| 378|0x000000078f400000, 0x000000078f600000, 0x000000078f600000|100%| O|  |TAMS 0x000000078f600000, 0x000000078f400000| Untracked 
| 379|0x000000078f600000, 0x000000078f800000, 0x000000078f800000|100%| O|  |TAMS 0x000000078f800000, 0x000000078f600000| Untracked 
| 380|0x000000078f800000, 0x000000078fa00000, 0x000000078fa00000|100%| O|  |TAMS 0x000000078fa00000, 0x000000078f800000| Untracked 
| 381|0x000000078fa00000, 0x000000078fc00000, 0x000000078fc00000|100%| O|  |TAMS 0x000000078fc00000, 0x000000078fa00000| Untracked 
| 382|0x000000078fc00000, 0x000000078fe00000, 0x000000078fe00000|100%| O|  |TAMS 0x000000078fe00000, 0x000000078fc00000| Untracked 
| 383|0x000000078fe00000, 0x0000000790000000, 0x0000000790000000|100%| O|  |TAMS 0x0000000790000000, 0x000000078fe00000| Untracked 
| 384|0x0000000790000000, 0x0000000790200000, 0x0000000790200000|100%| O|  |TAMS 0x0000000790200000, 0x0000000790000000| Untracked 
| 385|0x0000000790200000, 0x0000000790200000, 0x0000000790400000|  0%| F|  |TAMS 0x0000000790200000, 0x0000000790200000| Untracked 
| 386|0x0000000790400000, 0x0000000790600000, 0x0000000790600000|100%| O|  |TAMS 0x0000000790600000, 0x0000000790400000| Untracked 
| 387|0x0000000790600000, 0x0000000790800000, 0x0000000790800000|100%| O|  |TAMS 0x0000000790800000, 0x0000000790600000| Untracked 
| 388|0x0000000790800000, 0x0000000790a00000, 0x0000000790a00000|100%| O|  |TAMS 0x0000000790a00000, 0x0000000790800000| Untracked 
| 389|0x0000000790a00000, 0x0000000790a00000, 0x0000000790c00000|  0%| F|  |TAMS 0x0000000790a00000, 0x0000000790a00000| Untracked 
| 390|0x0000000790c00000, 0x0000000790e00000, 0x0000000790e00000|100%|HS|  |TAMS 0x0000000790e00000, 0x0000000790c00000| Complete 
| 391|0x0000000790e00000, 0x0000000791000000, 0x0000000791000000|100%|HS|  |TAMS 0x0000000791000000, 0x0000000790e00000| Complete 
| 392|0x0000000791000000, 0x0000000791000000, 0x0000000791200000|  0%| F|  |TAMS 0x0000000791000000, 0x0000000791000000| Untracked 
| 393|0x0000000791200000, 0x0000000791200000, 0x0000000791400000|  0%| F|  |TAMS 0x0000000791200000, 0x0000000791200000| Untracked 
| 394|0x0000000791400000, 0x0000000791400000, 0x0000000791600000|  0%| F|  |TAMS 0x0000000791400000, 0x0000000791400000| Untracked 
| 395|0x0000000791600000, 0x0000000791600000, 0x0000000791800000|  0%| F|  |TAMS 0x0000000791600000, 0x0000000791600000| Untracked 
| 396|0x0000000791800000, 0x0000000791800000, 0x0000000791a00000|  0%| F|  |TAMS 0x0000000791800000, 0x0000000791800000| Untracked 
| 397|0x0000000791a00000, 0x0000000791c00000, 0x0000000791c00000|100%| O|  |TAMS 0x0000000791c00000, 0x0000000791a00000| Untracked 
| 398|0x0000000791c00000, 0x0000000791e00000, 0x0000000791e00000|100%| O|  |TAMS 0x0000000791e00000, 0x0000000791c00000| Untracked 
| 399|0x0000000791e00000, 0x0000000792000000, 0x0000000792000000|100%| O|  |TAMS 0x0000000792000000, 0x0000000791e00000| Untracked 
| 400|0x0000000792000000, 0x0000000792000000, 0x0000000792200000|  0%| F|  |TAMS 0x0000000792000000, 0x0000000792000000| Untracked 
| 401|0x0000000792200000, 0x0000000792400000, 0x0000000792400000|100%| O|  |TAMS 0x0000000792400000, 0x0000000792200000| Untracked 
| 402|0x0000000792400000, 0x0000000792600000, 0x0000000792600000|100%| O|  |TAMS 0x0000000792600000, 0x0000000792400000| Untracked 
| 403|0x0000000792600000, 0x0000000792800000, 0x0000000792800000|100%| O|  |TAMS 0x0000000792800000, 0x0000000792600000| Untracked 
| 404|0x0000000792800000, 0x0000000792a00000, 0x0000000792a00000|100%| O|  |TAMS 0x0000000792a00000, 0x0000000792800000| Untracked 
| 405|0x0000000792a00000, 0x0000000792c00000, 0x0000000792c00000|100%| O|  |TAMS 0x0000000792c00000, 0x0000000792a00000| Untracked 
| 406|0x0000000792c00000, 0x0000000792e00000, 0x0000000792e00000|100%| O|  |TAMS 0x0000000792e00000, 0x0000000792c00000| Untracked 
| 407|0x0000000792e00000, 0x0000000793000000, 0x0000000793000000|100%| O|  |TAMS 0x0000000793000000, 0x0000000792e00000| Untracked 
| 408|0x0000000793000000, 0x0000000793200000, 0x0000000793200000|100%| O|  |TAMS 0x0000000793200000, 0x0000000793000000| Untracked 
| 409|0x0000000793200000, 0x0000000793400000, 0x0000000793400000|100%| O|  |TAMS 0x0000000793400000, 0x0000000793200000| Untracked 
| 410|0x0000000793400000, 0x0000000793600000, 0x0000000793600000|100%| O|  |TAMS 0x0000000793600000, 0x0000000793400000| Untracked 
| 411|0x0000000793600000, 0x0000000793800000, 0x0000000793800000|100%| O|  |TAMS 0x0000000793800000, 0x0000000793600000| Untracked 
| 412|0x0000000793800000, 0x0000000793a00000, 0x0000000793a00000|100%| O|  |TAMS 0x0000000793a00000, 0x0000000793800000| Untracked 
| 413|0x0000000793a00000, 0x0000000793c00000, 0x0000000793c00000|100%| O|  |TAMS 0x0000000793c00000, 0x0000000793a00000| Untracked 
| 414|0x0000000793c00000, 0x0000000793e00000, 0x0000000793e00000|100%| O|  |TAMS 0x0000000793e00000, 0x0000000793c00000| Untracked 
| 415|0x0000000793e00000, 0x0000000794000000, 0x0000000794000000|100%| O|  |TAMS 0x0000000794000000, 0x0000000793e00000| Untracked 
| 416|0x0000000794000000, 0x0000000794200000, 0x0000000794200000|100%| O|  |TAMS 0x0000000794200000, 0x0000000794000000| Untracked 
| 417|0x0000000794200000, 0x0000000794400000, 0x0000000794400000|100%| O|  |TAMS 0x0000000794400000, 0x0000000794200000| Untracked 
| 418|0x0000000794400000, 0x0000000794600000, 0x0000000794600000|100%| O|  |TAMS 0x0000000794600000, 0x0000000794400000| Untracked 
| 419|0x0000000794600000, 0x0000000794800000, 0x0000000794800000|100%| O|  |TAMS 0x0000000794800000, 0x0000000794600000| Untracked 
| 420|0x0000000794800000, 0x0000000794a00000, 0x0000000794a00000|100%| O|  |TAMS 0x0000000794a00000, 0x0000000794800000| Untracked 
| 421|0x0000000794a00000, 0x0000000794a00000, 0x0000000794c00000|  0%| F|  |TAMS 0x0000000794a00000, 0x0000000794a00000| Untracked 
| 422|0x0000000794c00000, 0x0000000794e00000, 0x0000000794e00000|100%| O|  |TAMS 0x0000000794e00000, 0x0000000794c00000| Untracked 
| 423|0x0000000794e00000, 0x0000000795000000, 0x0000000795000000|100%| O|  |TAMS 0x0000000795000000, 0x0000000794e00000| Untracked 
| 424|0x0000000795000000, 0x0000000795200000, 0x0000000795200000|100%| O|  |TAMS 0x0000000795200000, 0x0000000795000000| Untracked 
| 425|0x0000000795200000, 0x0000000795400000, 0x0000000795400000|100%| O|  |TAMS 0x0000000795400000, 0x0000000795200000| Untracked 
| 426|0x0000000795400000, 0x0000000795600000, 0x0000000795600000|100%| O|  |TAMS 0x0000000795600000, 0x0000000795400000| Untracked 
| 427|0x0000000795600000, 0x0000000795800000, 0x0000000795800000|100%| O|  |TAMS 0x0000000795800000, 0x0000000795600000| Untracked 
| 428|0x0000000795800000, 0x0000000795800000, 0x0000000795a00000|  0%| F|  |TAMS 0x0000000795800000, 0x0000000795800000| Untracked 
| 429|0x0000000795a00000, 0x0000000795c00000, 0x0000000795c00000|100%| O|  |TAMS 0x0000000795c00000, 0x0000000795a00000| Untracked 
| 430|0x0000000795c00000, 0x0000000795e00000, 0x0000000795e00000|100%| O|  |TAMS 0x0000000795e00000, 0x0000000795c00000| Untracked 
| 431|0x0000000795e00000, 0x0000000795e00000, 0x0000000796000000|  0%| F|  |TAMS 0x0000000795e00000, 0x0000000795e00000| Untracked 
| 432|0x0000000796000000, 0x0000000796000000, 0x0000000796200000|  0%| F|  |TAMS 0x0000000796000000, 0x0000000796000000| Untracked 
| 433|0x0000000796200000, 0x0000000796200000, 0x0000000796400000|  0%| F|  |TAMS 0x0000000796200000, 0x0000000796200000| Untracked 
| 434|0x0000000796400000, 0x0000000796600000, 0x0000000796600000|100%| O|  |TAMS 0x0000000796600000, 0x0000000796400000| Untracked 
| 435|0x0000000796600000, 0x0000000796800000, 0x0000000796800000|100%| O|  |TAMS 0x0000000796800000, 0x0000000796600000| Untracked 
| 436|0x0000000796800000, 0x0000000796a00000, 0x0000000796a00000|100%| O|  |TAMS 0x0000000796a00000, 0x0000000796800000| Untracked 
| 437|0x0000000796a00000, 0x0000000796a00000, 0x0000000796c00000|  0%| F|  |TAMS 0x0000000796a00000, 0x0000000796a00000| Untracked 
| 438|0x0000000796c00000, 0x0000000796c00000, 0x0000000796e00000|  0%| F|  |TAMS 0x0000000796c00000, 0x0000000796c00000| Untracked 
| 439|0x0000000796e00000, 0x0000000797000000, 0x0000000797000000|100%| O|  |TAMS 0x0000000797000000, 0x0000000796e00000| Untracked 
| 440|0x0000000797000000, 0x0000000797200000, 0x0000000797200000|100%| O|  |TAMS 0x0000000797200000, 0x0000000797000000| Untracked 
| 441|0x0000000797200000, 0x0000000797400000, 0x0000000797400000|100%| O|  |TAMS 0x0000000797400000, 0x0000000797200000| Untracked 
| 442|0x0000000797400000, 0x0000000797600000, 0x0000000797600000|100%| O|  |TAMS 0x00000007975ce600, 0x0000000797400000| Untracked 
| 443|0x0000000797600000, 0x0000000797600000, 0x0000000797800000|  0%| F|  |TAMS 0x0000000797600000, 0x0000000797600000| Untracked 
| 444|0x0000000797800000, 0x0000000797800000, 0x0000000797a00000|  0%| F|  |TAMS 0x0000000797800000, 0x0000000797800000| Untracked 
| 445|0x0000000797a00000, 0x0000000797a00000, 0x0000000797c00000|  0%| F|  |TAMS 0x0000000797a00000, 0x0000000797a00000| Untracked 
| 446|0x0000000797c00000, 0x0000000797c00000, 0x0000000797e00000|  0%| F|  |TAMS 0x0000000797c00000, 0x0000000797c00000| Untracked 
| 447|0x0000000797e00000, 0x0000000797e00000, 0x0000000798000000|  0%| F|  |TAMS 0x0000000797e00000, 0x0000000797e00000| Untracked 
| 448|0x0000000798000000, 0x0000000798000000, 0x0000000798200000|  0%| F|  |TAMS 0x0000000798000000, 0x0000000798000000| Untracked 
| 449|0x0000000798200000, 0x0000000798200000, 0x0000000798400000|  0%| F|  |TAMS 0x0000000798200000, 0x0000000798200000| Untracked 
| 450|0x0000000798400000, 0x0000000798400000, 0x0000000798600000|  0%| F|  |TAMS 0x0000000798400000, 0x0000000798400000| Untracked 
| 451|0x0000000798600000, 0x0000000798600000, 0x0000000798800000|  0%| F|  |TAMS 0x0000000798600000, 0x0000000798600000| Untracked 
| 452|0x0000000798800000, 0x0000000798800000, 0x0000000798a00000|  0%| F|  |TAMS 0x0000000798800000, 0x0000000798800000| Untracked 
| 453|0x0000000798a00000, 0x0000000798a00000, 0x0000000798c00000|  0%| F|  |TAMS 0x0000000798a00000, 0x0000000798a00000| Untracked 
| 454|0x0000000798c00000, 0x0000000798c00000, 0x0000000798e00000|  0%| F|  |TAMS 0x0000000798c00000, 0x0000000798c00000| Untracked 
| 455|0x0000000798e00000, 0x0000000798e00000, 0x0000000799000000|  0%| F|  |TAMS 0x0000000798e00000, 0x0000000798e00000| Untracked 
| 456|0x0000000799000000, 0x0000000799000000, 0x0000000799200000|  0%| F|  |TAMS 0x0000000799000000, 0x0000000799000000| Untracked 
| 457|0x0000000799200000, 0x0000000799200000, 0x0000000799400000|  0%| F|  |TAMS 0x0000000799200000, 0x0000000799200000| Untracked 
| 458|0x0000000799400000, 0x0000000799400000, 0x0000000799600000|  0%| F|  |TAMS 0x0000000799400000, 0x0000000799400000| Untracked 
| 459|0x0000000799600000, 0x0000000799600000, 0x0000000799800000|  0%| F|  |TAMS 0x0000000799600000, 0x0000000799600000| Untracked 
| 460|0x0000000799800000, 0x0000000799800000, 0x0000000799a00000|  0%| F|  |TAMS 0x0000000799800000, 0x0000000799800000| Untracked 
| 461|0x0000000799a00000, 0x0000000799a00000, 0x0000000799c00000|  0%| F|  |TAMS 0x0000000799a00000, 0x0000000799a00000| Untracked 
| 462|0x0000000799c00000, 0x0000000799c00000, 0x0000000799e00000|  0%| F|  |TAMS 0x0000000799c00000, 0x0000000799c00000| Untracked 
| 463|0x0000000799e00000, 0x0000000799e00000, 0x000000079a000000|  0%| F|  |TAMS 0x0000000799e00000, 0x0000000799e00000| Untracked 
| 464|0x000000079a000000, 0x000000079a000000, 0x000000079a200000|  0%| F|  |TAMS 0x000000079a000000, 0x000000079a000000| Untracked 
| 465|0x000000079a200000, 0x000000079a200000, 0x000000079a400000|  0%| F|  |TAMS 0x000000079a200000, 0x000000079a200000| Untracked 
| 466|0x000000079a400000, 0x000000079a400000, 0x000000079a600000|  0%| F|  |TAMS 0x000000079a400000, 0x000000079a400000| Untracked 
| 467|0x000000079a600000, 0x000000079a600000, 0x000000079a800000|  0%| F|  |TAMS 0x000000079a600000, 0x000000079a600000| Untracked 
| 468|0x000000079a800000, 0x000000079a800000, 0x000000079aa00000|  0%| F|  |TAMS 0x000000079a800000, 0x000000079a800000| Untracked 
| 469|0x000000079aa00000, 0x000000079aa00000, 0x000000079ac00000|  0%| F|  |TAMS 0x000000079aa00000, 0x000000079aa00000| Untracked 
| 470|0x000000079ac00000, 0x000000079ac00000, 0x000000079ae00000|  0%| F|  |TAMS 0x000000079ac00000, 0x000000079ac00000| Untracked 
| 471|0x000000079ae00000, 0x000000079ae00000, 0x000000079b000000|  0%| F|  |TAMS 0x000000079ae00000, 0x000000079ae00000| Untracked 
| 472|0x000000079b000000, 0x000000079b000000, 0x000000079b200000|  0%| F|  |TAMS 0x000000079b000000, 0x000000079b000000| Untracked 
| 473|0x000000079b200000, 0x000000079b200000, 0x000000079b400000|  0%| F|  |TAMS 0x000000079b200000, 0x000000079b200000| Untracked 
| 474|0x000000079b400000, 0x000000079b400000, 0x000000079b600000|  0%| F|  |TAMS 0x000000079b400000, 0x000000079b400000| Untracked 
| 475|0x000000079b600000, 0x000000079b600000, 0x000000079b800000|  0%| F|  |TAMS 0x000000079b600000, 0x000000079b600000| Untracked 
| 476|0x000000079b800000, 0x000000079b800000, 0x000000079ba00000|  0%| F|  |TAMS 0x000000079b800000, 0x000000079b800000| Untracked 
| 477|0x000000079ba00000, 0x000000079ba00000, 0x000000079bc00000|  0%| F|  |TAMS 0x000000079ba00000, 0x000000079ba00000| Untracked 
| 478|0x000000079bc00000, 0x000000079bc00000, 0x000000079be00000|  0%| F|  |TAMS 0x000000079bc00000, 0x000000079bc00000| Untracked 
| 479|0x000000079be00000, 0x000000079be00000, 0x000000079c000000|  0%| F|  |TAMS 0x000000079be00000, 0x000000079be00000| Untracked 
| 480|0x000000079c000000, 0x000000079c000000, 0x000000079c200000|  0%| F|  |TAMS 0x000000079c000000, 0x000000079c000000| Untracked 
| 481|0x000000079c200000, 0x000000079c200000, 0x000000079c400000|  0%| F|  |TAMS 0x000000079c200000, 0x000000079c200000| Untracked 
| 482|0x000000079c400000, 0x000000079c400000, 0x000000079c600000|  0%| F|  |TAMS 0x000000079c400000, 0x000000079c400000| Untracked 
| 483|0x000000079c600000, 0x000000079c600000, 0x000000079c800000|  0%| F|  |TAMS 0x000000079c600000, 0x000000079c600000| Untracked 
| 484|0x000000079c800000, 0x000000079c800000, 0x000000079ca00000|  0%| F|  |TAMS 0x000000079c800000, 0x000000079c800000| Untracked 
| 485|0x000000079ca00000, 0x000000079ca00000, 0x000000079cc00000|  0%| F|  |TAMS 0x000000079ca00000, 0x000000079ca00000| Untracked 
| 486|0x000000079cc00000, 0x000000079cc00000, 0x000000079ce00000|  0%| F|  |TAMS 0x000000079cc00000, 0x000000079cc00000| Untracked 
| 487|0x000000079ce00000, 0x000000079ce00000, 0x000000079d000000|  0%| F|  |TAMS 0x000000079ce00000, 0x000000079ce00000| Untracked 
| 488|0x000000079d000000, 0x000000079d000000, 0x000000079d200000|  0%| F|  |TAMS 0x000000079d000000, 0x000000079d000000| Untracked 
| 489|0x000000079d200000, 0x000000079d200000, 0x000000079d400000|  0%| F|  |TAMS 0x000000079d200000, 0x000000079d200000| Untracked 
| 490|0x000000079d400000, 0x000000079d400000, 0x000000079d600000|  0%| F|  |TAMS 0x000000079d400000, 0x000000079d400000| Untracked 
| 491|0x000000079d600000, 0x000000079d600000, 0x000000079d800000|  0%| F|  |TAMS 0x000000079d600000, 0x000000079d600000| Untracked 
| 492|0x000000079d800000, 0x000000079d800000, 0x000000079da00000|  0%| F|  |TAMS 0x000000079d800000, 0x000000079d800000| Untracked 
| 493|0x000000079da00000, 0x000000079da00000, 0x000000079dc00000|  0%| F|  |TAMS 0x000000079da00000, 0x000000079da00000| Untracked 
| 494|0x000000079dc00000, 0x000000079dc00000, 0x000000079de00000|  0%| F|  |TAMS 0x000000079dc00000, 0x000000079dc00000| Untracked 
| 495|0x000000079de00000, 0x000000079de00000, 0x000000079e000000|  0%| F|  |TAMS 0x000000079de00000, 0x000000079de00000| Untracked 
| 496|0x000000079e000000, 0x000000079e000000, 0x000000079e200000|  0%| F|  |TAMS 0x000000079e000000, 0x000000079e000000| Untracked 
| 497|0x000000079e200000, 0x000000079e200000, 0x000000079e400000|  0%| F|  |TAMS 0x000000079e200000, 0x000000079e200000| Untracked 
| 498|0x000000079e400000, 0x000000079e400000, 0x000000079e600000|  0%| F|  |TAMS 0x000000079e400000, 0x000000079e400000| Untracked 
| 499|0x000000079e600000, 0x000000079e600000, 0x000000079e800000|  0%| F|  |TAMS 0x000000079e600000, 0x000000079e600000| Untracked 
| 500|0x000000079e800000, 0x000000079e800000, 0x000000079ea00000|  0%| F|  |TAMS 0x000000079e800000, 0x000000079e800000| Untracked 
| 501|0x000000079ea00000, 0x000000079ea00000, 0x000000079ec00000|  0%| F|  |TAMS 0x000000079ea00000, 0x000000079ea00000| Untracked 
| 502|0x000000079ec00000, 0x000000079ec00000, 0x000000079ee00000|  0%| F|  |TAMS 0x000000079ec00000, 0x000000079ec00000| Untracked 
| 503|0x000000079ee00000, 0x000000079ee00000, 0x000000079f000000|  0%| F|  |TAMS 0x000000079ee00000, 0x000000079ee00000| Untracked 
| 504|0x000000079f000000, 0x000000079f000000, 0x000000079f200000|  0%| F|  |TAMS 0x000000079f000000, 0x000000079f000000| Untracked 
| 505|0x000000079f200000, 0x000000079f200000, 0x000000079f400000|  0%| F|  |TAMS 0x000000079f200000, 0x000000079f200000| Untracked 
| 506|0x000000079f400000, 0x000000079f400000, 0x000000079f600000|  0%| F|  |TAMS 0x000000079f400000, 0x000000079f400000| Untracked 
| 507|0x000000079f600000, 0x000000079f600000, 0x000000079f800000|  0%| F|  |TAMS 0x000000079f600000, 0x000000079f600000| Untracked 
| 508|0x000000079f800000, 0x000000079f800000, 0x000000079fa00000|  0%| F|  |TAMS 0x000000079f800000, 0x000000079f800000| Untracked 
| 509|0x000000079fa00000, 0x000000079fa00000, 0x000000079fc00000|  0%| F|  |TAMS 0x000000079fa00000, 0x000000079fa00000| Untracked 
| 510|0x000000079fc00000, 0x000000079fc00000, 0x000000079fe00000|  0%| F|  |TAMS 0x000000079fc00000, 0x000000079fc00000| Untracked 
| 511|0x000000079fe00000, 0x000000079fe00000, 0x00000007a0000000|  0%| F|  |TAMS 0x000000079fe00000, 0x000000079fe00000| Untracked 
| 512|0x00000007a0000000, 0x00000007a0000000, 0x00000007a0200000|  0%| F|  |TAMS 0x00000007a0000000, 0x00000007a0000000| Untracked 
| 513|0x00000007a0200000, 0x00000007a0200000, 0x00000007a0400000|  0%| F|  |TAMS 0x00000007a0200000, 0x00000007a0200000| Untracked 
| 514|0x00000007a0400000, 0x00000007a0400000, 0x00000007a0600000|  0%| F|  |TAMS 0x00000007a0400000, 0x00000007a0400000| Untracked 
| 515|0x00000007a0600000, 0x00000007a0600000, 0x00000007a0800000|  0%| F|  |TAMS 0x00000007a0600000, 0x00000007a0600000| Untracked 
| 516|0x00000007a0800000, 0x00000007a0800000, 0x00000007a0a00000|  0%| F|  |TAMS 0x00000007a0800000, 0x00000007a0800000| Untracked 
| 517|0x00000007a0a00000, 0x00000007a0a00000, 0x00000007a0c00000|  0%| F|  |TAMS 0x00000007a0a00000, 0x00000007a0a00000| Untracked 
| 518|0x00000007a0c00000, 0x00000007a0c00000, 0x00000007a0e00000|  0%| F|  |TAMS 0x00000007a0c00000, 0x00000007a0c00000| Untracked 
| 519|0x00000007a0e00000, 0x00000007a0e00000, 0x00000007a1000000|  0%| F|  |TAMS 0x00000007a0e00000, 0x00000007a0e00000| Untracked 
| 520|0x00000007a1000000, 0x00000007a1000000, 0x00000007a1200000|  0%| F|  |TAMS 0x00000007a1000000, 0x00000007a1000000| Untracked 
| 521|0x00000007a1200000, 0x00000007a1200000, 0x00000007a1400000|  0%| F|  |TAMS 0x00000007a1200000, 0x00000007a1200000| Untracked 
| 522|0x00000007a1400000, 0x00000007a1400000, 0x00000007a1600000|  0%| F|  |TAMS 0x00000007a1400000, 0x00000007a1400000| Untracked 
| 523|0x00000007a1600000, 0x00000007a1600000, 0x00000007a1800000|  0%| F|  |TAMS 0x00000007a1600000, 0x00000007a1600000| Untracked 
| 524|0x00000007a1800000, 0x00000007a1800000, 0x00000007a1a00000|  0%| F|  |TAMS 0x00000007a1800000, 0x00000007a1800000| Untracked 
| 525|0x00000007a1a00000, 0x00000007a1a00000, 0x00000007a1c00000|  0%| F|  |TAMS 0x00000007a1a00000, 0x00000007a1a00000| Untracked 
| 526|0x00000007a1c00000, 0x00000007a1c00000, 0x00000007a1e00000|  0%| F|  |TAMS 0x00000007a1c00000, 0x00000007a1c00000| Untracked 
| 527|0x00000007a1e00000, 0x00000007a1e00000, 0x00000007a2000000|  0%| F|  |TAMS 0x00000007a1e00000, 0x00000007a1e00000| Untracked 
| 528|0x00000007a2000000, 0x00000007a2000000, 0x00000007a2200000|  0%| F|  |TAMS 0x00000007a2000000, 0x00000007a2000000| Untracked 
| 529|0x00000007a2200000, 0x00000007a2200000, 0x00000007a2400000|  0%| F|  |TAMS 0x00000007a2200000, 0x00000007a2200000| Untracked 
| 530|0x00000007a2400000, 0x00000007a2400000, 0x00000007a2600000|  0%| F|  |TAMS 0x00000007a2400000, 0x00000007a2400000| Untracked 
| 531|0x00000007a2600000, 0x00000007a2600000, 0x00000007a2800000|  0%| F|  |TAMS 0x00000007a2600000, 0x00000007a2600000| Untracked 
| 532|0x00000007a2800000, 0x00000007a2800000, 0x00000007a2a00000|  0%| F|  |TAMS 0x00000007a2800000, 0x00000007a2800000| Untracked 
| 533|0x00000007a2a00000, 0x00000007a2a00000, 0x00000007a2c00000|  0%| F|  |TAMS 0x00000007a2a00000, 0x00000007a2a00000| Untracked 
| 534|0x00000007a2c00000, 0x00000007a2c00000, 0x00000007a2e00000|  0%| F|  |TAMS 0x00000007a2c00000, 0x00000007a2c00000| Untracked 
| 535|0x00000007a2e00000, 0x00000007a2e00000, 0x00000007a3000000|  0%| F|  |TAMS 0x00000007a2e00000, 0x00000007a2e00000| Untracked 
| 536|0x00000007a3000000, 0x00000007a3000000, 0x00000007a3200000|  0%| F|  |TAMS 0x00000007a3000000, 0x00000007a3000000| Untracked 
| 537|0x00000007a3200000, 0x00000007a3200000, 0x00000007a3400000|  0%| F|  |TAMS 0x00000007a3200000, 0x00000007a3200000| Untracked 
| 538|0x00000007a3400000, 0x00000007a3400000, 0x00000007a3600000|  0%| F|  |TAMS 0x00000007a3400000, 0x00000007a3400000| Untracked 
| 539|0x00000007a3600000, 0x00000007a3600000, 0x00000007a3800000|  0%| F|  |TAMS 0x00000007a3600000, 0x00000007a3600000| Untracked 
| 540|0x00000007a3800000, 0x00000007a3800000, 0x00000007a3a00000|  0%| F|  |TAMS 0x00000007a3800000, 0x00000007a3800000| Untracked 
| 541|0x00000007a3a00000, 0x00000007a3a00000, 0x00000007a3c00000|  0%| F|  |TAMS 0x00000007a3a00000, 0x00000007a3a00000| Untracked 
| 542|0x00000007a3c00000, 0x00000007a3c00000, 0x00000007a3e00000|  0%| F|  |TAMS 0x00000007a3c00000, 0x00000007a3c00000| Untracked 
| 543|0x00000007a3e00000, 0x00000007a3e00000, 0x00000007a4000000|  0%| F|  |TAMS 0x00000007a3e00000, 0x00000007a3e00000| Untracked 
| 544|0x00000007a4000000, 0x00000007a4000000, 0x00000007a4200000|  0%| F|  |TAMS 0x00000007a4000000, 0x00000007a4000000| Untracked 
| 545|0x00000007a4200000, 0x00000007a4200000, 0x00000007a4400000|  0%| F|  |TAMS 0x00000007a4200000, 0x00000007a4200000| Untracked 
| 546|0x00000007a4400000, 0x00000007a4400000, 0x00000007a4600000|  0%| F|  |TAMS 0x00000007a4400000, 0x00000007a4400000| Untracked 
| 547|0x00000007a4600000, 0x00000007a4600000, 0x00000007a4800000|  0%| F|  |TAMS 0x00000007a4600000, 0x00000007a4600000| Untracked 
| 548|0x00000007a4800000, 0x00000007a4800000, 0x00000007a4a00000|  0%| F|  |TAMS 0x00000007a4800000, 0x00000007a4800000| Untracked 
| 549|0x00000007a4a00000, 0x00000007a4a00000, 0x00000007a4c00000|  0%| F|  |TAMS 0x00000007a4a00000, 0x00000007a4a00000| Untracked 
| 550|0x00000007a4c00000, 0x00000007a4c00000, 0x00000007a4e00000|  0%| F|  |TAMS 0x00000007a4c00000, 0x00000007a4c00000| Untracked 
| 551|0x00000007a4e00000, 0x00000007a4e00000, 0x00000007a5000000|  0%| F|  |TAMS 0x00000007a4e00000, 0x00000007a4e00000| Untracked 
| 552|0x00000007a5000000, 0x00000007a5000000, 0x00000007a5200000|  0%| F|  |TAMS 0x00000007a5000000, 0x00000007a5000000| Untracked 
| 553|0x00000007a5200000, 0x00000007a5200000, 0x00000007a5400000|  0%| F|  |TAMS 0x00000007a5200000, 0x00000007a5200000| Untracked 
| 554|0x00000007a5400000, 0x00000007a5400000, 0x00000007a5600000|  0%| F|  |TAMS 0x00000007a5400000, 0x00000007a5400000| Untracked 
| 555|0x00000007a5600000, 0x00000007a5600000, 0x00000007a5800000|  0%| F|  |TAMS 0x00000007a5600000, 0x00000007a5600000| Untracked 
| 556|0x00000007a5800000, 0x00000007a5800000, 0x00000007a5a00000|  0%| F|  |TAMS 0x00000007a5800000, 0x00000007a5800000| Untracked 
| 557|0x00000007a5a00000, 0x00000007a5a00000, 0x00000007a5c00000|  0%| F|  |TAMS 0x00000007a5a00000, 0x00000007a5a00000| Untracked 
| 558|0x00000007a5c00000, 0x00000007a5c00000, 0x00000007a5e00000|  0%| F|  |TAMS 0x00000007a5c00000, 0x00000007a5c00000| Untracked 
| 559|0x00000007a5e00000, 0x00000007a5e00000, 0x00000007a6000000|  0%| F|  |TAMS 0x00000007a5e00000, 0x00000007a5e00000| Untracked 
| 560|0x00000007a6000000, 0x00000007a6000000, 0x00000007a6200000|  0%| F|  |TAMS 0x00000007a6000000, 0x00000007a6000000| Untracked 
| 561|0x00000007a6200000, 0x00000007a6200000, 0x00000007a6400000|  0%| F|  |TAMS 0x00000007a6200000, 0x00000007a6200000| Untracked 
| 562|0x00000007a6400000, 0x00000007a6400000, 0x00000007a6600000|  0%| F|  |TAMS 0x00000007a6400000, 0x00000007a6400000| Untracked 
| 563|0x00000007a6600000, 0x00000007a6600000, 0x00000007a6800000|  0%| F|  |TAMS 0x00000007a6600000, 0x00000007a6600000| Untracked 
| 564|0x00000007a6800000, 0x00000007a6800000, 0x00000007a6a00000|  0%| F|  |TAMS 0x00000007a6800000, 0x00000007a6800000| Untracked 
| 565|0x00000007a6a00000, 0x00000007a6a00000, 0x00000007a6c00000|  0%| F|  |TAMS 0x00000007a6a00000, 0x00000007a6a00000| Untracked 
| 566|0x00000007a6c00000, 0x00000007a6c00000, 0x00000007a6e00000|  0%| F|  |TAMS 0x00000007a6c00000, 0x00000007a6c00000| Untracked 
| 567|0x00000007a6e00000, 0x00000007a6e00000, 0x00000007a7000000|  0%| F|  |TAMS 0x00000007a6e00000, 0x00000007a6e00000| Untracked 
| 568|0x00000007a7000000, 0x00000007a7000000, 0x00000007a7200000|  0%| F|  |TAMS 0x00000007a7000000, 0x00000007a7000000| Untracked 
| 569|0x00000007a7200000, 0x00000007a7200000, 0x00000007a7400000|  0%| F|  |TAMS 0x00000007a7200000, 0x00000007a7200000| Untracked 
| 570|0x00000007a7400000, 0x00000007a7400000, 0x00000007a7600000|  0%| F|  |TAMS 0x00000007a7400000, 0x00000007a7400000| Untracked 
| 571|0x00000007a7600000, 0x00000007a7600000, 0x00000007a7800000|  0%| F|  |TAMS 0x00000007a7600000, 0x00000007a7600000| Untracked 
| 572|0x00000007a7800000, 0x00000007a7800000, 0x00000007a7a00000|  0%| F|  |TAMS 0x00000007a7800000, 0x00000007a7800000| Untracked 
| 573|0x00000007a7a00000, 0x00000007a7a00000, 0x00000007a7c00000|  0%| F|  |TAMS 0x00000007a7a00000, 0x00000007a7a00000| Untracked 
| 574|0x00000007a7c00000, 0x00000007a7c00000, 0x00000007a7e00000|  0%| F|  |TAMS 0x00000007a7c00000, 0x00000007a7c00000| Untracked 
| 575|0x00000007a7e00000, 0x00000007a7e00000, 0x00000007a8000000|  0%| F|  |TAMS 0x00000007a7e00000, 0x00000007a7e00000| Untracked 
| 576|0x00000007a8000000, 0x00000007a8000000, 0x00000007a8200000|  0%| F|  |TAMS 0x00000007a8000000, 0x00000007a8000000| Untracked 
| 577|0x00000007a8200000, 0x00000007a8200000, 0x00000007a8400000|  0%| F|  |TAMS 0x00000007a8200000, 0x00000007a8200000| Untracked 
| 578|0x00000007a8400000, 0x00000007a8400000, 0x00000007a8600000|  0%| F|  |TAMS 0x00000007a8400000, 0x00000007a8400000| Untracked 
| 579|0x00000007a8600000, 0x00000007a8600000, 0x00000007a8800000|  0%| F|  |TAMS 0x00000007a8600000, 0x00000007a8600000| Untracked 
| 580|0x00000007a8800000, 0x00000007a8800000, 0x00000007a8a00000|  0%| F|  |TAMS 0x00000007a8800000, 0x00000007a8800000| Untracked 
| 581|0x00000007a8a00000, 0x00000007a8a00000, 0x00000007a8c00000|  0%| F|  |TAMS 0x00000007a8a00000, 0x00000007a8a00000| Untracked 
| 582|0x00000007a8c00000, 0x00000007a8c00000, 0x00000007a8e00000|  0%| F|  |TAMS 0x00000007a8c00000, 0x00000007a8c00000| Untracked 
| 583|0x00000007a8e00000, 0x00000007a8e00000, 0x00000007a9000000|  0%| F|  |TAMS 0x00000007a8e00000, 0x00000007a8e00000| Untracked 
| 584|0x00000007a9000000, 0x00000007a9000000, 0x00000007a9200000|  0%| F|  |TAMS 0x00000007a9000000, 0x00000007a9000000| Untracked 
| 585|0x00000007a9200000, 0x00000007a9200000, 0x00000007a9400000|  0%| F|  |TAMS 0x00000007a9200000, 0x00000007a9200000| Untracked 
| 586|0x00000007a9400000, 0x00000007a9400000, 0x00000007a9600000|  0%| F|  |TAMS 0x00000007a9400000, 0x00000007a9400000| Untracked 
| 587|0x00000007a9600000, 0x00000007a9600000, 0x00000007a9800000|  0%| F|  |TAMS 0x00000007a9600000, 0x00000007a9600000| Untracked 
| 588|0x00000007a9800000, 0x00000007a9800000, 0x00000007a9a00000|  0%| F|  |TAMS 0x00000007a9800000, 0x00000007a9800000| Untracked 
| 589|0x00000007a9a00000, 0x00000007a9a00000, 0x00000007a9c00000|  0%| F|  |TAMS 0x00000007a9a00000, 0x00000007a9a00000| Untracked 
| 590|0x00000007a9c00000, 0x00000007a9c00000, 0x00000007a9e00000|  0%| F|  |TAMS 0x00000007a9c00000, 0x00000007a9c00000| Untracked 
| 591|0x00000007a9e00000, 0x00000007a9e00000, 0x00000007aa000000|  0%| F|  |TAMS 0x00000007a9e00000, 0x00000007a9e00000| Untracked 
| 592|0x00000007aa000000, 0x00000007aa000000, 0x00000007aa200000|  0%| F|  |TAMS 0x00000007aa000000, 0x00000007aa000000| Untracked 
| 593|0x00000007aa200000, 0x00000007aa200000, 0x00000007aa400000|  0%| F|  |TAMS 0x00000007aa200000, 0x00000007aa200000| Untracked 
| 594|0x00000007aa400000, 0x00000007aa400000, 0x00000007aa600000|  0%| F|  |TAMS 0x00000007aa400000, 0x00000007aa400000| Untracked 
| 595|0x00000007aa600000, 0x00000007aa600000, 0x00000007aa800000|  0%| F|  |TAMS 0x00000007aa600000, 0x00000007aa600000| Untracked 
| 596|0x00000007aa800000, 0x00000007aa800000, 0x00000007aaa00000|  0%| F|  |TAMS 0x00000007aa800000, 0x00000007aa800000| Untracked 
| 597|0x00000007aaa00000, 0x00000007aaa00000, 0x00000007aac00000|  0%| F|  |TAMS 0x00000007aaa00000, 0x00000007aaa00000| Untracked 
| 598|0x00000007aac00000, 0x00000007aac00000, 0x00000007aae00000|  0%| F|  |TAMS 0x00000007aac00000, 0x00000007aac00000| Untracked 
| 599|0x00000007aae00000, 0x00000007aae00000, 0x00000007ab000000|  0%| F|  |TAMS 0x00000007aae00000, 0x00000007aae00000| Untracked 
| 600|0x00000007ab000000, 0x00000007ab000000, 0x00000007ab200000|  0%| F|  |TAMS 0x00000007ab000000, 0x00000007ab000000| Untracked 
| 601|0x00000007ab200000, 0x00000007ab200000, 0x00000007ab400000|  0%| F|  |TAMS 0x00000007ab200000, 0x00000007ab200000| Untracked 
| 602|0x00000007ab400000, 0x00000007ab400000, 0x00000007ab600000|  0%| F|  |TAMS 0x00000007ab400000, 0x00000007ab400000| Untracked 
| 603|0x00000007ab600000, 0x00000007ab600000, 0x00000007ab800000|  0%| F|  |TAMS 0x00000007ab600000, 0x00000007ab600000| Untracked 
| 604|0x00000007ab800000, 0x00000007ab800000, 0x00000007aba00000|  0%| F|  |TAMS 0x00000007ab800000, 0x00000007ab800000| Untracked 
| 605|0x00000007aba00000, 0x00000007aba00000, 0x00000007abc00000|  0%| F|  |TAMS 0x00000007aba00000, 0x00000007aba00000| Untracked 
| 606|0x00000007abc00000, 0x00000007abc00000, 0x00000007abe00000|  0%| F|  |TAMS 0x00000007abc00000, 0x00000007abc00000| Untracked 
| 607|0x00000007abe00000, 0x00000007abe00000, 0x00000007ac000000|  0%| F|  |TAMS 0x00000007abe00000, 0x00000007abe00000| Untracked 
| 608|0x00000007ac000000, 0x00000007ac000000, 0x00000007ac200000|  0%| F|  |TAMS 0x00000007ac000000, 0x00000007ac000000| Untracked 
| 609|0x00000007ac200000, 0x00000007ac200000, 0x00000007ac400000|  0%| F|  |TAMS 0x00000007ac200000, 0x00000007ac200000| Untracked 
| 610|0x00000007ac400000, 0x00000007ac400000, 0x00000007ac600000|  0%| F|  |TAMS 0x00000007ac400000, 0x00000007ac400000| Untracked 
| 611|0x00000007ac600000, 0x00000007ac600000, 0x00000007ac800000|  0%| F|  |TAMS 0x00000007ac600000, 0x00000007ac600000| Untracked 
| 612|0x00000007ac800000, 0x00000007ac800000, 0x00000007aca00000|  0%| F|  |TAMS 0x00000007ac800000, 0x00000007ac800000| Untracked 
| 613|0x00000007aca00000, 0x00000007aca00000, 0x00000007acc00000|  0%| F|  |TAMS 0x00000007aca00000, 0x00000007aca00000| Untracked 
| 614|0x00000007acc00000, 0x00000007acc00000, 0x00000007ace00000|  0%| F|  |TAMS 0x00000007acc00000, 0x00000007acc00000| Untracked 
| 615|0x00000007ace00000, 0x00000007ace00000, 0x00000007ad000000|  0%| F|  |TAMS 0x00000007ace00000, 0x00000007ace00000| Untracked 
| 616|0x00000007ad000000, 0x00000007ad000000, 0x00000007ad200000|  0%| F|  |TAMS 0x00000007ad000000, 0x00000007ad000000| Untracked 
| 617|0x00000007ad200000, 0x00000007ad200000, 0x00000007ad400000|  0%| F|  |TAMS 0x00000007ad200000, 0x00000007ad200000| Untracked 
| 618|0x00000007ad400000, 0x00000007ad400000, 0x00000007ad600000|  0%| F|  |TAMS 0x00000007ad400000, 0x00000007ad400000| Untracked 
| 619|0x00000007ad600000, 0x00000007ad600000, 0x00000007ad800000|  0%| F|  |TAMS 0x00000007ad600000, 0x00000007ad600000| Untracked 
| 620|0x00000007ad800000, 0x00000007ad800000, 0x00000007ada00000|  0%| F|  |TAMS 0x00000007ad800000, 0x00000007ad800000| Untracked 
| 621|0x00000007ada00000, 0x00000007ada00000, 0x00000007adc00000|  0%| F|  |TAMS 0x00000007ada00000, 0x00000007ada00000| Untracked 
| 622|0x00000007adc00000, 0x00000007adc00000, 0x00000007ade00000|  0%| F|  |TAMS 0x00000007adc00000, 0x00000007adc00000| Untracked 
| 623|0x00000007ade00000, 0x00000007ade00000, 0x00000007ae000000|  0%| F|  |TAMS 0x00000007ade00000, 0x00000007ade00000| Untracked 
| 624|0x00000007ae000000, 0x00000007ae000000, 0x00000007ae200000|  0%| F|  |TAMS 0x00000007ae000000, 0x00000007ae000000| Untracked 
| 625|0x00000007ae200000, 0x00000007ae200000, 0x00000007ae400000|  0%| F|  |TAMS 0x00000007ae200000, 0x00000007ae200000| Untracked 
| 626|0x00000007ae400000, 0x00000007ae400000, 0x00000007ae600000|  0%| F|  |TAMS 0x00000007ae400000, 0x00000007ae400000| Untracked 
| 627|0x00000007ae600000, 0x00000007ae600000, 0x00000007ae800000|  0%| F|  |TAMS 0x00000007ae600000, 0x00000007ae600000| Untracked 
| 628|0x00000007ae800000, 0x00000007ae800000, 0x00000007aea00000|  0%| F|  |TAMS 0x00000007ae800000, 0x00000007ae800000| Untracked 
| 629|0x00000007aea00000, 0x00000007aea00000, 0x00000007aec00000|  0%| F|  |TAMS 0x00000007aea00000, 0x00000007aea00000| Untracked 
| 630|0x00000007aec00000, 0x00000007aec00000, 0x00000007aee00000|  0%| F|  |TAMS 0x00000007aec00000, 0x00000007aec00000| Untracked 
| 631|0x00000007aee00000, 0x00000007aee00000, 0x00000007af000000|  0%| F|  |TAMS 0x00000007aee00000, 0x00000007aee00000| Untracked 
| 632|0x00000007af000000, 0x00000007af000000, 0x00000007af200000|  0%| F|  |TAMS 0x00000007af000000, 0x00000007af000000| Untracked 
| 633|0x00000007af200000, 0x00000007af200000, 0x00000007af400000|  0%| F|  |TAMS 0x00000007af200000, 0x00000007af200000| Untracked 
| 634|0x00000007af400000, 0x00000007af400000, 0x00000007af600000|  0%| F|  |TAMS 0x00000007af400000, 0x00000007af400000| Untracked 
| 635|0x00000007af600000, 0x00000007af600000, 0x00000007af800000|  0%| F|  |TAMS 0x00000007af600000, 0x00000007af600000| Untracked 
| 636|0x00000007af800000, 0x00000007af800000, 0x00000007afa00000|  0%| F|  |TAMS 0x00000007af800000, 0x00000007af800000| Untracked 
| 637|0x00000007afa00000, 0x00000007afa00000, 0x00000007afc00000|  0%| F|  |TAMS 0x00000007afa00000, 0x00000007afa00000| Untracked 
| 638|0x00000007afc00000, 0x00000007afc00000, 0x00000007afe00000|  0%| F|  |TAMS 0x00000007afc00000, 0x00000007afc00000| Untracked 
| 639|0x00000007afe00000, 0x00000007afe00000, 0x00000007b0000000|  0%| F|  |TAMS 0x00000007afe00000, 0x00000007afe00000| Untracked 
| 640|0x00000007b0000000, 0x00000007b0000000, 0x00000007b0200000|  0%| F|  |TAMS 0x00000007b0000000, 0x00000007b0000000| Untracked 
| 641|0x00000007b0200000, 0x00000007b0200000, 0x00000007b0400000|  0%| F|  |TAMS 0x00000007b0200000, 0x00000007b0200000| Untracked 
| 642|0x00000007b0400000, 0x00000007b0400000, 0x00000007b0600000|  0%| F|  |TAMS 0x00000007b0400000, 0x00000007b0400000| Untracked 
| 643|0x00000007b0600000, 0x00000007b0600000, 0x00000007b0800000|  0%| F|  |TAMS 0x00000007b0600000, 0x00000007b0600000| Untracked 
| 644|0x00000007b0800000, 0x00000007b0800000, 0x00000007b0a00000|  0%| F|  |TAMS 0x00000007b0800000, 0x00000007b0800000| Untracked 
| 645|0x00000007b0a00000, 0x00000007b0a00000, 0x00000007b0c00000|  0%| F|  |TAMS 0x00000007b0a00000, 0x00000007b0a00000| Untracked 
| 646|0x00000007b0c00000, 0x00000007b0c00000, 0x00000007b0e00000|  0%| F|  |TAMS 0x00000007b0c00000, 0x00000007b0c00000| Untracked 
| 647|0x00000007b0e00000, 0x00000007b0e00000, 0x00000007b1000000|  0%| F|  |TAMS 0x00000007b0e00000, 0x00000007b0e00000| Untracked 
| 648|0x00000007b1000000, 0x00000007b1000000, 0x00000007b1200000|  0%| F|  |TAMS 0x00000007b1000000, 0x00000007b1000000| Untracked 
| 649|0x00000007b1200000, 0x00000007b1200000, 0x00000007b1400000|  0%| F|  |TAMS 0x00000007b1200000, 0x00000007b1200000| Untracked 
| 650|0x00000007b1400000, 0x00000007b1400000, 0x00000007b1600000|  0%| F|  |TAMS 0x00000007b1400000, 0x00000007b1400000| Untracked 
| 651|0x00000007b1600000, 0x00000007b1600000, 0x00000007b1800000|  0%| F|  |TAMS 0x00000007b1600000, 0x00000007b1600000| Untracked 
| 652|0x00000007b1800000, 0x00000007b1800000, 0x00000007b1a00000|  0%| F|  |TAMS 0x00000007b1800000, 0x00000007b1800000| Untracked 
| 653|0x00000007b1a00000, 0x00000007b1a00000, 0x00000007b1c00000|  0%| F|  |TAMS 0x00000007b1a00000, 0x00000007b1a00000| Untracked 
| 654|0x00000007b1c00000, 0x00000007b1c00000, 0x00000007b1e00000|  0%| F|  |TAMS 0x00000007b1c00000, 0x00000007b1c00000| Untracked 
| 655|0x00000007b1e00000, 0x00000007b1e00000, 0x00000007b2000000|  0%| F|  |TAMS 0x00000007b1e00000, 0x00000007b1e00000| Untracked 
| 656|0x00000007b2000000, 0x00000007b2000000, 0x00000007b2200000|  0%| F|  |TAMS 0x00000007b2000000, 0x00000007b2000000| Untracked 
| 657|0x00000007b2200000, 0x00000007b2200000, 0x00000007b2400000|  0%| F|  |TAMS 0x00000007b2200000, 0x00000007b2200000| Untracked 
| 658|0x00000007b2400000, 0x00000007b2400000, 0x00000007b2600000|  0%| F|  |TAMS 0x00000007b2400000, 0x00000007b2400000| Untracked 
| 659|0x00000007b2600000, 0x00000007b2600000, 0x00000007b2800000|  0%| F|  |TAMS 0x00000007b2600000, 0x00000007b2600000| Untracked 
| 660|0x00000007b2800000, 0x00000007b2800000, 0x00000007b2a00000|  0%| F|  |TAMS 0x00000007b2800000, 0x00000007b2800000| Untracked 
| 661|0x00000007b2a00000, 0x00000007b2a00000, 0x00000007b2c00000|  0%| F|  |TAMS 0x00000007b2a00000, 0x00000007b2a00000| Untracked 
| 662|0x00000007b2c00000, 0x00000007b2c00000, 0x00000007b2e00000|  0%| F|  |TAMS 0x00000007b2c00000, 0x00000007b2c00000| Untracked 
| 663|0x00000007b2e00000, 0x00000007b2e00000, 0x00000007b3000000|  0%| F|  |TAMS 0x00000007b2e00000, 0x00000007b2e00000| Untracked 
| 664|0x00000007b3000000, 0x00000007b3000000, 0x00000007b3200000|  0%| F|  |TAMS 0x00000007b3000000, 0x00000007b3000000| Untracked 
| 665|0x00000007b3200000, 0x00000007b3200000, 0x00000007b3400000|  0%| F|  |TAMS 0x00000007b3200000, 0x00000007b3200000| Untracked 
| 666|0x00000007b3400000, 0x00000007b3400000, 0x00000007b3600000|  0%| F|  |TAMS 0x00000007b3400000, 0x00000007b3400000| Untracked 
| 667|0x00000007b3600000, 0x00000007b3600000, 0x00000007b3800000|  0%| F|  |TAMS 0x00000007b3600000, 0x00000007b3600000| Untracked 
| 668|0x00000007b3800000, 0x00000007b3800000, 0x00000007b3a00000|  0%| F|  |TAMS 0x00000007b3800000, 0x00000007b3800000| Untracked 
| 669|0x00000007b3a00000, 0x00000007b3a00000, 0x00000007b3c00000|  0%| F|  |TAMS 0x00000007b3a00000, 0x00000007b3a00000| Untracked 
| 670|0x00000007b3c00000, 0x00000007b3c00000, 0x00000007b3e00000|  0%| F|  |TAMS 0x00000007b3c00000, 0x00000007b3c00000| Untracked 
| 671|0x00000007b3e00000, 0x00000007b3e00000, 0x00000007b4000000|  0%| F|  |TAMS 0x00000007b3e00000, 0x00000007b3e00000| Untracked 
| 672|0x00000007b4000000, 0x00000007b4000000, 0x00000007b4200000|  0%| F|  |TAMS 0x00000007b4000000, 0x00000007b4000000| Untracked 
| 673|0x00000007b4200000, 0x00000007b4200000, 0x00000007b4400000|  0%| F|  |TAMS 0x00000007b4200000, 0x00000007b4200000| Untracked 
| 674|0x00000007b4400000, 0x00000007b4400000, 0x00000007b4600000|  0%| F|  |TAMS 0x00000007b4400000, 0x00000007b4400000| Untracked 
| 675|0x00000007b4600000, 0x00000007b4600000, 0x00000007b4800000|  0%| F|  |TAMS 0x00000007b4600000, 0x00000007b4600000| Untracked 
| 676|0x00000007b4800000, 0x00000007b4800000, 0x00000007b4a00000|  0%| F|  |TAMS 0x00000007b4800000, 0x00000007b4800000| Untracked 
| 677|0x00000007b4a00000, 0x00000007b4a00000, 0x00000007b4c00000|  0%| F|  |TAMS 0x00000007b4a00000, 0x00000007b4a00000| Untracked 
| 678|0x00000007b4c00000, 0x00000007b4c00000, 0x00000007b4e00000|  0%| F|  |TAMS 0x00000007b4c00000, 0x00000007b4c00000| Untracked 
| 679|0x00000007b4e00000, 0x00000007b4e00000, 0x00000007b5000000|  0%| F|  |TAMS 0x00000007b4e00000, 0x00000007b4e00000| Untracked 
| 680|0x00000007b5000000, 0x00000007b5000000, 0x00000007b5200000|  0%| F|  |TAMS 0x00000007b5000000, 0x00000007b5000000| Untracked 
| 681|0x00000007b5200000, 0x00000007b5200000, 0x00000007b5400000|  0%| F|  |TAMS 0x00000007b5200000, 0x00000007b5200000| Untracked 
| 682|0x00000007b5400000, 0x00000007b5400000, 0x00000007b5600000|  0%| F|  |TAMS 0x00000007b5400000, 0x00000007b5400000| Untracked 
| 683|0x00000007b5600000, 0x00000007b5600000, 0x00000007b5800000|  0%| F|  |TAMS 0x00000007b5600000, 0x00000007b5600000| Untracked 
| 684|0x00000007b5800000, 0x00000007b5800000, 0x00000007b5a00000|  0%| F|  |TAMS 0x00000007b5800000, 0x00000007b5800000| Untracked 
| 685|0x00000007b5a00000, 0x00000007b5a00000, 0x00000007b5c00000|  0%| F|  |TAMS 0x00000007b5a00000, 0x00000007b5a00000| Untracked 
| 686|0x00000007b5c00000, 0x00000007b5c00000, 0x00000007b5e00000|  0%| F|  |TAMS 0x00000007b5c00000, 0x00000007b5c00000| Untracked 
| 687|0x00000007b5e00000, 0x00000007b5e00000, 0x00000007b6000000|  0%| F|  |TAMS 0x00000007b5e00000, 0x00000007b5e00000| Untracked 
| 688|0x00000007b6000000, 0x00000007b6000000, 0x00000007b6200000|  0%| F|  |TAMS 0x00000007b6000000, 0x00000007b6000000| Untracked 
| 689|0x00000007b6200000, 0x00000007b6200000, 0x00000007b6400000|  0%| F|  |TAMS 0x00000007b6200000, 0x00000007b6200000| Untracked 
| 690|0x00000007b6400000, 0x00000007b6400000, 0x00000007b6600000|  0%| F|  |TAMS 0x00000007b6400000, 0x00000007b6400000| Untracked 
| 691|0x00000007b6600000, 0x00000007b6600000, 0x00000007b6800000|  0%| F|  |TAMS 0x00000007b6600000, 0x00000007b6600000| Untracked 
| 692|0x00000007b6800000, 0x00000007b6800000, 0x00000007b6a00000|  0%| F|  |TAMS 0x00000007b6800000, 0x00000007b6800000| Untracked 
| 693|0x00000007b6a00000, 0x00000007b6a00000, 0x00000007b6c00000|  0%| F|  |TAMS 0x00000007b6a00000, 0x00000007b6a00000| Untracked 
| 694|0x00000007b6c00000, 0x00000007b6c00000, 0x00000007b6e00000|  0%| F|  |TAMS 0x00000007b6c00000, 0x00000007b6c00000| Untracked 
| 695|0x00000007b6e00000, 0x00000007b6e00000, 0x00000007b7000000|  0%| F|  |TAMS 0x00000007b6e00000, 0x00000007b6e00000| Untracked 
| 696|0x00000007b7000000, 0x00000007b7000000, 0x00000007b7200000|  0%| F|  |TAMS 0x00000007b7000000, 0x00000007b7000000| Untracked 
| 697|0x00000007b7200000, 0x00000007b7200000, 0x00000007b7400000|  0%| F|  |TAMS 0x00000007b7200000, 0x00000007b7200000| Untracked 
| 698|0x00000007b7400000, 0x00000007b7400000, 0x00000007b7600000|  0%| F|  |TAMS 0x00000007b7400000, 0x00000007b7400000| Untracked 
| 699|0x00000007b7600000, 0x00000007b7600000, 0x00000007b7800000|  0%| F|  |TAMS 0x00000007b7600000, 0x00000007b7600000| Untracked 
| 700|0x00000007b7800000, 0x00000007b7800000, 0x00000007b7a00000|  0%| F|  |TAMS 0x00000007b7800000, 0x00000007b7800000| Untracked 
| 701|0x00000007b7a00000, 0x00000007b7a00000, 0x00000007b7c00000|  0%| F|  |TAMS 0x00000007b7a00000, 0x00000007b7a00000| Untracked 
| 702|0x00000007b7c00000, 0x00000007b7c00000, 0x00000007b7e00000|  0%| F|  |TAMS 0x00000007b7c00000, 0x00000007b7c00000| Untracked 
| 703|0x00000007b7e00000, 0x00000007b7e00000, 0x00000007b8000000|  0%| F|  |TAMS 0x00000007b7e00000, 0x00000007b7e00000| Untracked 
| 704|0x00000007b8000000, 0x00000007b8000000, 0x00000007b8200000|  0%| F|  |TAMS 0x00000007b8000000, 0x00000007b8000000| Untracked 
| 705|0x00000007b8200000, 0x00000007b8200000, 0x00000007b8400000|  0%| F|  |TAMS 0x00000007b8200000, 0x00000007b8200000| Untracked 
| 706|0x00000007b8400000, 0x00000007b8400000, 0x00000007b8600000|  0%| F|  |TAMS 0x00000007b8400000, 0x00000007b8400000| Untracked 
| 707|0x00000007b8600000, 0x00000007b8600000, 0x00000007b8800000|  0%| F|  |TAMS 0x00000007b8600000, 0x00000007b8600000| Untracked 
| 708|0x00000007b8800000, 0x00000007b8800000, 0x00000007b8a00000|  0%| F|  |TAMS 0x00000007b8800000, 0x00000007b8800000| Untracked 
| 709|0x00000007b8a00000, 0x00000007b8a00000, 0x00000007b8c00000|  0%| F|  |TAMS 0x00000007b8a00000, 0x00000007b8a00000| Untracked 
| 710|0x00000007b8c00000, 0x00000007b8c00000, 0x00000007b8e00000|  0%| F|  |TAMS 0x00000007b8c00000, 0x00000007b8c00000| Untracked 
| 711|0x00000007b8e00000, 0x00000007b8e00000, 0x00000007b9000000|  0%| F|  |TAMS 0x00000007b8e00000, 0x00000007b8e00000| Untracked 
| 712|0x00000007b9000000, 0x00000007b9000000, 0x00000007b9200000|  0%| F|  |TAMS 0x00000007b9000000, 0x00000007b9000000| Untracked 
| 713|0x00000007b9200000, 0x00000007b9200000, 0x00000007b9400000|  0%| F|  |TAMS 0x00000007b9200000, 0x00000007b9200000| Untracked 
| 714|0x00000007b9400000, 0x00000007b9400000, 0x00000007b9600000|  0%| F|  |TAMS 0x00000007b9400000, 0x00000007b9400000| Untracked 
| 715|0x00000007b9600000, 0x00000007b9600000, 0x00000007b9800000|  0%| F|  |TAMS 0x00000007b9600000, 0x00000007b9600000| Untracked 
| 716|0x00000007b9800000, 0x00000007b9800000, 0x00000007b9a00000|  0%| F|  |TAMS 0x00000007b9800000, 0x00000007b9800000| Untracked 
| 717|0x00000007b9a00000, 0x00000007b9a00000, 0x00000007b9c00000|  0%| F|  |TAMS 0x00000007b9a00000, 0x00000007b9a00000| Untracked 
| 718|0x00000007b9c00000, 0x00000007b9c00000, 0x00000007b9e00000|  0%| F|  |TAMS 0x00000007b9c00000, 0x00000007b9c00000| Untracked 
| 719|0x00000007b9e00000, 0x00000007b9e00000, 0x00000007ba000000|  0%| F|  |TAMS 0x00000007b9e00000, 0x00000007b9e00000| Untracked 
| 720|0x00000007ba000000, 0x00000007ba000000, 0x00000007ba200000|  0%| F|  |TAMS 0x00000007ba000000, 0x00000007ba000000| Untracked 
| 721|0x00000007ba200000, 0x00000007ba200000, 0x00000007ba400000|  0%| F|  |TAMS 0x00000007ba200000, 0x00000007ba200000| Untracked 
| 722|0x00000007ba400000, 0x00000007ba400000, 0x00000007ba600000|  0%| F|  |TAMS 0x00000007ba400000, 0x00000007ba400000| Untracked 
| 723|0x00000007ba600000, 0x00000007ba600000, 0x00000007ba800000|  0%| F|  |TAMS 0x00000007ba600000, 0x00000007ba600000| Untracked 
| 724|0x00000007ba800000, 0x00000007ba800000, 0x00000007baa00000|  0%| F|  |TAMS 0x00000007ba800000, 0x00000007ba800000| Untracked 
| 725|0x00000007baa00000, 0x00000007baa00000, 0x00000007bac00000|  0%| F|  |TAMS 0x00000007baa00000, 0x00000007baa00000| Untracked 
| 726|0x00000007bac00000, 0x00000007bac00000, 0x00000007bae00000|  0%| F|  |TAMS 0x00000007bac00000, 0x00000007bac00000| Untracked 
| 727|0x00000007bae00000, 0x00000007bae00000, 0x00000007bb000000|  0%| F|  |TAMS 0x00000007bae00000, 0x00000007bae00000| Untracked 
| 728|0x00000007bb000000, 0x00000007bb000000, 0x00000007bb200000|  0%| F|  |TAMS 0x00000007bb000000, 0x00000007bb000000| Untracked 
| 729|0x00000007bb200000, 0x00000007bb200000, 0x00000007bb400000|  0%| F|  |TAMS 0x00000007bb200000, 0x00000007bb200000| Untracked 
| 730|0x00000007bb400000, 0x00000007bb400000, 0x00000007bb600000|  0%| F|  |TAMS 0x00000007bb400000, 0x00000007bb400000| Untracked 
| 731|0x00000007bb600000, 0x00000007bb600000, 0x00000007bb800000|  0%| F|  |TAMS 0x00000007bb600000, 0x00000007bb600000| Untracked 
| 732|0x00000007bb800000, 0x00000007bb800000, 0x00000007bba00000|  0%| F|  |TAMS 0x00000007bb800000, 0x00000007bb800000| Untracked 
| 733|0x00000007bba00000, 0x00000007bba00000, 0x00000007bbc00000|  0%| F|  |TAMS 0x00000007bba00000, 0x00000007bba00000| Untracked 
| 734|0x00000007bbc00000, 0x00000007bbc00000, 0x00000007bbe00000|  0%| F|  |TAMS 0x00000007bbc00000, 0x00000007bbc00000| Untracked 
| 735|0x00000007bbe00000, 0x00000007bbe00000, 0x00000007bc000000|  0%| F|  |TAMS 0x00000007bbe00000, 0x00000007bbe00000| Untracked 
| 736|0x00000007bc000000, 0x00000007bc000000, 0x00000007bc200000|  0%| F|  |TAMS 0x00000007bc000000, 0x00000007bc000000| Untracked 
| 737|0x00000007bc200000, 0x00000007bc200000, 0x00000007bc400000|  0%| F|  |TAMS 0x00000007bc200000, 0x00000007bc200000| Untracked 
| 738|0x00000007bc400000, 0x00000007bc400000, 0x00000007bc600000|  0%| F|  |TAMS 0x00000007bc400000, 0x00000007bc400000| Untracked 
| 739|0x00000007bc600000, 0x00000007bc600000, 0x00000007bc800000|  0%| F|  |TAMS 0x00000007bc600000, 0x00000007bc600000| Untracked 
| 740|0x00000007bc800000, 0x00000007bc800000, 0x00000007bca00000|  0%| F|  |TAMS 0x00000007bc800000, 0x00000007bc800000| Untracked 
| 741|0x00000007bca00000, 0x00000007bca00000, 0x00000007bcc00000|  0%| F|  |TAMS 0x00000007bca00000, 0x00000007bca00000| Untracked 
| 742|0x00000007bcc00000, 0x00000007bcc00000, 0x00000007bce00000|  0%| F|  |TAMS 0x00000007bcc00000, 0x00000007bcc00000| Untracked 
| 743|0x00000007bce00000, 0x00000007bce00000, 0x00000007bd000000|  0%| F|  |TAMS 0x00000007bce00000, 0x00000007bce00000| Untracked 
| 744|0x00000007bd000000, 0x00000007bd000000, 0x00000007bd200000|  0%| F|  |TAMS 0x00000007bd000000, 0x00000007bd000000| Untracked 
| 745|0x00000007bd200000, 0x00000007bd200000, 0x00000007bd400000|  0%| F|  |TAMS 0x00000007bd200000, 0x00000007bd200000| Untracked 
| 746|0x00000007bd400000, 0x00000007bd400000, 0x00000007bd600000|  0%| F|  |TAMS 0x00000007bd400000, 0x00000007bd400000| Untracked 
| 747|0x00000007bd600000, 0x00000007bd600000, 0x00000007bd800000|  0%| F|  |TAMS 0x00000007bd600000, 0x00000007bd600000| Untracked 
| 748|0x00000007bd800000, 0x00000007bd800000, 0x00000007bda00000|  0%| F|  |TAMS 0x00000007bd800000, 0x00000007bd800000| Untracked 
| 749|0x00000007bda00000, 0x00000007bda00000, 0x00000007bdc00000|  0%| F|  |TAMS 0x00000007bda00000, 0x00000007bda00000| Untracked 
| 750|0x00000007bdc00000, 0x00000007bdc00000, 0x00000007bde00000|  0%| F|  |TAMS 0x00000007bdc00000, 0x00000007bdc00000| Untracked 
| 751|0x00000007bde00000, 0x00000007bde00000, 0x00000007be000000|  0%| F|  |TAMS 0x00000007bde00000, 0x00000007bde00000| Untracked 
| 752|0x00000007be000000, 0x00000007be000000, 0x00000007be200000|  0%| F|  |TAMS 0x00000007be000000, 0x00000007be000000| Untracked 
| 753|0x00000007be200000, 0x00000007be200000, 0x00000007be400000|  0%| F|  |TAMS 0x00000007be200000, 0x00000007be200000| Untracked 
| 754|0x00000007be400000, 0x00000007be400000, 0x00000007be600000|  0%| F|  |TAMS 0x00000007be400000, 0x00000007be400000| Untracked 
| 755|0x00000007be600000, 0x00000007be600000, 0x00000007be800000|  0%| F|  |TAMS 0x00000007be600000, 0x00000007be600000| Untracked 
| 756|0x00000007be800000, 0x00000007be800000, 0x00000007bea00000|  0%| F|  |TAMS 0x00000007be800000, 0x00000007be800000| Untracked 
| 757|0x00000007bea00000, 0x00000007bea00000, 0x00000007bec00000|  0%| F|  |TAMS 0x00000007bea00000, 0x00000007bea00000| Untracked 
| 758|0x00000007bec00000, 0x00000007bec00000, 0x00000007bee00000|  0%| F|  |TAMS 0x00000007bec00000, 0x00000007bec00000| Untracked 
| 759|0x00000007bee00000, 0x00000007bf000000, 0x00000007bf000000|100%| E|  |TAMS 0x00000007bee00000, 0x00000007bee00000| Complete 
| 760|0x00000007bf000000, 0x00000007bf200000, 0x00000007bf200000|100%| E|CS|TAMS 0x00000007bf000000, 0x00000007bf000000| Complete 
| 761|0x00000007bf200000, 0x00000007bf400000, 0x00000007bf400000|100%| E|CS|TAMS 0x00000007bf200000, 0x00000007bf200000| Complete 
| 762|0x00000007bf400000, 0x00000007bf600000, 0x00000007bf600000|100%| E|CS|TAMS 0x00000007bf400000, 0x00000007bf400000| Complete 
| 763|0x00000007bf600000, 0x00000007bf800000, 0x00000007bf800000|100%| E|CS|TAMS 0x00000007bf600000, 0x00000007bf600000| Complete 
| 764|0x00000007bf800000, 0x00000007bfa00000, 0x00000007bfa00000|100%| E|CS|TAMS 0x00000007bf800000, 0x00000007bf800000| Complete 
| 765|0x00000007bfa00000, 0x00000007bfc00000, 0x00000007bfc00000|100%| E|CS|TAMS 0x00000007bfa00000, 0x00000007bfa00000| Complete 
| 766|0x00000007bfc00000, 0x00000007bfe00000, 0x00000007bfe00000|100%| E|CS|TAMS 0x00000007bfc00000, 0x00000007bfc00000| Complete 
| 767|0x00000007bfe00000, 0x00000007c0000000, 0x00000007c0000000|100%| E|CS|TAMS 0x00000007bfe00000, 0x00000007bfe00000| Complete 
| 768|0x00000007c0000000, 0x00000007c0200000, 0x00000007c0200000|100%| E|CS|TAMS 0x00000007c0000000, 0x00000007c0000000| Complete 
| 769|0x00000007c0200000, 0x00000007c0400000, 0x00000007c0400000|100%| E|CS|TAMS 0x00000007c0200000, 0x00000007c0200000| Complete 
| 770|0x00000007c0400000, 0x00000007c0600000, 0x00000007c0600000|100%| E|CS|TAMS 0x00000007c0400000, 0x00000007c0400000| Complete 
| 771|0x00000007c0600000, 0x00000007c0800000, 0x00000007c0800000|100%| E|CS|TAMS 0x00000007c0600000, 0x00000007c0600000| Complete 
| 772|0x00000007c0800000, 0x00000007c0a00000, 0x00000007c0a00000|100%| E|CS|TAMS 0x00000007c0800000, 0x00000007c0800000| Complete 
| 773|0x00000007c0a00000, 0x00000007c0c00000, 0x00000007c0c00000|100%| E|CS|TAMS 0x00000007c0a00000, 0x00000007c0a00000| Complete 
| 774|0x00000007c0c00000, 0x00000007c0e00000, 0x00000007c0e00000|100%| E|CS|TAMS 0x00000007c0c00000, 0x00000007c0c00000| Complete 
| 775|0x00000007c0e00000, 0x00000007c1000000, 0x00000007c1000000|100%| E|CS|TAMS 0x00000007c0e00000, 0x00000007c0e00000| Complete 
| 776|0x00000007c1000000, 0x00000007c1200000, 0x00000007c1200000|100%| E|CS|TAMS 0x00000007c1000000, 0x00000007c1000000| Complete 
| 777|0x00000007c1200000, 0x00000007c1400000, 0x00000007c1400000|100%| E|CS|TAMS 0x00000007c1200000, 0x00000007c1200000| Complete 
| 778|0x00000007c1400000, 0x00000007c1600000, 0x00000007c1600000|100%| E|CS|TAMS 0x00000007c1400000, 0x00000007c1400000| Complete 
| 779|0x00000007c1600000, 0x00000007c1800000, 0x00000007c1800000|100%| E|CS|TAMS 0x00000007c1600000, 0x00000007c1600000| Complete 
| 780|0x00000007c1800000, 0x00000007c1a00000, 0x00000007c1a00000|100%| E|CS|TAMS 0x00000007c1800000, 0x00000007c1800000| Complete 
| 781|0x00000007c1a00000, 0x00000007c1c00000, 0x00000007c1c00000|100%| E|CS|TAMS 0x00000007c1a00000, 0x00000007c1a00000| Complete 
| 782|0x00000007c1c00000, 0x00000007c1e00000, 0x00000007c1e00000|100%| E|CS|TAMS 0x00000007c1c00000, 0x00000007c1c00000| Complete 
| 783|0x00000007c1e00000, 0x00000007c2000000, 0x00000007c2000000|100%| E|CS|TAMS 0x00000007c1e00000, 0x00000007c1e00000| Complete 
| 784|0x00000007c2000000, 0x00000007c2200000, 0x00000007c2200000|100%| E|CS|TAMS 0x00000007c2000000, 0x00000007c2000000| Complete 
| 785|0x00000007c2200000, 0x00000007c2400000, 0x00000007c2400000|100%| E|CS|TAMS 0x00000007c2200000, 0x00000007c2200000| Complete 
| 786|0x00000007c2400000, 0x00000007c24ffc60, 0x00000007c2600000| 49%| S|CS|TAMS 0x00000007c2400000, 0x00000007c2400000| Complete 
| 787|0x00000007c2600000, 0x00000007c2800000, 0x00000007c2800000|100%| S|CS|TAMS 0x00000007c2600000, 0x00000007c2600000| Complete 
| 788|0x00000007c2800000, 0x00000007c2a00000, 0x00000007c2a00000|100%| S|CS|TAMS 0x00000007c2800000, 0x00000007c2800000| Complete 
| 789|0x00000007c2a00000, 0x00000007c2c00000, 0x00000007c2c00000|100%| E|CS|TAMS 0x00000007c2a00000, 0x00000007c2a00000| Complete 
| 790|0x00000007c2c00000, 0x00000007c2e00000, 0x00000007c2e00000|100%| E|CS|TAMS 0x00000007c2c00000, 0x00000007c2c00000| Complete 
| 791|0x00000007c2e00000, 0x00000007c3000000, 0x00000007c3000000|100%| E|CS|TAMS 0x00000007c2e00000, 0x00000007c2e00000| Complete 
| 792|0x00000007c3000000, 0x00000007c3200000, 0x00000007c3200000|100%| E|CS|TAMS 0x00000007c3000000, 0x00000007c3000000| Complete 
| 793|0x00000007c3200000, 0x00000007c3400000, 0x00000007c3400000|100%| E|CS|TAMS 0x00000007c3200000, 0x00000007c3200000| Complete 
| 794|0x00000007c3400000, 0x00000007c3600000, 0x00000007c3600000|100%| E|CS|TAMS 0x00000007c3400000, 0x00000007c3400000| Complete 
| 795|0x00000007c3600000, 0x00000007c3800000, 0x00000007c3800000|100%| E|CS|TAMS 0x00000007c3600000, 0x00000007c3600000| Complete 
| 796|0x00000007c3800000, 0x00000007c3a00000, 0x00000007c3a00000|100%| E|CS|TAMS 0x00000007c3800000, 0x00000007c3800000| Complete 
| 797|0x00000007c3a00000, 0x00000007c3c00000, 0x00000007c3c00000|100%| E|CS|TAMS 0x00000007c3a00000, 0x00000007c3a00000| Complete 
| 798|0x00000007c3c00000, 0x00000007c3e00000, 0x00000007c3e00000|100%| E|CS|TAMS 0x00000007c3c00000, 0x00000007c3c00000| Complete 
| 799|0x00000007c3e00000, 0x00000007c4000000, 0x00000007c4000000|100%| E|CS|TAMS 0x00000007c3e00000, 0x00000007c3e00000| Complete 
| 800|0x00000007c4000000, 0x00000007c4200000, 0x00000007c4200000|100%| E|CS|TAMS 0x00000007c4000000, 0x00000007c4000000| Complete 
| 801|0x00000007c4200000, 0x00000007c4400000, 0x00000007c4400000|100%| E|CS|TAMS 0x00000007c4200000, 0x00000007c4200000| Complete 
| 802|0x00000007c4400000, 0x00000007c4600000, 0x00000007c4600000|100%| E|CS|TAMS 0x00000007c4400000, 0x00000007c4400000| Complete 
| 803|0x00000007c4600000, 0x00000007c4800000, 0x00000007c4800000|100%| E|CS|TAMS 0x00000007c4600000, 0x00000007c4600000| Complete 
| 804|0x00000007c4800000, 0x00000007c4a00000, 0x00000007c4a00000|100%| E|CS|TAMS 0x00000007c4800000, 0x00000007c4800000| Complete 
| 805|0x00000007c4a00000, 0x00000007c4c00000, 0x00000007c4c00000|100%| E|CS|TAMS 0x00000007c4a00000, 0x00000007c4a00000| Complete 
| 806|0x00000007c4c00000, 0x00000007c4e00000, 0x00000007c4e00000|100%| E|CS|TAMS 0x00000007c4c00000, 0x00000007c4c00000| Complete 
| 807|0x00000007c4e00000, 0x00000007c5000000, 0x00000007c5000000|100%| E|CS|TAMS 0x00000007c4e00000, 0x00000007c4e00000| Complete 
| 808|0x00000007c5000000, 0x00000007c5200000, 0x00000007c5200000|100%| E|CS|TAMS 0x00000007c5000000, 0x00000007c5000000| Complete 
| 809|0x00000007c5200000, 0x00000007c5400000, 0x00000007c5400000|100%| E|CS|TAMS 0x00000007c5200000, 0x00000007c5200000| Complete 
| 810|0x00000007c5400000, 0x00000007c5600000, 0x00000007c5600000|100%| E|CS|TAMS 0x00000007c5400000, 0x00000007c5400000| Complete 
| 811|0x00000007c5600000, 0x00000007c5800000, 0x00000007c5800000|100%| E|CS|TAMS 0x00000007c5600000, 0x00000007c5600000| Complete 
| 812|0x00000007c5800000, 0x00000007c5a00000, 0x00000007c5a00000|100%| E|CS|TAMS 0x00000007c5800000, 0x00000007c5800000| Complete 
| 813|0x00000007c5a00000, 0x00000007c5c00000, 0x00000007c5c00000|100%| E|CS|TAMS 0x00000007c5a00000, 0x00000007c5a00000| Complete 

Card table byte_map: [0x0000027cea110000,0x0000027cea610000] _byte_map_base: 0x0000027ce6610000

Marking Bits (Prev, Next): (CMBitMap*) 0x0000027cd1b740d0, (CMBitMap*) 0x0000027cd1b74090
 Prev Bits: [0x0000027ced310000, 0x0000027cefb10000)
 Next Bits: [0x0000027ceab10000, 0x0000027ced310000)

Polling page: 0x0000027cd12d0000

Metaspace:

Usage:
  Non-class:    285.85 MB used.
      Class:     41.94 MB used.
       Both:    327.79 MB used.

Virtual space:
  Non-class space:      320.00 MB reserved,     287.00 MB ( 90%) committed,  5 nodes.
      Class space:      832.00 MB reserved,      42.94 MB (  5%) committed,  1 nodes.
             Both:        1.12 GB reserved,     329.94 MB ( 29%) committed. 

Chunk freelists:
   Non-Class:  112.00 KB
       Class:  4.97 MB
        Both:  5.08 MB

MaxMetaspaceSize: 1.00 GB
CompressedClassSpaceSize: 832.00 MB
Initial GC threshold: 21.00 MB
Current GC threshold: 547.94 MB
CDS: on
MetaspaceReclaimPolicy: balanced
 - commit_granule_bytes: 65536.
 - commit_granule_words: 8192.
 - virtual_space_node_default_size: 8388608.
 - enlarge_chunks_in_place: 1.
 - new_chunks_are_fully_committed: 0.
 - uncommit_free_chunks: 1.
 - use_allocation_guard: 0.
 - handle_deallocations: 1.


Internal statistics:

num_allocs_failed_limit: 103.
num_arena_births: 3462.
num_arena_deaths: 58.
num_vsnodes_births: 6.
num_vsnodes_deaths: 0.
num_space_committed: 5273.
num_space_uncommitted: 0.
num_chunks_returned_to_freelist: 203.
num_chunks_taken_from_freelist: 17385.
num_chunk_merges: 130.
num_chunk_splits: 12287.
num_chunks_enlarged: 8680.
num_inconsistent_stats: 0.

CodeHeap 'non-profiled nmethods': size=128192Kb used=26036Kb max_used=26043Kb free=102155Kb
 bounds [0x0000027ce1970000, 0x0000027ce3300000, 0x0000027ce96a0000]
CodeHeap 'profiled nmethods': size=128192Kb used=84138Kb max_used=84138Kb free=44053Kb
 bounds [0x0000027cd96a0000, 0x0000027cde8d0000, 0x0000027ce13d0000]
CodeHeap 'non-nmethods': size=5760Kb used=2923Kb max_used=3004Kb free=2836Kb
 bounds [0x0000027ce13d0000, 0x0000027ce16d0000, 0x0000027ce1970000]
 total_blobs=40905 nmethods=39357 adapters=1457
 compilation: enabled
              stopped_count=0, restarted_count=0
 full_count=0

Compilation events (20 events):
Event: 499.610 Thread 0x0000027cf278c2e0 50777       3       com.android.tools.r8.internal.n62$$Lambda$9220/0x0000027c83b01c70::accept (12 bytes)
Event: 499.610 Thread 0x0000027cf278c2e0 nmethod 50777 0x0000027cde8c0310 code [0x0000027cde8c04c0, 0x0000027cde8c0708]
Event: 499.612 Thread 0x0000027cf278c2e0 50778       2       com.android.tools.r8.naming.g0::b (45 bytes)
Event: 499.613 Thread 0x0000027cf278c2e0 nmethod 50778 0x0000027cde8c0810 code [0x0000027cde8c0a00, 0x0000027cde8c0c18]
Event: 499.619 Thread 0x0000027cf278c2e0 50780       2       com.android.tools.r8.internal.ip0::a (30 bytes)
Event: 499.620 Thread 0x0000027cf278c2e0 nmethod 50780 0x0000027cde8c0d90 code [0x0000027cde8c0f60, 0x0000027cde8c1188]
Event: 499.620 Thread 0x0000027cf278c2e0 50781       2       com.android.tools.r8.internal.w62::a (106 bytes)
Event: 499.620 Thread 0x0000027cf278c2e0 nmethod 50781 0x0000027cde8c1310 code [0x0000027cde8c14e0, 0x0000027cde8c17d8]
Event: 499.642 Thread 0x0000027cf278c2e0 50787       2       com.android.tools.r8.internal.n62::a (164 bytes)
Event: 499.643 Thread 0x0000027cf278c2e0 nmethod 50787 0x0000027cde8c1990 code [0x0000027cde8c1ba0, 0x0000027cde8c2028]
Event: 499.737 Thread 0x0000027cf278c2e0 50791       2       com.android.tools.r8.internal.wd1::get (104 bytes)
Event: 499.737 Thread 0x0000027cf278c2e0 nmethod 50791 0x0000027cde8c2310 code [0x0000027cde8c24e0, 0x0000027cde8c2878]
Event: 499.771 Thread 0x0000027cf278c2e0 50795       1       com.android.tools.r8.internal.b24::accept (6 bytes)
Event: 499.771 Thread 0x0000027cf278c2e0 nmethod 50795 0x0000027ce31b6b10 code [0x0000027ce31b6ca0, 0x0000027ce31b6db8]
Event: 499.777 Thread 0x0000027cf278c2e0 50796       2       com.android.tools.r8.internal.n62::c (31 bytes)
Event: 499.778 Thread 0x0000027cf278c2e0 nmethod 50796 0x0000027cde8c2a90 code [0x0000027cde8c2c80, 0x0000027cde8c2fa8]
Event: 499.779 Thread 0x0000027cf278c2e0 50797       3       com.android.tools.r8.internal.v8::F (50 bytes)
Event: 499.779 Thread 0x0000027cf278c2e0 nmethod 50797 0x0000027cde8c3210 code [0x0000027cde8c33e0, 0x0000027cde8c3a78]
Event: 499.782 Thread 0x0000027cf278c2e0 50799       2       com.android.tools.r8.internal.n62::k (58 bytes)
Event: 499.783 Thread 0x0000027cf278c2e0 nmethod 50799 0x0000027cde8c3b90 code [0x0000027cde8c3d80, 0x0000027cde8c4038]

GC Heap History (20 events):
Event: 489.230 GC heap before
{Heap before GC invocations=112 (full 0):
 garbage-first heap   total 1228800K, used 1057919K [0x0000000760000000, 0x0000000800000000)
  region size 2048K, 146 young (299008K), 10 survivors (20480K)
 Metaspace       used 313431K, committed 315584K, reserved 1179648K
  class space    used 39485K, committed 40512K, reserved 851968K
}
Event: 489.265 GC heap after
{Heap after GC invocations=113 (full 0):
 garbage-first heap   total 1228800K, used 797716K [0x0000000760000000, 0x0000000800000000)
  region size 2048K, 18 young (36864K), 18 survivors (36864K)
 Metaspace       used 313431K, committed 315584K, reserved 1179648K
  class space    used 39485K, committed 40512K, reserved 851968K
}
Event: 489.421 GC heap before
{Heap before GC invocations=113 (full 0):
 garbage-first heap   total 1228800K, used 818196K [0x0000000760000000, 0x0000000800000000)
  region size 2048K, 29 young (59392K), 18 survivors (36864K)
 Metaspace       used 314022K, committed 316096K, reserved 1179648K
  class space    used 39583K, committed 40576K, reserved 851968K
}
Event: 489.602 GC heap after
{Heap after GC invocations=114 (full 0):
 garbage-first heap   total 1228800K, used 800727K [0x0000000760000000, 0x0000000800000000)
  region size 2048K, 11 young (22528K), 11 survivors (22528K)
 Metaspace       used 314022K, committed 316096K, reserved 1179648K
  class space    used 39583K, committed 40576K, reserved 851968K
}
Event: 491.005 GC heap before
{Heap before GC invocations=114 (full 0):
 garbage-first heap   total 1228800K, used 1054679K [0x0000000760000000, 0x0000000800000000)
  region size 2048K, 135 young (276480K), 11 survivors (22528K)
 Metaspace       used 319148K, committed 321280K, reserved 1179648K
  class space    used 40398K, committed 41408K, reserved 851968K
}
Event: 491.042 GC heap after
{Heap after GC invocations=115 (full 0):
 garbage-first heap   total 1228800K, used 816932K [0x0000000760000000, 0x0000000800000000)
  region size 2048K, 10 young (20480K), 10 survivors (20480K)
 Metaspace       used 319148K, committed 321280K, reserved 1179648K
  class space    used 40398K, committed 41408K, reserved 851968K
}
Event: 492.288 GC heap before
{Heap before GC invocations=115 (full 0):
 garbage-first heap   total 1228800K, used 1058596K [0x0000000760000000, 0x0000000800000000)
  region size 2048K, 127 young (260096K), 10 survivors (20480K)
 Metaspace       used 322806K, committed 324928K, reserved 1179648K
  class space    used 40840K, committed 41856K, reserved 851968K
}
Event: 492.323 GC heap after
{Heap after GC invocations=116 (full 0):
 garbage-first heap   total 1228800K, used 834955K [0x0000000760000000, 0x0000000800000000)
  region size 2048K, 15 young (30720K), 15 survivors (30720K)
 Metaspace       used 322806K, committed 324928K, reserved 1179648K
  class space    used 40840K, committed 41856K, reserved 851968K
}
Event: 494.023 GC heap before
{Heap before GC invocations=116 (full 0):
 garbage-first heap   total 1556480K, used 1058187K [0x0000000760000000, 0x0000000800000000)
  region size 2048K, 125 young (256000K), 15 survivors (30720K)
 Metaspace       used 323996K, committed 326016K, reserved 1179648K
  class space    used 41030K, committed 41984K, reserved 851968K
}
Event: 494.065 GC heap after
{Heap after GC invocations=117 (full 0):
 garbage-first heap   total 1556480K, used 847095K [0x0000000760000000, 0x0000000800000000)
  region size 2048K, 13 young (26624K), 13 survivors (26624K)
 Metaspace       used 323996K, committed 326016K, reserved 1179648K
  class space    used 41030K, committed 41984K, reserved 851968K
}
Event: 495.772 GC heap before
{Heap before GC invocations=118 (full 0):
 garbage-first heap   total 1556480K, used 1318135K [0x0000000760000000, 0x0000000800000000)
  region size 2048K, 244 young (499712K), 13 survivors (26624K)
 Metaspace       used 327453K, committed 329472K, reserved 1179648K
  class space    used 41522K, committed 42496K, reserved 851968K
}
Event: 495.816 GC heap after
{Heap after GC invocations=119 (full 0):
 garbage-first heap   total 1556480K, used 879755K [0x0000000760000000, 0x0000000800000000)
  region size 2048K, 29 young (59392K), 29 survivors (59392K)
 Metaspace       used 327453K, committed 329472K, reserved 1179648K
  class space    used 41522K, committed 42496K, reserved 851968K
}
Event: 495.840 GC heap before
{Heap before GC invocations=119 (full 0):
 garbage-first heap   total 1556480K, used 896139K [0x0000000760000000, 0x0000000800000000)
  region size 2048K, 38 young (77824K), 29 survivors (59392K)
 Metaspace       used 327520K, committed 329536K, reserved 1179648K
  class space    used 41526K, committed 42496K, reserved 851968K
}
Event: 496.007 GC heap after
{Heap after GC invocations=120 (full 0):
 garbage-first heap   total 1556480K, used 822938K [0x0000000760000000, 0x0000000800000000)
  region size 2048K, 4 young (8192K), 4 survivors (8192K)
 Metaspace       used 327520K, committed 329536K, reserved 1179648K
  class space    used 41526K, committed 42496K, reserved 851968K
}
Event: 497.745 GC heap before
{Heap before GC invocations=120 (full 0):
 garbage-first heap   total 1556480K, used 1308314K [0x0000000760000000, 0x0000000800000000)
  region size 2048K, 242 young (495616K), 4 survivors (8192K)
 Metaspace       used 334002K, committed 336128K, reserved 1179648K
  class space    used 42713K, committed 43712K, reserved 851968K
}
Event: 497.772 GC heap after
{Heap after GC invocations=121 (full 0):
 garbage-first heap   total 1556480K, used 836919K [0x0000000760000000, 0x0000000800000000)
  region size 2048K, 11 young (22528K), 11 survivors (22528K)
 Metaspace       used 334002K, committed 336128K, reserved 1179648K
  class space    used 42713K, committed 43712K, reserved 851968K
}
Event: 499.663 GC heap before
{Heap before GC invocations=122 (full 0):
 garbage-first heap   total 1667072K, used 1305911K [0x0000000760000000, 0x0000000800000000)
  region size 2048K, 241 young (493568K), 11 survivors (22528K)
 Metaspace       used 335658K, committed 337856K, reserved 1179648K
  class space    used 42950K, committed 43968K, reserved 851968K
}
Event: 499.700 GC heap after
{Heap after GC invocations=123 (full 0):
 garbage-first heap   total 1667072K, used 844717K [0x0000000760000000, 0x0000000800000000)
  region size 2048K, 15 young (30720K), 15 survivors (30720K)
 Metaspace       used 335658K, committed 337856K, reserved 1179648K
  class space    used 42950K, committed 43968K, reserved 851968K
}
Event: 499.785 GC heap before
{Heap before GC invocations=123 (full 0):
 garbage-first heap   total 1667072K, used 895917K [0x0000000760000000, 0x0000000800000000)
  region size 2048K, 40 young (81920K), 15 survivors (30720K)
 Metaspace       used 335659K, committed 337856K, reserved 1179648K
  class space    used 42950K, committed 43968K, reserved 851968K
}
Event: 500.917 GC heap after
{Heap after GC invocations=124 (full 0):
 garbage-first heap   total 1667072K, used 773500K [0x0000000760000000, 0x0000000800000000)
  region size 2048K, 3 young (6144K), 3 survivors (6144K)
 Metaspace       used 335659K, committed 337856K, reserved 1179648K
  class space    used 42950K, committed 43968K, reserved 851968K
}

Dll operation events (17 events):
Event: 0.037 Loaded shared library C:\Program Files\Eclipse Adoptium\jdk-17.0.20.8-hotspot\bin\java.dll
Event: 0.061 Loaded shared library C:\Program Files\Eclipse Adoptium\jdk-17.0.20.8-hotspot\bin\jsvml.dll
Event: 0.135 Loaded shared library C:\Program Files\Eclipse Adoptium\jdk-17.0.20.8-hotspot\bin\zip.dll
Event: 0.141 Loaded shared library C:\Program Files\Eclipse Adoptium\jdk-17.0.20.8-hotspot\bin\instrument.dll
Event: 0.147 Loaded shared library C:\Program Files\Eclipse Adoptium\jdk-17.0.20.8-hotspot\bin\net.dll
Event: 0.150 Loaded shared library C:\Program Files\Eclipse Adoptium\jdk-17.0.20.8-hotspot\bin\nio.dll
Event: 0.153 Loaded shared library C:\Program Files\Eclipse Adoptium\jdk-17.0.20.8-hotspot\bin\zip.dll
Event: 0.713 Loaded shared library C:\Program Files\Eclipse Adoptium\jdk-17.0.20.8-hotspot\bin\jimage.dll
Event: 1.125 Loaded shared library C:\Program Files\Eclipse Adoptium\jdk-17.0.20.8-hotspot\bin\verify.dll
Event: 1.189 Loaded shared library C:\Users\laiba\.gradle\native\1def1411415f61bf3af743bc5b6707747c0891f09f0c88961ee8f79bc544acac\windows-amd64\native-platform.dll
Event: 1.250 Loaded shared library C:\Users\laiba\.gradle\native\0.2.8\x86_64-windows-gnu\gradle-fileevents.dll
Event: 6.929 Loaded shared library C:\Program Files\Eclipse Adoptium\jdk-17.0.20.8-hotspot\bin\management.dll
Event: 6.943 Loaded shared library C:\Program Files\Eclipse Adoptium\jdk-17.0.20.8-hotspot\bin\management_ext.dll
Event: 7.647 Loaded shared library C:\Program Files\Eclipse Adoptium\jdk-17.0.20.8-hotspot\bin\extnet.dll
Event: 8.566 Loaded shared library C:\Program Files\Eclipse Adoptium\jdk-17.0.20.8-hotspot\bin\sunmscapi.dll
Event: 458.966 Loaded shared library C:\Program Files\Eclipse Adoptium\jdk-17.0.20.8-hotspot\bin\rmi.dll
Event: 484.843 Loaded shared library C:\Program Files\Eclipse Adoptium\jdk-17.0.20.8-hotspot\bin\awt.dll

Deoptimization events (20 events):
Event: 499.465 Thread 0x0000027cc455c070 DEOPT PACKING pc=0x0000027cdd1f0d30 sp=0x000000a6bb1fe6a0
Event: 499.465 Thread 0x0000027cc455c070 DEOPT UNPACKING pc=0x0000027ce1427143 sp=0x000000a6bb1fdb88 mode 0
Event: 499.500 Thread 0x0000027cc4557ea0 DEOPT PACKING pc=0x0000027cde117d2e sp=0x000000a6b88fe2a0
Event: 499.500 Thread 0x0000027cc4557ea0 DEOPT UNPACKING pc=0x0000027ce1427143 sp=0x000000a6b88fd7f0 mode 0
Event: 499.509 Thread 0x0000027cc455b650 DEOPT PACKING pc=0x0000027cde117d2e sp=0x000000a6bb4fe1a0
Event: 499.509 Thread 0x0000027cc455b650 DEOPT UNPACKING pc=0x0000027ce1427143 sp=0x000000a6bb4fd6f0 mode 0
Event: 499.535 Thread 0x0000027cc4555b30 Uncommon trap: trap_request=0xffffff45 fr.pc=0x0000027ce328d464 relative=0x0000000000005fe4
Event: 499.536 Thread 0x0000027cc4555b30 Uncommon trap: reason=unstable_if action=reinterpret pc=0x0000027ce328d464 method=com.android.tools.r8.internal.id4.a(Lcom/android/tools/r8/internal/ai4;Lcom/android/tools/r8/internal/md4;)V @ 154 c2
Event: 499.536 Thread 0x0000027cc4555b30 DEOPT PACKING pc=0x0000027ce328d464 sp=0x000000a6baefe130
Event: 499.536 Thread 0x0000027cc4555b30 DEOPT UNPACKING pc=0x0000027ce14269a3 sp=0x000000a6baefe190 mode 2
Event: 499.554 Thread 0x0000027cc455a210 DEOPT PACKING pc=0x0000027cde117d2e sp=0x000000a6baffe420
Event: 499.554 Thread 0x0000027cc455a210 DEOPT UNPACKING pc=0x0000027ce1427143 sp=0x000000a6baffd970 mode 0
Event: 499.618 Thread 0x0000027cc4557ea0 DEOPT PACKING pc=0x0000027cde117d2e sp=0x000000a6b88fe280
Event: 499.618 Thread 0x0000027cc4557ea0 DEOPT UNPACKING pc=0x0000027ce1427143 sp=0x000000a6b88fd7d0 mode 0
Event: 499.629 Thread 0x0000027cc455bb60 DEOPT PACKING pc=0x0000027cde117d2e sp=0x000000a6bb2fe7b0
Event: 499.629 Thread 0x0000027cc455bb60 DEOPT UNPACKING pc=0x0000027ce1427143 sp=0x000000a6bb2fdd00 mode 0
Event: 499.639 Thread 0x0000027cc4557ea0 DEOPT PACKING pc=0x0000027cdd1f0d30 sp=0x000000a6b88fe150
Event: 499.639 Thread 0x0000027cc4557ea0 DEOPT UNPACKING pc=0x0000027ce1427143 sp=0x000000a6b88fd638 mode 0
Event: 499.760 Thread 0x0000027cc4555b30 DEOPT PACKING pc=0x0000027cde117d2e sp=0x000000a6baefe090
Event: 499.760 Thread 0x0000027cc4555b30 DEOPT UNPACKING pc=0x0000027ce1427143 sp=0x000000a6baefd5e0 mode 0

Classes loaded (20 events):
Event: 485.383 Loading class java/util/ArrayDeque$DescendingIterator
Event: 485.384 Loading class java/util/ArrayDeque$DescendingIterator done
Event: 486.133 Loading class sun/awt/AppContext$PostShutdownEventRunnable
Event: 486.138 Loading class sun/awt/AppContext$PostShutdownEventRunnable done
Event: 486.142 Loading class sun/awt/AWTAutoShutdown$1
Event: 486.143 Loading class sun/awt/AWTAutoShutdown$1 done
Event: 486.144 Loading class java/awt/AWTEvent$1
Event: 486.144 Loading class sun/awt/AWTAccessor$AWTEventAccessor
Event: 486.145 Loading class sun/awt/AWTAccessor$AWTEventAccessor done
Event: 486.145 Loading class java/awt/AWTEvent$1 done
Event: 497.647 Loading class java/util/EnumMap$Values
Event: 497.649 Loading class java/util/EnumMap$Values done
Event: 497.649 Loading class java/util/EnumMap$ValueIterator
Event: 497.649 Loading class java/util/EnumMap$ValueIterator done
Event: 497.654 Loading class java/nio/file/ProviderNotFoundException
Event: 497.654 Loading class java/nio/file/ProviderNotFoundException done
Event: 499.184 Loading class java/util/IdentityHashMap$EntryIterator
Event: 499.185 Loading class java/util/IdentityHashMap$EntryIterator done
Event: 499.189 Loading class java/util/concurrent/ConcurrentHashMap$KeySpliterator
Event: 499.190 Loading class java/util/concurrent/ConcurrentHashMap$KeySpliterator done

Classes unloaded (20 events):
Event: 492.639 Thread 0x0000027cf2749f70 Unloading class 0x0000027c828e28e8 '_BuildScript_$_run_closure1$_closure3'
Event: 492.640 Thread 0x0000027cf2749f70 Unloading class 0x0000027c828e2500 '_BuildScript_$_run_closure1'
Event: 492.640 Thread 0x0000027cf2749f70 Unloading class 0x0000027c828e2000 '_BuildScript_'
Event: 492.640 Thread 0x0000027cf2749f70 Unloading class 0x0000027c828e08e0 '_BuildScript_$_run_closure1$_closure2'
Event: 492.640 Thread 0x0000027cf2749f70 Unloading class 0x0000027c828e04f8 '_BuildScript_$_run_closure1'
Event: 492.640 Thread 0x0000027cf2749f70 Unloading class 0x0000027c828e0000 '_BuildScript_'
Event: 492.640 Thread 0x0000027cf2749f70 Unloading class 0x0000027c828a78c8 '_BuildScript_$_run_closure1$_closure2'
Event: 492.640 Thread 0x0000027cf2749f70 Unloading class 0x0000027c828a74e0 '_BuildScript_$_run_closure1'
Event: 492.640 Thread 0x0000027cf2749f70 Unloading class 0x0000027c828a7000 '_BuildScript_'
Event: 492.640 Thread 0x0000027cf2749f70 Unloading class 0x0000027c828394e0 '_BuildScript_$_run_closure1'
Event: 492.640 Thread 0x0000027cf2749f70 Unloading class 0x0000027c82839000 '_BuildScript_'
Event: 492.640 Thread 0x0000027cf2749f70 Unloading class 0x0000027c828263e8 '_BuildScript_$_run_closure2$_closure8'
Event: 492.641 Thread 0x0000027cf2749f70 Unloading class 0x0000027c82826000 '_BuildScript_$_run_closure2$_closure7'
Event: 492.641 Thread 0x0000027cf2749f70 Unloading class 0x0000027c82825bb8 '_BuildScript_$_run_closure2$_closure6'
Event: 492.641 Thread 0x0000027cf2749f70 Unloading class 0x0000027c828257d0 '_BuildScript_$_run_closure2$_closure5'
Event: 492.641 Thread 0x0000027cf2749f70 Unloading class 0x0000027c828253e8 '_BuildScript_$_run_closure2$_closure4'
Event: 492.641 Thread 0x0000027cf2749f70 Unloading class 0x0000027c82825000 '_BuildScript_$_run_closure2'
Event: 492.641 Thread 0x0000027cf2749f70 Unloading class 0x0000027c828248e8 '_BuildScript_$_run_closure1$_closure3'
Event: 492.641 Thread 0x0000027cf2749f70 Unloading class 0x0000027c82824500 '_BuildScript_$_run_closure1'
Event: 492.641 Thread 0x0000027cf2749f70 Unloading class 0x0000027c82824000 '_BuildScript_'

Classes redefined (0 events):
No events

Internal exceptions (20 events):
Event: 496.466 Thread 0x0000027cc455a720 Exception <a 'java/lang/IncompatibleClassChangeError'{0x00000007bb19f4d8}: Found class java.lang.Object, but interface was expected> (0x00000007bb19f4d8) 
thrown [s\src\hotspot\share\interpreter\linkResolver.cpp, line 826]
Event: 496.466 Thread 0x0000027cc455c070 Exception <a 'java/lang/IncompatibleClassChangeError'{0x00000007b9ff3b38}: Found class java.lang.Object, but interface was expected> (0x00000007b9ff3b38) 
thrown [s\src\hotspot\share\interpreter\linkResolver.cpp, line 826]
Event: 496.466 Thread 0x0000027cc455bb60 Exception <a 'java/lang/IncompatibleClassChangeError'{0x00000007b9470638}: Found class java.lang.Object, but interface was expected> (0x00000007b9470638) 
thrown [s\src\hotspot\share\interpreter\linkResolver.cpp, line 826]
Event: 496.466 Thread 0x0000027cc45588c0 Exception <a 'java/lang/IncompatibleClassChangeError'{0x00000007b91aea40}: Found class java.lang.Object, but interface was expected> (0x00000007b91aea40) 
thrown [s\src\hotspot\share\interpreter\linkResolver.cpp, line 826]
Event: 496.466 Thread 0x0000027cc4559d00 Exception <a 'java/lang/IncompatibleClassChangeError'{0x00000007b9020d00}: Found class java.lang.Object, but interface was expected> (0x00000007b9020d00) 
thrown [s\src\hotspot\share\interpreter\linkResolver.cpp, line 826]
Event: 496.466 Thread 0x0000027cc4557ea0 Exception <a 'java/lang/IncompatibleClassChangeError'{0x00000007b9139ac0}: Found class java.lang.Object, but interface was expected> (0x00000007b9139ac0) 
thrown [s\src\hotspot\share\interpreter\linkResolver.cpp, line 826]
Event: 496.466 Thread 0x0000027cc4558dd0 Exception <a 'java/lang/IncompatibleClassChangeError'{0x00000007b94e92a0}: Found class java.lang.Object, but interface was expected> (0x00000007b94e92a0) 
thrown [s\src\hotspot\share\interpreter\linkResolver.cpp, line 826]
Event: 496.477 Thread 0x0000027cc4559d00 Exception <a 'java/lang/NoSuchMethodError'{0x00000007b902d388}: 'void java.lang.invoke.DirectMethodHandle$Holder.invokeSpecialIFC(java.lang.Object, java.lang.Object, java.lang.Object, java.lang.Object)'> (0x00000007b902d388) 
thrown [s\src\hotspot\share\interpreter\linkResolver.cpp, line 759]
Event: 496.477 Thread 0x0000027cc455a720 Exception <a 'java/lang/NoSuchMethodError'{0x00000007bb1abb00}: 'void java.lang.invoke.DirectMethodHandle$Holder.invokeSpecialIFC(java.lang.Object, java.lang.Object, java.lang.Object, java.lang.Object)'> (0x00000007bb1abb00) 
thrown [s\src\hotspot\share\interpreter\linkResolver.cpp, line 759]
Event: 496.477 Thread 0x0000027cc455c070 Exception <a 'java/lang/NoSuchMethodError'{0x00000007b8f2ac08}: 'void java.lang.invoke.DirectMethodHandle$Holder.invokeSpecialIFC(java.lang.Object, java.lang.Object, java.lang.Object, java.lang.Object)'> (0x00000007b8f2ac08) 
thrown [s\src\hotspot\share\interpreter\linkResolver.cpp, line 759]
Event: 496.477 Thread 0x0000027cc4555b30 Exception <a 'java/lang/NoSuchMethodError'{0x00000007b8e0ad78}: 'void java.lang.invoke.DirectMethodHandle$Holder.invokeSpecialIFC(java.lang.Object, java.lang.Object, java.lang.Object, java.lang.Object)'> (0x00000007b8e0ad78) 
thrown [s\src\hotspot\share\interpreter\linkResolver.cpp, line 759]
Event: 496.514 Thread 0x0000027cc4558dd0 Exception <a 'java/lang/IncompatibleClassChangeError'{0x00000007b94fec48}: Found class java.lang.Object, but interface was expected> (0x00000007b94fec48) 
thrown [s\src\hotspot\share\interpreter\linkResolver.cpp, line 826]
Event: 496.514 Thread 0x0000027cc455a210 Exception <a 'java/lang/IncompatibleClassChangeError'{0x00000007b9798ae0}: Found class java.lang.Object, but interface was expected> (0x00000007b9798ae0) 
thrown [s\src\hotspot\share\interpreter\linkResolver.cpp, line 826]
Event: 496.515 Thread 0x0000027cc4555b30 Exception <a 'java/lang/IncompatibleClassChangeError'{0x00000007b8e500a0}: Found class java.lang.Object, but interface was expected> (0x00000007b8e500a0) 
thrown [s\src\hotspot\share\interpreter\linkResolver.cpp, line 826]
Event: 496.518 Thread 0x0000027cc4559d00 Exception <a 'java/lang/NoSuchMethodError'{0x00000007b9081420}: 'java.lang.Object java.lang.invoke.DirectMethodHandle$Holder.newInvokeSpecial(java.lang.Object, int, java.lang.Object, int, java.lang.Object)'> (0x00000007b9081420) 
thrown [s\src\hotspot\share\interpreter\linkResolver.cpp, line 759]
Event: 497.779 Thread 0x0000027cf9133230 Exception <a 'sun/nio/fs/WindowsException'{0x00000007beaa5058}> (0x00000007beaa5058) 
thrown [s\src\hotspot\share\prims\jni.cpp, line 516]
Event: 497.780 Thread 0x0000027cf9133230 Exception <a 'sun/nio/fs/WindowsException'{0x00000007beaa6430}> (0x00000007beaa6430) 
thrown [s\src\hotspot\share\prims\jni.cpp, line 516]
Event: 498.131 Thread 0x0000027cf9133230 Exception <a 'sun/nio/fs/WindowsException'{0x00000007b9f602d0}> (0x00000007b9f602d0) 
thrown [s\src\hotspot\share\prims\jni.cpp, line 516]
Event: 499.060 Thread 0x0000027cc0107210 Exception <a 'java/lang/ClassCastException'{0x00000007c4ff9b98}: class kotlin.reflect.jvm.internal.ReflectionFactoryImpl cannot be cast to class com.android.tools.r8.internal.jg3 (kotlin.reflect.jvm.internal.ReflectionFactoryImpl is in unnamed module of loader org.gradle.internal.classloader.VisitableURLClassLoader @5b1d2887; com.android.tools.r8.internal.jg3 is in unnamed module of loader org.gradle.internal.classloader.VisitableURLClassLoader$InstrumentingVisitableURLClassLoader @3d2cacdf)> (0x00000007c4
Event: 499.247 Thread 0x0000027cc4559d00 Exception <a 'java/lang/NoSuchMethodError'{0x00000007c2800950}: 'java.lang.Object java.lang.invoke.DirectMethodHandle$Holder.invokeStatic(java.lang.Object, java.lang.Object, java.lang.Object, long)'> (0x00000007c2800950) 
thrown [s\src\hotspot\share\interpreter\linkResolver.cpp, line 759]

VM Operations (20 events):
Event: 497.884 Executing VM operation: HandshakeAllThreads
Event: 497.884 Executing VM operation: HandshakeAllThreads done
Event: 498.170 Executing VM operation: ICBufferFull
Event: 498.170 Executing VM operation: ICBufferFull done
Event: 498.552 Executing VM operation: G1PauseRemark
Event: 498.588 Executing VM operation: G1PauseRemark done
Event: 498.725 Executing VM operation: HandshakeAllThreads
Event: 498.726 Executing VM operation: HandshakeAllThreads done
Event: 498.997 Executing VM operation: G1PauseCleanup
Event: 498.997 Executing VM operation: G1PauseCleanup done
Event: 499.206 Executing VM operation: HandshakeAllThreads
Event: 499.207 Executing VM operation: HandshakeAllThreads done
Event: 499.288 Executing VM operation: ICBufferFull
Event: 499.288 Executing VM operation: ICBufferFull done
Event: 499.563 Executing VM operation: ICBufferFull
Event: 499.564 Executing VM operation: ICBufferFull done
Event: 499.663 Executing VM operation: G1CollectForAllocation
Event: 499.700 Executing VM operation: G1CollectForAllocation done
Event: 499.785 Executing VM operation: G1CollectForAllocation
Event: 500.917 Executing VM operation: G1CollectForAllocation done

Memory protections (0 events):
No events

Nmethod flushes (20 events):
Event: 496.999 Thread 0x0000027cf28e0870 flushing  nmethod 0x0000027cde674290
Event: 496.999 Thread 0x0000027cf28e0870 flushing  nmethod 0x0000027cde675090
Event: 496.999 Thread 0x0000027cf28e0870 flushing  nmethod 0x0000027cde6ddf10
Event: 496.999 Thread 0x0000027cf28e0870 flushing  nmethod 0x0000027cde6e0c90
Event: 496.999 Thread 0x0000027cf28e0870 flushing  nmethod 0x0000027cde6e2290
Event: 496.999 Thread 0x0000027cf28e0870 flushing  nmethod 0x0000027cde6e2610
Event: 497.000 Thread 0x0000027cf28e0870 flushing  nmethod 0x0000027cde715a90
Event: 497.000 Thread 0x0000027cf28e0870 flushing  nmethod 0x0000027cde719610
Event: 497.000 Thread 0x0000027cf28e0870 flushing  nmethod 0x0000027cde71b290
Event: 499.234 Thread 0x0000027cf28e0870 flushing  nmethod 0x0000027ce31b5410
Event: 499.234 Thread 0x0000027cf28e0870 flushing  nmethod 0x0000027ce3268710
Event: 499.326 Thread 0x0000027cf28e0870 flushing  nmethod 0x0000027cdcdeba10
Event: 499.326 Thread 0x0000027cf28e0870 flushing  nmethod 0x0000027cdce19710
Event: 499.341 Thread 0x0000027cf28e0870 flushing  nmethod 0x0000027cdd63ca10
Event: 499.356 Thread 0x0000027cf28e0870 flushing  nmethod 0x0000027cde038390
Event: 499.356 Thread 0x0000027cf28e0870 flushing  nmethod 0x0000027cde047290
Event: 499.356 Thread 0x0000027cf28e0870 flushing  nmethod 0x0000027cde059510
Event: 499.356 Thread 0x0000027cf28e0870 flushing  nmethod 0x0000027cde067d10
Event: 499.356 Thread 0x0000027cf28e0870 flushing  nmethod 0x0000027cde073090
Event: 499.364 Thread 0x0000027cf28e0870 flushing  nmethod 0x0000027cde571b10

Events (20 events):
Event: 470.447 Thread 0x0000027cc455c070 Thread added: 0x0000027cc455bb60
Event: 470.448 Thread 0x0000027cc455bb60 Thread added: 0x0000027cc455ac30
Event: 470.448 Thread 0x0000027cc455ac30 Thread added: 0x0000027cc455b650
Event: 470.450 Thread 0x0000027cc455b650 Thread added: 0x0000027cc4559d00
Event: 474.759 Thread 0x0000027cf278c2e0 Thread added: 0x0000027cbdb154c0
Event: 477.510 Thread 0x0000027cc00fc5f0 Thread added: 0x0000027cca6cb320
Event: 477.511 Thread 0x0000027cc00fc5f0 Thread added: 0x0000027cca6cb830
Event: 477.560 Thread 0x0000027cbdb154c0 Thread exited: 0x0000027cbdb154c0
Event: 477.587 Thread 0x0000027cca6cb830 Thread added: 0x0000027cc4517730
Event: 482.601 Thread 0x0000027cc00fc5f0 Thread added: 0x0000027cc4c1a7c0
Event: 482.627 Thread 0x0000027cc00fc5f0 Thread added: 0x0000027cc4c1c110
Event: 482.903 Thread 0x0000027cf278c2e0 Thread added: 0x0000027cc09704e0
Event: 484.029 Thread 0x0000027cc00fc5f0 Thread added: 0x0000027cbefd9000
Event: 484.939 Thread 0x0000027cc00fc5f0 Thread added: 0x0000027cc455f310
Event: 484.940 Thread 0x0000027cc00fc5f0 Thread added: 0x0000027cc455d4b0
Event: 484.942 Thread 0x0000027cc00fc5f0 Thread added: 0x0000027cbda3d690
Event: 486.149 Thread 0x0000027cc455d4b0 Thread exited: 0x0000027cc455d4b0
Event: 491.446 Thread 0x0000027cbefd9000 Thread added: 0x0000027cbd540a80
Event: 497.820 Thread 0x0000027cc01002b0 Thread added: 0x0000027cc066eb90
Event: 497.998 Thread 0x0000027cca6cb320 Thread added: 0x0000027cc4263030


Dynamic libraries:
0x00007ff61c400000 - 0x00007ff61c40e000 	C:\Program Files\Eclipse Adoptium\jdk-17.0.20.8-hotspot\bin\java.exe
0x00007fffef900000 - 0x00007fffefb66000 	C:\WINDOWS\SYSTEM32\ntdll.dll
0x00007fffeed80000 - 0x00007fffeee49000 	C:\WINDOWS\System32\KERNEL32.DLL
0x00007fffecc40000 - 0x00007fffed03f000 	C:\WINDOWS\System32\KERNELBASE.dll
0x00007fffed330000 - 0x00007fffed47c000 	C:\WINDOWS\System32\ucrtbase.dll
0x00007fffa50e0000 - 0x00007fffa50f8000 	C:\Program Files\Eclipse Adoptium\jdk-17.0.20.8-hotspot\bin\jli.dll
0x00007fffd3870000 - 0x00007fffd388e000 	C:\Program Files\Eclipse Adoptium\jdk-17.0.20.8-hotspot\bin\VCRUNTIME140.dll
0x00007fffee160000 - 0x00007fffee326000 	C:\WINDOWS\System32\USER32.dll
0x00007fffed490000 - 0x00007fffed4b7000 	C:\WINDOWS\System32\win32u.dll
0x00007fffd3cc0000 - 0x00007fffd3f51000 	C:\WINDOWS\WinSxS\amd64_microsoft.windows.common-controls_6595b64144ccf1df_6.0.26100.8972_none_3e0da176e32f9d4b\COMCTL32.dll
0x00007fffeddb0000 - 0x00007fffedddb000 	C:\WINDOWS\System32\GDI32.dll
0x00007fffed630000 - 0x00007fffed6d9000 	C:\WINDOWS\System32\msvcrt.dll
0x00007fffecb10000 - 0x00007fffecc39000 	C:\WINDOWS\System32\gdi32full.dll
0x00007fffed580000 - 0x00007fffed623000 	C:\WINDOWS\System32\msvcp_win.dll
0x00007fffee390000 - 0x00007fffee3c2000 	C:\WINDOWS\System32\IMM32.DLL
0x00007fffd3860000 - 0x00007fffd386c000 	C:\Program Files\Eclipse Adoptium\jdk-17.0.20.8-hotspot\bin\vcruntime140_1.dll
0x00007fffa5050000 - 0x00007fffa50dd000 	C:\Program Files\Eclipse Adoptium\jdk-17.0.20.8-hotspot\bin\msvcp140.dll
0x00007fff61f20000 - 0x00007fff62b8c000 	C:\Program Files\Eclipse Adoptium\jdk-17.0.20.8-hotspot\bin\server\jvm.dll
0x00007fffedbe0000 - 0x00007fffedc9c000 	C:\WINDOWS\System32\ADVAPI32.dll
0x00007fffef810000 - 0x00007fffef8ba000 	C:\WINDOWS\System32\sechost.dll
0x00007fffee040000 - 0x00007fffee158000 	C:\WINDOWS\System32\RPCRT4.dll
0x00007fffee560000 - 0x00007fffee5e2000 	C:\WINDOWS\System32\WS2_32.dll
0x00007fffec990000 - 0x00007fffec9ee000 	C:\WINDOWS\SYSTEM32\POWRPROF.dll
0x00007fffe2d50000 - 0x00007fffe2d86000 	C:\WINDOWS\SYSTEM32\WINMM.dll
0x00007fffe6240000 - 0x00007fffe624b000 	C:\WINDOWS\SYSTEM32\VERSION.dll
0x00007fffec970000 - 0x00007fffec985000 	C:\WINDOWS\SYSTEM32\UMPDC.dll
0x00007fffeb7c0000 - 0x00007fffeb7db000 	C:\WINDOWS\SYSTEM32\kernel.appcore.dll
0x00007fffbbbe0000 - 0x00007fffbbbea000 	C:\Program Files\Eclipse Adoptium\jdk-17.0.20.8-hotspot\bin\jimage.dll
0x00007fffe3c70000 - 0x00007fffe3eb2000 	C:\WINDOWS\SYSTEM32\DBGHELP.DLL
0x00007fffed850000 - 0x00007fffedbd5000 	C:\WINDOWS\System32\combase.dll
0x00007fffee480000 - 0x00007fffee559000 	C:\WINDOWS\System32\OLEAUT32.dll
0x00007fffdc180000 - 0x00007fffdc1bb000 	C:\WINDOWS\SYSTEM32\dbgcore.DLL
0x00007fffed050000 - 0x00007fffed0fc000 	C:\WINDOWS\System32\bcryptPrimitives.dll
0x00007fffe9960000 - 0x00007fffe996e000 	C:\Program Files\Eclipse Adoptium\jdk-17.0.20.8-hotspot\bin\instrument.dll
0x00007fffa5020000 - 0x00007fffa5045000 	C:\Program Files\Eclipse Adoptium\jdk-17.0.20.8-hotspot\bin\java.dll
0x00007fffa4f40000 - 0x00007fffa5017000 	C:\Program Files\Eclipse Adoptium\jdk-17.0.20.8-hotspot\bin\jsvml.dll
0x00007fffee5f0000 - 0x00007fffeed78000 	C:\WINDOWS\System32\SHELL32.dll
0x00007fffea5a0000 - 0x00007fffeae3b000 	C:\WINDOWS\SYSTEM32\windows.storage.dll
0x00007fffeee50000 - 0x00007fffeef49000 	C:\WINDOWS\System32\SHCORE.dll
0x00007fffee3d0000 - 0x00007fffee436000 	C:\WINDOWS\System32\shlwapi.dll
0x00007fffeca30000 - 0x00007fffeca59000 	C:\WINDOWS\SYSTEM32\profapi.dll
0x00007fffa4f20000 - 0x00007fffa4f38000 	C:\Program Files\Eclipse Adoptium\jdk-17.0.20.8-hotspot\bin\zip.dll
0x00007fffa4cb0000 - 0x00007fffa4cca000 	C:\Program Files\Eclipse Adoptium\jdk-17.0.20.8-hotspot\bin\net.dll
0x00007fffe55f0000 - 0x00007fffe5718000 	C:\WINDOWS\SYSTEM32\WINHTTP.dll
0x00007fffebd50000 - 0x00007fffebdbc000 	C:\WINDOWS\system32\mswsock.dll
0x00007fffa4c90000 - 0x00007fffa4ca6000 	C:\Program Files\Eclipse Adoptium\jdk-17.0.20.8-hotspot\bin\nio.dll
0x00007fffbb3a0000 - 0x00007fffbb3b0000 	C:\Program Files\Eclipse Adoptium\jdk-17.0.20.8-hotspot\bin\verify.dll
0x00007fffa4ef0000 - 0x00007fffa4f17000 	C:\Users\laiba\.gradle\native\1def1411415f61bf3af743bc5b6707747c0891f09f0c88961ee8f79bc544acac\windows-amd64\native-platform.dll
0x00007fffcbfb0000 - 0x00007fffcc027000 	C:\Users\laiba\.gradle\native\0.2.8\x86_64-windows-gnu\gradle-fileevents.dll
0x00007fffbb280000 - 0x00007fffbb28a000 	C:\Program Files\Eclipse Adoptium\jdk-17.0.20.8-hotspot\bin\management.dll
0x00007fffba720000 - 0x00007fffba72c000 	C:\Program Files\Eclipse Adoptium\jdk-17.0.20.8-hotspot\bin\management_ext.dll
0x00007fffee380000 - 0x00007fffee388000 	C:\WINDOWS\System32\PSAPI.DLL
0x00007fffeb170000 - 0x00007fffeb1a3000 	C:\WINDOWS\SYSTEM32\IPHLPAPI.DLL
0x00007fffef190000 - 0x00007fffef19a000 	C:\WINDOWS\System32\NSI.dll
0x00007fffe5740000 - 0x00007fffe575d000 	C:\WINDOWS\SYSTEM32\dhcpcsvc6.DLL
0x00007fffe5440000 - 0x00007fffe5465000 	C:\WINDOWS\SYSTEM32\dhcpcsvc.DLL
0x00007fffeb1b0000 - 0x00007fffeb308000 	C:\WINDOWS\SYSTEM32\DNSAPI.dll
0x00007fffebb50000 - 0x00007fffebb5d000 	C:\WINDOWS\SYSTEM32\DSPARSE.dll
0x00007fffb9880000 - 0x00007fffb9889000 	C:\Program Files\Eclipse Adoptium\jdk-17.0.20.8-hotspot\bin\extnet.dll
0x00007fffec170000 - 0x00007fffec18b000 	C:\WINDOWS\SYSTEM32\CRYPTSP.dll
0x00007fffeb720000 - 0x00007fffeb759000 	C:\WINDOWS\system32\rsaenh.dll
0x00007fffebe00000 - 0x00007fffebe32000 	C:\WINDOWS\SYSTEM32\USERENV.dll
0x00007fffeca00000 - 0x00007fffeca2a000 	C:\WINDOWS\SYSTEM32\bcrypt.dll
0x00007fffebfb0000 - 0x00007fffebfbc000 	C:\WINDOWS\SYSTEM32\CRYPTBASE.dll
0x00007fffb2120000 - 0x00007fffb212e000 	C:\Program Files\Eclipse Adoptium\jdk-17.0.20.8-hotspot\bin\sunmscapi.dll
0x00007fffed1a0000 - 0x00007fffed31e000 	C:\WINDOWS\System32\CRYPT32.dll
0x00007fffec2e0000 - 0x00007fffec310000 	C:\WINDOWS\SYSTEM32\ncrypt.dll
0x00007fffec290000 - 0x00007fffec2cf000 	C:\WINDOWS\SYSTEM32\NTASN1.dll
0x00007fffc5ba0000 - 0x00007fffc5ba8000 	C:\WINDOWS\system32\wshunix.dll
0x00007fffe0150000 - 0x00007fffe015b000 	C:\Windows\System32\rasadhlp.dll
0x00007fffe38f0000 - 0x00007fffe3976000 	C:\WINDOWS\System32\fwpuclnt.dll
0x00007fffeb8f0000 - 0x00007fffeb926000 	C:\WINDOWS\SYSTEM32\ntmarta.dll
0x00007fffd3fb0000 - 0x00007fffd3fb7000 	C:\Program Files\Eclipse Adoptium\jdk-17.0.20.8-hotspot\bin\rmi.dll
0x00007fffa10b0000 - 0x00007fffa1241000 	C:\Program Files\Eclipse Adoptium\jdk-17.0.20.8-hotspot\bin\awt.dll
0x00007fffe99b0000 - 0x00007fffe9a4f000 	C:\WINDOWS\SYSTEM32\apphelp.dll
0x00007fffe9a60000 - 0x00007fffe9b08000 	C:\WINDOWS\system32\uxtheme.dll
0x00007fffed6e0000 - 0x00007fffed83d000 	C:\WINDOWS\System32\MSCTF.dll
0x00007fffef630000 - 0x00007fffef7c9000 	C:\WINDOWS\System32\ole32.dll

dbghelp: loaded successfully - version: 4.0.5 - missing functions: none
symbol engine: initialized successfully - sym options: 0x614 - pdb path: .;C:\Program Files\Eclipse Adoptium\jdk-17.0.20.8-hotspot\bin;C:\WINDOWS\SYSTEM32;C:\WINDOWS\WinSxS\amd64_microsoft.windows.common-controls_6595b64144ccf1df_6.0.26100.8972_none_3e0da176e32f9d4b;C:\Program Files\Eclipse Adoptium\jdk-17.0.20.8-hotspot\bin\server;C:\Users\laiba\.gradle\native\1def1411415f61bf3af743bc5b6707747c0891f09f0c88961ee8f79bc544acac\windows-amd64;C:\Users\laiba\.gradle\native\0.2.8\x86_64-windows-gnu

VM Arguments:
jvm_args: --add-opens=java.base/java.lang=ALL-UNNAMED --add-opens=java.base/java.lang.invoke=ALL-UNNAMED --add-opens=java.base/java.util=ALL-UNNAMED --add-opens=java.prefs/java.util.prefs=ALL-UNNAMED --add-exports=jdk.compiler/com.sun.tools.javac.api=ALL-UNNAMED --add-exports=jdk.compiler/com.sun.tools.javac.util=ALL-UNNAMED --add-opens=java.base/java.util=ALL-UNNAMED --add-opens=java.prefs/java.util.prefs=ALL-UNNAMED --add-opens=java.base/java.nio.charset=ALL-UNNAMED --add-opens=java.base/java.net=ALL-UNNAMED --add-opens=java.base/java.util.concurrent=ALL-UNNAMED --add-opens=java.base/java.util.concurrent.atomic=ALL-UNNAMED --add-opens=java.xml/javax.xml.namespace=ALL-UNNAMED --add-opens=java.base/java.time=ALL-UNNAMED -XX:MaxMetaspaceSize=1G -XX:ReservedCodeCacheSize=256m -Xmx2560M -Dfile.encoding=windows-1252 -Duser.country=US -Duser.language=en -Duser.variant -javaagent:C:\Users\laiba\.gradle\wrapper\dists\gradle-9.1.0-all\7wzd0jkjit61aq2p43wpjgij9\gradle-9.1.0\lib\agents\gradle-instrumentation-agent-9.1.0.jar 
java_command: org.gradle.launcher.daemon.bootstrap.GradleDaemon 9.1.0
java_class_path (initial): C:\Users\laiba\.gradle\wrapper\dists\gradle-9.1.0-all\7wzd0jkjit61aq2p43wpjgij9\gradle-9.1.0\lib\gradle-daemon-main-9.1.0.jar
Launcher Type: SUN_STANDARD

[Global flags]
     intx CICompilerCount                          = 4                                         {product} {ergonomic}
   size_t CompressedClassSpaceSize                 = 872415232                                 {product} {ergonomic}
     uint ConcGCThreads                            = 3                                         {product} {ergonomic}
     uint G1ConcRefinementThreads                  = 10                                        {product} {ergonomic}
   size_t G1HeapRegionSize                         = 2097152                                   {product} {ergonomic}
    uintx GCDrainStackTargetSize                   = 64                                        {product} {ergonomic}
   size_t InitialHeapSize                          = 125829120                                 {product} {ergonomic}
   size_t MarkStackSize                            = 4194304                                   {product} {ergonomic}
   size_t MaxHeapSize                              = 2684354560                                {product} {command line}
   size_t MaxMetaspaceSize                         = 1073741824                                {product} {command line}
   size_t MaxNewSize                               = 1610612736                                {product} {ergonomic}
   size_t MinHeapDeltaBytes                        = 2097152                                   {product} {ergonomic}
   size_t MinHeapSize                              = 8388608                                   {product} {ergonomic}
    uintx NonNMethodCodeHeapSize                   = 5839372                                {pd product} {ergonomic}
    uintx NonProfiledCodeHeapSize                  = 131298042                              {pd product} {ergonomic}
    uintx ProfiledCodeHeapSize                     = 131298042                              {pd product} {ergonomic}
    uintx ReservedCodeCacheSize                    = 268435456                              {pd product} {command line}
     bool SegmentedCodeCache                       = true                                      {product} {ergonomic}
   size_t SoftMaxHeapSize                          = 2684354560                             {manageable} {ergonomic}
   double SweeperThreshold                         = 0.468750                                  {product} {ergonomic}
     bool UseCompressedClassPointers               = true                           {product lp64_product} {ergonomic}
     bool UseCompressedOops                        = true                           {product lp64_product} {ergonomic}
     bool UseG1GC                                  = true                                      {product} {ergonomic}
     bool UseLargePagesIndividualAllocation        = false                                  {pd product} {ergonomic}

Logging:
Log output configuration:
 #0: stdout all=warning uptime,level,tags
 #1: stderr all=off uptime,level,tags

Environment Variables:
JAVA_HOME=C:\Program Files\Eclipse Adoptium\jdk-17.0.20.8-hotspot
CLASSPATH=C:\Users\laiba\CareConnect\android\\gradle\wrapper\gradle-wrapper.jar
PATH=C:\Program Files\Eclipse Adoptium\jdk-17.0.20.8-hotspot\bin;C:\Users\laiba\bin;C:\Program Files\Git\mingw64\bin;C:\Program Files\Git\usr\local\bin;C:\Program Files\Git\usr\bin;C:\Program Files\Git\usr\bin;C:\Program Files\Git\mingw64\bin;C:\Program Files\Git\usr\bin;C:\Users\laiba\bin;C:\Program Files\Eclipse Adoptium\jdk-17.0.20.8-hotspot\bin;C:\Program Files (x86)\Common Files\Intel\Shared Libraries\redist\intel64\compiler;C:\WINDOWS\system32;C:\WINDOWS;C:\WINDOWS\System32\Wbem;C:\WINDOWS\System32\WindowsPowerShell\v1.0;C:\WINDOWS\System32\OpenSSH;C:\Program Files\nodejs;C:\Program Files\Git\cmd;C:\Program Files (x86)\Common Files\Intel\Shared Libraries\redist\intel64\compiler;C:\WINDOWS\system32;C:\WINDOWS;C:\WINDOWS\System32\Wbem;C:\WINDOWS\System32\WindowsPowerShell\v1.0;C:\WINDOWS\System32\OpenSSH;C:\Program Files\nodejs;C:\Program Files\Git\cmd;C:\Program Files (x86)\Common Files\Intel\Shared Libraries\redist\intel64\compiler;C:\WINDOWS\system32;C:\WINDOWS;C:\WINDOWS\System32\Wbem;C:\WINDOWS\System32\WindowsPowerShell\v1.0;C:\WINDOWS\System32\OpenSSH;C:\Program Files\nodejs;C:\Program Files\Git\cmd;C:\Users\laiba\AppData\Local\Programs\Python\Python312\Scripts;C:\Users\laiba\AppData\Local\Programs\Python\Python312;C:\Users\laiba\AppData\Local\Programs\Python\Launcher;C:\Users\laiba\AppData\Local\Microsoft\WindowsApps;C:\Users\laiba\AppData\Local\Programs\Microsoft VS Code\bin;C:\Users\laiba\AppData\Roaming\npm;C:\Users\laiba\AppData\Local\Microsoft\WinGet\Packages\Stripe.StripeCli_Microsoft.Winget.Source_8wekyb3d8bbwe;C:\src\flutter\bin;C:\src\flutter\bin;C:\Android\platform-tools;C:\Program Files\Git\usr\bin\vendor_perl;C:\Program Files\Git\usr\bin\core_perl
USERNAME=laiba
SHELL=C:\Program Files\Git\usr\bin\bash.exe
TERM=xterm-256color
OS=MINGW64_NT-10.0-26200
PROCESSOR_IDENTIFIER=AMD64 Family 25 Model 80 Stepping 0, AuthenticAMD
TMP=C:\Users\laiba\AppData\Local\Temp
TEMP=C:\Users\laiba\AppData\Local\Temp



Periodic native trim disabled


---------------  S Y S T E M  ---------------

OS:
 Windows 11 , 64 bit Build 26100 (10.0.26100.9168)
OS uptime: 2 days 3:02 hours
Hyper-V role detected

CPU: total 12 (initial active 12) (12 cores per cpu, 2 threads per core) family 25 model 80 stepping 0 microcode 0xa50000c, cx8, cmov, fxsr, ht, mmx, 3dnowpref, sse, sse2, sse3, ssse3, sse4a, sse4.1, sse4.2, popcnt, lzcnt, tsc, tscinvbit, avx, avx2, aes, erms, clmul, bmi1, bmi2, adx, sha, fma, vzeroupper, clflush, clflushopt, hv
Processor Information for all 12 processors :
  Max Mhz: 2301, Current Mhz: 1904, Mhz Limit: 2301

Memory: 4k page, system-wide physical 7582M (152M free)
TotalPageFile size 21217M (AvailPageFile size 5M)
current process WorkingSet (physical memory assigned to process): 2093M, peak: 2157M
current process commit charge ("private bytes"): 2502M, peak: 2502M

vm_info: OpenJDK 64-Bit Server VM (17.0.20+8) for windows-amd64 JRE (17.0.20+8), built on Jul 22 2026 00:41:45 by "admin" with MS VC++ 17.12 (VS2022)

END.
