#
# There is insufficient memory for the Java Runtime Environment to continue.
# Native memory allocation (mmap) failed to map 1753219072 bytes. Error detail: G1 virtual space
# Possible reasons:
#   The system is out of physical RAM or swap space
#   This process is running with CompressedOops enabled, and the Java Heap may be blocking the growth of the native heap
# Possible solutions:
#   Reduce memory load on the system
#   Increase physical memory or swap space
#   Check if swap backing store is full
#   Decrease Java heap size (-Xmx/-Xms)
#   Decrease number of Java threads
#   Decrease Java thread stack sizes (-Xss)
#   Set larger code cache with -XX:ReservedCodeCacheSize=
#   JVM is running with Zero Based Compressed Oops mode in which the Java heap is
#     placed in the first 32GB address space. The Java Heap base address is the
#     maximum limit for the native heap growth. Please use -XX:HeapBaseMinAddress
#     to set the Java Heap base and to place the Java Heap above 32GB virtual address.
# This output file may be truncated or incomplete.
#
#  Out of Memory Error (os_windows.cpp:3630), pid=4336, tid=4396
#
# JRE version: OpenJDK Runtime Environment Temurin-17.0.20+8 (17.0.20+8) (build 17.0.20+8)
# Java VM: OpenJDK 64-Bit Server VM Temurin-17.0.20+8 (17.0.20+8, mixed mode, sharing, tiered, compressed oops, compressed class ptrs, g1 gc, windows-amd64)
# No core dump will be written. Minidumps are not enabled by default on client versions of Windows
#

---------------  S U M M A R Y ------------

Command Line: --add-opens=java.base/java.lang=ALL-UNNAMED --add-opens=java.base/java.lang.invoke=ALL-UNNAMED --add-opens=java.base/java.util=ALL-UNNAMED --add-opens=java.prefs/java.util.prefs=ALL-UNNAMED --add-exports=jdk.compiler/com.sun.tools.javac.api=ALL-UNNAMED --add-exports=jdk.compiler/com.sun.tools.javac.util=ALL-UNNAMED --add-opens=java.base/java.util=ALL-UNNAMED --add-opens=java.prefs/java.util.prefs=ALL-UNNAMED --add-opens=java.base/java.nio.charset=ALL-UNNAMED --add-opens=java.base/java.net=ALL-UNNAMED --add-opens=java.base/java.util.concurrent=ALL-UNNAMED --add-opens=java.base/java.util.concurrent.atomic=ALL-UNNAMED --add-opens=java.xml/javax.xml.namespace=ALL-UNNAMED --add-opens=java.base/java.time=ALL-UNNAMED -XX:MaxMetaspaceSize=4G -XX:ReservedCodeCacheSize=512m -XX:+HeapDumpOnOutOfMemoryError -Xmx8G -Dfile.encoding=windows-1252 -Duser.country=US -Duser.language=en -Duser.variant -javaagent:C:\Users\laiba\.gradle\wrapper\dists\gradle-9.1.0-all\7wzd0jkjit61aq2p43wpjgij9\gradle-9.1.0\lib\agents\gradle-instrumentation-agent-9.1.0.jar org.gradle.launcher.daemon.bootstrap.GradleDaemon 9.1.0

Host: AMD Ryzen 5 7430U with Radeon Graphics         , 12 cores, 7G,  Windows 11 , 64 bit Build 26100 (10.0.26100.9168)
Time: Thu Sep  3 21:40:59 2026 Pakistan Standard Time elapsed time: 290.921210 seconds (0d 0h 4m 50s)

---------------  T H R E A D  ---------------

Current thread (0x00000132c2687470):  VMThread "VM Thread" [stack: 0x000000285e200000,0x000000285e300000] [id=4396]

Stack: [0x000000285e200000,0x000000285e300000]
Native frames: (J=compiled Java code, j=interpreted, Vv=VM code, C=native code)
V  [jvm.dll+0x684d39]
V  [jvm.dll+0x83a565]
V  [jvm.dll+0x83bfde]
V  [jvm.dll+0x83c663]
V  [jvm.dll+0x2490cf]
V  [jvm.dll+0x681af9]
V  [jvm.dll+0x6768ba]
V  [jvm.dll+0x309467]
V  [jvm.dll+0x310a56]
V  [jvm.dll+0x360f3e]
V  [jvm.dll+0x36117d]
V  [jvm.dll+0x2e04ec]
V  [jvm.dll+0x2de8c2]
V  [jvm.dll+0x2de05c]
V  [jvm.dll+0x320cab]
V  [jvm.dll+0x840e7d]
V  [jvm.dll+0x841bb3]
V  [jvm.dll+0x8420df]
V  [jvm.dll+0x8424c5]
V  [jvm.dll+0x84258e]
V  [jvm.dll+0x7eb17c]
V  [jvm.dll+0x683c07]
C  [ucrtbase.dll+0x2cd30]
C  [KERNEL32.DLL+0x2ccb7]
C  [ntdll.dll+0xaad6c]

VM_Operation (0x000000286f9fd810): G1CollectForAllocation, mode: safepoint, requested by thread 0x0000013321bf66a0


---------------  P R O C E S S  ---------------

Threads class SMR info:
_java_thread_list=0x000001331937add0, length=255, elements={
0x00000132853e5740, 0x00000132c2687aa0, 0x00000132c5135140, 0x00000132c514c270,
0x00000132c514cb40, 0x00000132c514f420, 0x00000132c5152d10, 0x00000132c5153910,
0x00000132c5156230, 0x00000132c51638e0, 0x00000132c2678fb0, 0x00000132c5317110,
0x000001330b47d770, 0x000001330c0f7c40, 0x000001330b0d8e40, 0x000001330c157860,
0x000001330c1b99d0, 0x000001330c1b8aa0, 0x000001330c1b8590, 0x000001330c1b8fb0,
0x000001330c1b8080, 0x000001330c1b94c0, 0x000001330c472580, 0x000001330c472a90,
0x000001330c472fa0, 0x000001330c475820, 0x000001330c4734b0, 0x000001330c472070,
0x000001330c475d30, 0x000001330c474e00, 0x000001330c476750, 0x000001330c476c60,
0x000001330c4748f0, 0x000001330c475310, 0x000001330c4743e0, 0x000001330c477170,
0x000001330c4739c0, 0x000001330c477680, 0x000001330c473ed0, 0x000001330c4794e0,
0x000001330c477b90, 0x000001330c4780a0, 0x000001330c4785b0, 0x000001330c478ac0,
0x000001330c478fd0, 0x000001330c4799f0, 0x000001330e967450, 0x000001330e966f40,
0x000001330e967960, 0x000001330e967e70, 0x000001330e968380, 0x000001330e9692b0,
0x000001330e968890, 0x000001330e968da0, 0x000001330e966a30, 0x000001330e9697c0,
0x000001330e969cd0, 0x000001330e966520, 0x000001330e96c550, 0x000001330e96ac00,
0x000001330e96ca60, 0x000001330e96a6f0, 0x000001330e96a1e0, 0x000001330e96cf70,
0x000001330e96d480, 0x000001330e96b620, 0x000001330e96d990, 0x000001330e96dea0,
0x000001330e96bb30, 0x000001330f97c2c0, 0x000001330f97a460, 0x000001330f97ae80,
0x000001330f97bdb0, 0x000001330f97cce0, 0x000001330f97d700, 0x000001330f97c7d0,
0x000001330f97a970, 0x000001330f97d1f0, 0x000001330f979f50, 0x000001330f97dc10,
0x000001330f97e120, 0x000001330f97e630, 0x000001330f97eb40, 0x000001330f97b8a0,
0x000001330f97b390, 0x000001330f97f560, 0x000001330f97fa70, 0x000001330f97ff80,
0x000001330f980490, 0x000001330f97f050, 0x000001330f9813c0, 0x000001330f9809a0,
0x000001330f980eb0, 0x000001330b598c20, 0x000001330b5972d0, 0x000001330b599640,
0x000001330b599b50, 0x000001330b596dc0, 0x000001330b5963a0, 0x000001330b597cf0,
0x000001330b5968b0, 0x000001330b5977e0, 0x000001330b598200, 0x000001330b59a060,
0x000001330b59a570, 0x000001330b59b4a0, 0x000001330b59aa80, 0x000001330b598710,
0x000001330b59af90, 0x000001330b59b9b0, 0x000001330b59bec0, 0x000001330b59c3d0,
0x000001330b59c8e0, 0x000001330b599130, 0x000001330b59cdf0, 0x000001330b59d300,
0x000001330b59d810, 0x000001330b59dd20, 0x000001330f3ff130, 0x000001330f3fe710,
0x000001330f3fd2d0, 0x000001330f3fdcf0, 0x000001330f3fe200, 0x000001330f3fec20,
0x000001330f3ff640, 0x000001330f3ffb50, 0x000001330f400f90, 0x000001330f400060,
0x000001330f400570, 0x000001330f400a80, 0x000001330f3fd7e0, 0x000001330f4014a0,
0x000001330f403810, 0x000001330f401ec0, 0x000001330f404740, 0x000001330f4023d0,
0x000001330f4028e0, 0x000001330f402df0, 0x000001330f403300, 0x000001330f403d20,
0x000001330f404c50, 0x000001330f404230, 0x000001330f4019b0, 0x000001330fcbdc10,
0x000001330fcbe630, 0x000001330fcbeb40, 0x000001330fcc0eb0, 0x000001330fcbd700,
0x000001330fcc13c0, 0x000001330fcc18d0, 0x000001330fcc2800, 0x000001330fcc3220,
0x000001330fcc5080, 0x000001330f5ed930, 0x000001330f5ee860, 0x000001330f5eca00,
0x000001330f5ed420, 0x000001330f5ee350, 0x000001330f5ede40, 0x000001330f5eb0b0,
0x000001330f5ecf10, 0x000001330f5ec4f0, 0x000001330f5ebfe0, 0x000001330f5eed70,
0x000001330f5eb5c0, 0x000001330f5ef280, 0x000001330f5ebad0, 0x000001330f5f06c0,
0x000001330f5f2010, 0x000001330f5f2520, 0x000001330f5f2a30, 0x000001330f5ef790,
0x000001330f5efca0, 0x000001330f5f01b0, 0x000001330f5f0bd0, 0x000001330f5f15f0,
0x000001330f5f10e0, 0x000001330f5f1b00, 0x00000133172cd520, 0x00000133172cd010,
0x00000133172ca790, 0x00000133172caca0, 0x00000133172cda30, 0x00000133172cb1b0,
0x00000133172d16f0, 0x000001330fcc2d10, 0x000001330fa7a420, 0x000001330fa79f10,
0x000001330fa7e0e0, 0x000001330fa7f520, 0x000001330fa7fa30, 0x000001330fa80960,
0x000001330fa7e5f0, 0x000001330fa80e70, 0x000001330fcc4150, 0x000001330fa7f010,
0x00000133105b16f0, 0x00000133105b1c00, 0x00000133105b0cd0, 0x00000133105b2b30,
0x00000133105b2110, 0x00000133105b3040, 0x00000133105afda0, 0x00000133105b11e0,
0x00000133105b07c0, 0x00000133105b2620, 0x00000133105af890, 0x00000133105b3550,
0x00000133105b3a60, 0x00000133105b02b0, 0x00000133105b4ea0, 0x00000133105baed0,
0x00000133105bc310, 0x00000133105bb3e0, 0x00000133105bd240, 0x00000133105bb8f0,
0x00000133105bbe00, 0x00000133105bcd30, 0x00000133105bdc60, 0x00000133105be680,
0x00000133105bd750, 0x00000133105beb90, 0x00000133105bf0a0, 0x0000013310136ac0,
0x0000013321bf15a0, 0x0000013321beed20, 0x0000013321bf0670, 0x0000013321befc50,
0x0000013321bf0160, 0x0000013321bf29e0, 0x0000013321bef230, 0x0000013321bf1ab0,
0x0000013321bf2ef0, 0x0000013321bf1fc0, 0x0000013321bef740, 0x0000013321bf3400,
0x0000013321bf5770, 0x0000013321bf4840, 0x0000013321bf5260, 0x0000013321bf5c80,
0x0000013321bf4d50, 0x0000013321bf24d0, 0x0000013321bf6bb0, 0x0000013321bf66a0,
0x0000013321bf70c0, 0x00000133224e8500, 0x0000013317517690, 0x0000013317516c70,
0x00000133224e8a10, 0x00000133224e7ff0, 0x000001332125ba00, 0x0000013322913760,
0x0000013322914690, 0x0000013320334eb0, 0x00000133203353c0
}

Java Threads: ( => current thread )
  0x00000132853e5740 JavaThread "main" [_thread_blocked, id=17660, stack(0x000000285dc00000,0x000000285dd00000)]
  0x00000132c2687aa0 JavaThread "Reference Handler" daemon [_thread_blocked, id=5584, stack(0x000000285e300000,0x000000285e400000)]
  0x00000132c5135140 JavaThread "Finalizer" daemon [_thread_blocked, id=18688, stack(0x000000285e400000,0x000000285e500000)]
  0x00000132c514c270 JavaThread "Signal Dispatcher" daemon [_thread_blocked, id=16580, stack(0x000000285e500000,0x000000285e600000)]
  0x00000132c514cb40 JavaThread "Attach Listener" daemon [_thread_blocked, id=20992, stack(0x000000285e600000,0x000000285e700000)]
  0x00000132c514f420 JavaThread "Service Thread" daemon [_thread_blocked, id=21436, stack(0x000000285e700000,0x000000285e800000)]
  0x00000132c5152d10 JavaThread "Monitor Deflation Thread" daemon [_thread_blocked, id=8892, stack(0x000000285e800000,0x000000285e900000)]
  0x00000132c5153910 JavaThread "C2 CompilerThread0" daemon [_thread_blocked, id=9432, stack(0x000000285e900000,0x000000285ea00000)]
  0x00000132c5156230 JavaThread "C1 CompilerThread0" daemon [_thread_blocked, id=14284, stack(0x000000285ea00000,0x000000285eb00000)]
  0x00000132c51638e0 JavaThread "Sweeper thread" daemon [_thread_blocked, id=2736, stack(0x000000285eb00000,0x000000285ec00000)]
  0x00000132c2678fb0 JavaThread "Common-Cleaner" daemon [_thread_blocked, id=15340, stack(0x000000285ec00000,0x000000285ed00000)]
  0x00000132c5317110 JavaThread "Notification Thread" daemon [_thread_blocked, id=20044, stack(0x000000285ed00000,0x000000285ee00000)]
  0x000001330b47d770 JavaThread "Daemon health stats" [_thread_blocked, id=18548, stack(0x000000285f300000,0x000000285f400000)]
  0x000001330c0f7c40 JavaThread "Incoming local TCP Connector on port 59296" [_thread_in_native, id=19376, stack(0x000000285f400000,0x000000285f500000)]
  0x000001330b0d8e40 JavaThread "Daemon periodic checks" [_thread_blocked, id=18372, stack(0x000000285f500000,0x000000285f600000)]
  0x000001330c157860 JavaThread "Daemon" [_thread_blocked, id=18660, stack(0x000000285f600000,0x000000285f700000)]
  0x000001330c1b99d0 JavaThread "Handler for socket connection from /127.0.0.1:59296 to /127.0.0.1:59297" [_thread_in_native, id=4368, stack(0x000000285f700000,0x000000285f800000)]
  0x000001330c1b8aa0 JavaThread "Cancel handler" [_thread_blocked, id=4324, stack(0x000000285f800000,0x000000285f900000)]
  0x000001330c1b8590 JavaThread "Daemon worker" [_thread_blocked, id=3344, stack(0x000000285f900000,0x000000285fa00000)]
  0x000001330c1b8fb0 JavaThread "Asynchronous log dispatcher for DefaultDaemonConnection: socket connection from /127.0.0.1:59296 to /127.0.0.1:59297" [_thread_blocked, id=11960, stack(0x000000285fa00000,0x000000285fb00000)]
  0x000001330c1b8080 JavaThread "Stdin handler" [_thread_blocked, id=21168, stack(0x000000285fb00000,0x000000285fc00000)]
  0x000001330c1b94c0 JavaThread "Daemon client event forwarder" [_thread_blocked, id=5376, stack(0x000000285fc00000,0x000000285fd00000)]
  0x000001330c472580 JavaThread "Cache worker for journal cache (C:\Users\laiba\.gradle\caches\journal-1)" [_thread_blocked, id=17060, stack(0x000000285fd00000,0x000000285fe00000)]
  0x000001330c472a90 JavaThread "File lock request listener" [_thread_in_native, id=10020, stack(0x000000285fe00000,0x000000285ff00000)]
  0x000001330c472fa0 JavaThread "Cache worker for file hash cache (C:\Users\laiba\.gradle\caches\9.1.0\fileHashes)" [_thread_blocked, id=6720, stack(0x000000285ff00000,0x0000002860000000)]
  0x000001330c475820 JavaThread "Cache worker for file hash cache (C:\Users\laiba\CareConnect\android\.gradle\9.1.0\fileHashes)" [_thread_blocked, id=9776, stack(0x0000002860700000,0x0000002860800000)]
  0x000001330c4734b0 JavaThread "Cache worker for Build Output Cleanup Cache (C:\Users\laiba\CareConnect\android\.gradle\buildOutputCleanup)" [_thread_blocked, id=3672, stack(0x0000002860800000,0x0000002860900000)]
  0x000001330c472070 JavaThread "File watcher server" daemon [_thread_blocked, id=20544, stack(0x0000002860900000,0x0000002860a00000)]
  0x000001330c475d30 JavaThread "File watcher consumer" daemon [_thread_blocked, id=20080, stack(0x0000002860a00000,0x0000002860b00000)]
  0x000001330c474e00 JavaThread "Cache worker for checksums cache (C:\Users\laiba\CareConnect\android\.gradle\9.1.0\checksums)" [_thread_blocked, id=9556, stack(0x0000002860b00000,0x0000002860c00000)]
  0x000001330c476750 JavaThread "Cache worker for file content cache (C:\Users\laiba\.gradle\caches\9.1.0\fileContent)" [_thread_blocked, id=2864, stack(0x0000002860c00000,0x0000002860d00000)]
  0x000001330c476c60 JavaThread "Cache worker for cache directory md-supplier (C:\Users\laiba\.gradle\caches\9.1.0\md-supplier)" [_thread_blocked, id=11640, stack(0x0000002860d00000,0x0000002860e00000)]
  0x000001330c4748f0 JavaThread "Cache worker for cache directory md-rule (C:\Users\laiba\.gradle\caches\9.1.0\md-rule)" [_thread_blocked, id=10432, stack(0x0000002860e00000,0x0000002860f00000)]
  0x000001330c475310 JavaThread "Cache worker for Build Output Cleanup Cache (C:\src\flutter\packages\flutter_tools\gradle\.gradle\buildOutputCleanup)" [_thread_blocked, id=5304, stack(0x0000002861100000,0x0000002861200000)]
  0x000001330c4743e0 JavaThread "Unconstrained build operations" [_thread_blocked, id=3484, stack(0x0000002861200000,0x0000002861300000)]
  0x000001330c477170 JavaThread "Unconstrained build operations Thread 2" [_thread_blocked, id=8972, stack(0x0000002861300000,0x0000002861400000)]
  0x000001330c4739c0 JavaThread "Unconstrained build operations Thread 3" [_thread_blocked, id=9664, stack(0x0000002861400000,0x0000002861500000)]
  0x000001330c477680 JavaThread "Unconstrained build operations Thread 4" [_thread_blocked, id=10604, stack(0x0000002861500000,0x0000002861600000)]
  0x000001330c473ed0 JavaThread "Unconstrained build operations Thread 5" [_thread_blocked, id=15124, stack(0x0000002861600000,0x0000002861700000)]
  0x000001330c4794e0 JavaThread "Unconstrained build operations Thread 6" [_thread_blocked, id=9960, stack(0x0000002861700000,0x0000002861800000)]
  0x000001330c477b90 JavaThread "Unconstrained build operations Thread 7" [_thread_blocked, id=1012, stack(0x0000002861800000,0x0000002861900000)]
  0x000001330c4780a0 JavaThread "Unconstrained build operations Thread 8" [_thread_blocked, id=18832, stack(0x0000002861900000,0x0000002861a00000)]
  0x000001330c4785b0 JavaThread "Unconstrained build operations Thread 9" [_thread_blocked, id=20728, stack(0x0000002861a00000,0x0000002861b00000)]
  0x000001330c478ac0 JavaThread "Unconstrained build operations Thread 10" [_thread_blocked, id=20520, stack(0x0000002861b00000,0x0000002861c00000)]
  0x000001330c478fd0 JavaThread "Unconstrained build operations Thread 11" [_thread_blocked, id=1980, stack(0x0000002861c00000,0x0000002861d00000)]
  0x000001330c4799f0 JavaThread "Unconstrained build operations Thread 12" [_thread_blocked, id=9708, stack(0x0000002861d00000,0x0000002861e00000)]
  0x000001330e967450 JavaThread "Unconstrained build operations Thread 13" [_thread_blocked, id=21256, stack(0x0000002861e00000,0x0000002861f00000)]
  0x000001330e966f40 JavaThread "Unconstrained build operations Thread 14" [_thread_blocked, id=19608, stack(0x0000002861f00000,0x0000002862000000)]
  0x000001330e967960 JavaThread "Unconstrained build operations Thread 15" [_thread_blocked, id=19420, stack(0x0000002862000000,0x0000002862100000)]
  0x000001330e967e70 JavaThread "Unconstrained build operations Thread 16" [_thread_blocked, id=5108, stack(0x0000002862100000,0x0000002862200000)]
  0x000001330e968380 JavaThread "Unconstrained build operations Thread 17" [_thread_blocked, id=20832, stack(0x0000002862200000,0x0000002862300000)]
  0x000001330e9692b0 JavaThread "Unconstrained build operations Thread 18" [_thread_blocked, id=17112, stack(0x0000002862300000,0x0000002862400000)]
  0x000001330e968890 JavaThread "Unconstrained build operations Thread 19" [_thread_blocked, id=3136, stack(0x0000002862400000,0x0000002862500000)]
  0x000001330e968da0 JavaThread "Unconstrained build operations Thread 20" [_thread_blocked, id=9512, stack(0x0000002862500000,0x0000002862600000)]
  0x000001330e966a30 JavaThread "Unconstrained build operations Thread 21" [_thread_blocked, id=21296, stack(0x0000002862600000,0x0000002862700000)]
  0x000001330e9697c0 JavaThread "Unconstrained build operations Thread 22" [_thread_blocked, id=9612, stack(0x0000002862700000,0x0000002862800000)]
  0x000001330e969cd0 JavaThread "Unconstrained build operations Thread 23" [_thread_blocked, id=11204, stack(0x0000002862800000,0x0000002862900000)]
  0x000001330e966520 JavaThread "Unconstrained build operations Thread 24" [_thread_blocked, id=8164, stack(0x0000002862900000,0x0000002862a00000)]
  0x000001330e96c550 JavaThread "Unconstrained build operations Thread 25" [_thread_blocked, id=20748, stack(0x0000002862a00000,0x0000002862b00000)]
  0x000001330e96ac00 JavaThread "Unconstrained build operations Thread 26" [_thread_blocked, id=11800, stack(0x0000002862b00000,0x0000002862c00000)]
  0x000001330e96ca60 JavaThread "Unconstrained build operations Thread 27" [_thread_blocked, id=1332, stack(0x0000002862c00000,0x0000002862d00000)]
  0x000001330e96a6f0 JavaThread "Unconstrained build operations Thread 28" [_thread_blocked, id=14412, stack(0x0000002862d00000,0x0000002862e00000)]
  0x000001330e96a1e0 JavaThread "Unconstrained build operations Thread 29" [_thread_blocked, id=1660, stack(0x0000002862e00000,0x0000002862f00000)]
  0x000001330e96cf70 JavaThread "Unconstrained build operations Thread 30" [_thread_blocked, id=1900, stack(0x0000002862f00000,0x0000002863000000)]
  0x000001330e96d480 JavaThread "Unconstrained build operations Thread 31" [_thread_blocked, id=14940, stack(0x0000002863000000,0x0000002863100000)]
  0x000001330e96b620 JavaThread "Unconstrained build operations Thread 32" [_thread_blocked, id=20108, stack(0x0000002863100000,0x0000002863200000)]
  0x000001330e96d990 JavaThread "Unconstrained build operations Thread 33" [_thread_blocked, id=18460, stack(0x0000002863200000,0x0000002863300000)]
  0x000001330e96dea0 JavaThread "Memory manager" [_thread_blocked, id=7636, stack(0x0000002863300000,0x0000002863400000)]
  0x000001330e96bb30 JavaThread "build event listener" [_thread_blocked, id=15436, stack(0x0000002863500000,0x0000002863600000)]
  0x000001330f97c2c0 JavaThread "included builds" [_thread_blocked, id=21064, stack(0x0000002863600000,0x0000002863700000)]
  0x000001330f97a460 JavaThread "Execution worker" [_thread_blocked, id=9828, stack(0x0000002863700000,0x0000002863800000)]
  0x000001330f97ae80 JavaThread "Execution worker Thread 2" [_thread_blocked, id=10904, stack(0x0000002863800000,0x0000002863900000)]
  0x000001330f97bdb0 JavaThread "Execution worker Thread 3" [_thread_blocked, id=10672, stack(0x0000002863900000,0x0000002863a00000)]
  0x000001330f97cce0 JavaThread "Execution worker Thread 4" [_thread_blocked, id=3648, stack(0x0000002863a00000,0x0000002863b00000)]
  0x000001330f97d700 JavaThread "Execution worker Thread 5" [_thread_blocked, id=20608, stack(0x0000002863b00000,0x0000002863c00000)]
  0x000001330f97c7d0 JavaThread "Execution worker Thread 6" [_thread_blocked, id=3812, stack(0x0000002863c00000,0x0000002863d00000)]
  0x000001330f97a970 JavaThread "Execution worker Thread 7" [_thread_blocked, id=12208, stack(0x0000002863d00000,0x0000002863e00000)]
  0x000001330f97d1f0 JavaThread "Execution worker Thread 8" [_thread_blocked, id=16900, stack(0x0000002863e00000,0x0000002863f00000)]
  0x000001330f979f50 JavaThread "Execution worker Thread 9" [_thread_blocked, id=8276, stack(0x0000002863f00000,0x0000002864000000)]
  0x000001330f97dc10 JavaThread "Execution worker Thread 10" [_thread_blocked, id=20680, stack(0x0000002864000000,0x0000002864100000)]
  0x000001330f97e120 JavaThread "Execution worker Thread 11" [_thread_blocked, id=15592, stack(0x0000002864100000,0x0000002864200000)]
  0x000001330f97e630 JavaThread "Cache worker for execution history cache (C:\src\flutter\packages\flutter_tools\gradle\.gradle\9.1.0\executionHistory)" [_thread_blocked, id=2536, stack(0x0000002864200000,0x0000002864300000)]
  0x000001330f97eb40 JavaThread "Unconstrained build operations Thread 34" [_thread_blocked, id=16992, stack(0x0000002864400000,0x0000002864500000)]
  0x000001330f97b8a0 JavaThread "Unconstrained build operations Thread 35" [_thread_blocked, id=16584, stack(0x0000002864500000,0x0000002864600000)]
  0x000001330f97b390 JavaThread "Unconstrained build operations Thread 36" [_thread_blocked, id=18340, stack(0x0000002864600000,0x0000002864700000)]
  0x000001330f97f560 JavaThread "Unconstrained build operations Thread 37" [_thread_blocked, id=19308, stack(0x0000002864700000,0x0000002864800000)]
  0x000001330f97fa70 JavaThread "Unconstrained build operations Thread 38" [_thread_blocked, id=8968, stack(0x0000002864800000,0x0000002864900000)]
  0x000001330f97ff80 JavaThread "Unconstrained build operations Thread 39" [_thread_blocked, id=20196, stack(0x0000002864900000,0x0000002864a00000)]
  0x000001330f980490 JavaThread "Unconstrained build operations Thread 40" [_thread_blocked, id=7080, stack(0x0000002864a00000,0x0000002864b00000)]
  0x000001330f97f050 JavaThread "Unconstrained build operations Thread 41" [_thread_blocked, id=3696, stack(0x0000002864b00000,0x0000002864c00000)]
  0x000001330f9813c0 JavaThread "Unconstrained build operations Thread 42" [_thread_blocked, id=19112, stack(0x0000002864c00000,0x0000002864d00000)]
  0x000001330f9809a0 JavaThread "Unconstrained build operations Thread 43" [_thread_blocked, id=18480, stack(0x0000002864d00000,0x0000002864e00000)]
  0x000001330f980eb0 JavaThread "Unconstrained build operations Thread 44" [_thread_blocked, id=20056, stack(0x0000002864e00000,0x0000002864f00000)]
  0x000001330b598c20 JavaThread "Unconstrained build operations Thread 45" [_thread_blocked, id=14228, stack(0x0000002864300000,0x0000002864400000)]
  0x000001330b5972d0 JavaThread "Unconstrained build operations Thread 46" [_thread_blocked, id=7460, stack(0x0000002864f00000,0x0000002865000000)]
  0x000001330b599640 JavaThread "Unconstrained build operations Thread 47" [_thread_blocked, id=1964, stack(0x0000002865000000,0x0000002865100000)]
  0x000001330b599b50 JavaThread "Unconstrained build operations Thread 48" [_thread_blocked, id=8860, stack(0x0000002865100000,0x0000002865200000)]
  0x000001330b596dc0 JavaThread "Unconstrained build operations Thread 49" [_thread_blocked, id=7244, stack(0x0000002865200000,0x0000002865300000)]
  0x000001330b5963a0 JavaThread "Unconstrained build operations Thread 50" [_thread_blocked, id=10600, stack(0x0000002865300000,0x0000002865400000)]
  0x000001330b597cf0 JavaThread "Unconstrained build operations Thread 51" [_thread_blocked, id=15780, stack(0x0000002865400000,0x0000002865500000)]
  0x000001330b5968b0 JavaThread "Unconstrained build operations Thread 52" [_thread_blocked, id=1564, stack(0x0000002865500000,0x0000002865600000)]
  0x000001330b5977e0 JavaThread "Unconstrained build operations Thread 53" [_thread_blocked, id=8552, stack(0x0000002865600000,0x0000002865700000)]
  0x000001330b598200 JavaThread "Unconstrained build operations Thread 54" [_thread_blocked, id=14928, stack(0x0000002865700000,0x0000002865800000)]
  0x000001330b59a060 JavaThread "Unconstrained build operations Thread 55" [_thread_blocked, id=12756, stack(0x0000002865800000,0x0000002865900000)]
  0x000001330b59a570 JavaThread "Unconstrained build operations Thread 56" [_thread_blocked, id=13960, stack(0x0000002865900000,0x0000002865a00000)]
  0x000001330b59b4a0 JavaThread "Unconstrained build operations Thread 57" [_thread_blocked, id=16816, stack(0x0000002865a00000,0x0000002865b00000)]
  0x000001330b59aa80 JavaThread "Unconstrained build operations Thread 58" [_thread_blocked, id=15080, stack(0x0000002865b00000,0x0000002865c00000)]
  0x000001330b598710 JavaThread "Unconstrained build operations Thread 59" [_thread_blocked, id=19064, stack(0x0000002865c00000,0x0000002865d00000)]
  0x000001330b59af90 JavaThread "Unconstrained build operations Thread 60" [_thread_blocked, id=11656, stack(0x0000002865d00000,0x0000002865e00000)]
  0x000001330b59b9b0 JavaThread "Unconstrained build operations Thread 61" [_thread_blocked, id=18956, stack(0x0000002865e00000,0x0000002865f00000)]
  0x000001330b59bec0 JavaThread "Unconstrained build operations Thread 62" [_thread_blocked, id=18924, stack(0x0000002865f00000,0x0000002866000000)]
  0x000001330b59c3d0 JavaThread "Unconstrained build operations Thread 63" [_thread_blocked, id=17400, stack(0x0000002866000000,0x0000002866100000)]
  0x000001330b59c8e0 JavaThread "Unconstrained build operations Thread 64" [_thread_blocked, id=20988, stack(0x0000002866100000,0x0000002866200000)]
  0x000001330b599130 JavaThread "Unconstrained build operations Thread 65" [_thread_blocked, id=8076, stack(0x0000002866200000,0x0000002866300000)]
  0x000001330b59cdf0 JavaThread "Unconstrained build operations Thread 66" [_thread_blocked, id=17860, stack(0x0000002866300000,0x0000002866400000)]
  0x000001330b59d300 JavaThread "Unconstrained build operations Thread 67" [_thread_blocked, id=19840, stack(0x0000002866400000,0x0000002866500000)]
  0x000001330b59d810 JavaThread "Unconstrained build operations Thread 68" [_thread_blocked, id=2168, stack(0x0000002866500000,0x0000002866600000)]
  0x000001330b59dd20 JavaThread "Unconstrained build operations Thread 69" [_thread_blocked, id=1604, stack(0x0000002863400000,0x0000002863500000)]
  0x000001330f3ff130 JavaThread "Unconstrained build operations Thread 70" [_thread_blocked, id=19616, stack(0x0000002866600000,0x0000002866700000)]
  0x000001330f3fe710 JavaThread "Unconstrained build operations Thread 71" [_thread_blocked, id=20284, stack(0x0000002866700000,0x0000002866800000)]
  0x000001330f3fd2d0 JavaThread "Unconstrained build operations Thread 72" [_thread_blocked, id=21488, stack(0x0000002866800000,0x0000002866900000)]
  0x000001330f3fdcf0 JavaThread "Unconstrained build operations Thread 73" [_thread_blocked, id=20868, stack(0x0000002866900000,0x0000002866a00000)]
  0x000001330f3fe200 JavaThread "Unconstrained build operations Thread 74" [_thread_blocked, id=19336, stack(0x0000002866a00000,0x0000002866b00000)]
  0x000001330f3fec20 JavaThread "Unconstrained build operations Thread 75" [_thread_blocked, id=18116, stack(0x0000002866b00000,0x0000002866c00000)]
  0x000001330f3ff640 JavaThread "Unconstrained build operations Thread 76" [_thread_blocked, id=14380, stack(0x0000002866c00000,0x0000002866d00000)]
  0x000001330f3ffb50 JavaThread "Unconstrained build operations Thread 77" [_thread_blocked, id=19404, stack(0x0000002866d00000,0x0000002866e00000)]
  0x000001330f400f90 JavaThread "Unconstrained build operations Thread 78" [_thread_blocked, id=3892, stack(0x0000002866e00000,0x0000002866f00000)]
  0x000001330f400060 JavaThread "Unconstrained build operations Thread 79" [_thread_blocked, id=14980, stack(0x0000002866f00000,0x0000002867000000)]
  0x000001330f400570 JavaThread "Unconstrained build operations Thread 80" [_thread_blocked, id=14212, stack(0x0000002867000000,0x0000002867100000)]
  0x000001330f400a80 JavaThread "Unconstrained build operations Thread 81" [_thread_blocked, id=1612, stack(0x0000002867100000,0x0000002867200000)]
  0x000001330f3fd7e0 JavaThread "Unconstrained build operations Thread 82" [_thread_blocked, id=13244, stack(0x0000002867200000,0x0000002867300000)]
  0x000001330f4014a0 JavaThread "Unconstrained build operations Thread 83" [_thread_blocked, id=17956, stack(0x0000002867300000,0x0000002867400000)]
  0x000001330f403810 JavaThread "Unconstrained build operations Thread 84" [_thread_blocked, id=6924, stack(0x0000002867400000,0x0000002867500000)]
  0x000001330f401ec0 JavaThread "Unconstrained build operations Thread 85" [_thread_blocked, id=6860, stack(0x0000002867500000,0x0000002867600000)]
  0x000001330f404740 JavaThread "Unconstrained build operations Thread 86" [_thread_blocked, id=17868, stack(0x0000002867600000,0x0000002867700000)]
  0x000001330f4023d0 JavaThread "Unconstrained build operations Thread 87" [_thread_blocked, id=6352, stack(0x0000002867700000,0x0000002867800000)]
  0x000001330f4028e0 JavaThread "Unconstrained build operations Thread 88" [_thread_blocked, id=3432, stack(0x0000002867800000,0x0000002867900000)]
  0x000001330f402df0 JavaThread "Unconstrained build operations Thread 89" [_thread_blocked, id=17948, stack(0x0000002867900000,0x0000002867a00000)]
  0x000001330f403300 JavaThread "Unconstrained build operations Thread 90" [_thread_blocked, id=14492, stack(0x0000002867a00000,0x0000002867b00000)]
  0x000001330f403d20 JavaThread "Unconstrained build operations Thread 91" [_thread_blocked, id=12524, stack(0x0000002867c00000,0x0000002867d00000)]
  0x000001330f404c50 JavaThread "Unconstrained build operations Thread 92" [_thread_blocked, id=10336, stack(0x0000002867d00000,0x0000002867e00000)]
  0x000001330f404230 JavaThread "Unconstrained build operations Thread 93" [_thread_blocked, id=19796, stack(0x0000002867e00000,0x0000002867f00000)]
  0x000001330f4019b0 JavaThread "Unconstrained build operations Thread 94" [_thread_blocked, id=18140, stack(0x0000002867f00000,0x0000002868000000)]
  0x000001330fcbdc10 JavaThread "Unconstrained build operations Thread 95" [_thread_blocked, id=17356, stack(0x0000002868000000,0x0000002868100000)]
  0x000001330fcbe630 JavaThread "Unconstrained build operations Thread 96" [_thread_blocked, id=12408, stack(0x0000002868100000,0x0000002868200000)]
  0x000001330fcbeb40 JavaThread "Unconstrained build operations Thread 97" [_thread_blocked, id=19256, stack(0x0000002868200000,0x0000002868300000)]
  0x000001330fcc0eb0 JavaThread "Unconstrained build operations Thread 98" [_thread_blocked, id=16252, stack(0x0000002868300000,0x0000002868400000)]
  0x000001330fcbd700 JavaThread "Unconstrained build operations Thread 99" [_thread_blocked, id=18648, stack(0x0000002868400000,0x0000002868500000)]
  0x000001330fcc13c0 JavaThread "Unconstrained build operations Thread 100" [_thread_blocked, id=14832, stack(0x0000002868500000,0x0000002868600000)]
  0x000001330fcc18d0 JavaThread "Unconstrained build operations Thread 101" [_thread_blocked, id=5524, stack(0x0000002868600000,0x0000002868700000)]
  0x000001330fcc2800 JavaThread "build event listener" [_thread_blocked, id=19304, stack(0x0000002867b00000,0x0000002867c00000)]
  0x000001330fcc3220 JavaThread "build event listener" [_thread_blocked, id=3460, stack(0x0000002868900000,0x0000002868a00000)]
  0x000001330fcc5080 JavaThread "Problems report writer" [_thread_blocked, id=17484, stack(0x0000002868a00000,0x0000002868b00000)]
  0x000001330f5ed930 JavaThread "jar transforms" [_thread_blocked, id=10344, stack(0x0000002868b00000,0x0000002868c00000)]
  0x000001330f5ee860 JavaThread "Unconstrained build operations Thread 102" [_thread_blocked, id=21388, stack(0x0000002868e00000,0x0000002868f00000)]
  0x000001330f5eca00 JavaThread "Unconstrained build operations Thread 103" [_thread_blocked, id=6904, stack(0x0000002868f00000,0x0000002869000000)]
  0x000001330f5ed420 JavaThread "Unconstrained build operations Thread 104" [_thread_blocked, id=1540, stack(0x0000002869000000,0x0000002869100000)]
  0x000001330f5ee350 JavaThread "Unconstrained build operations Thread 105" [_thread_blocked, id=7792, stack(0x0000002869100000,0x0000002869200000)]
  0x000001330f5ede40 JavaThread "Unconstrained build operations Thread 106" [_thread_blocked, id=18772, stack(0x0000002869200000,0x0000002869300000)]
  0x000001330f5eb0b0 JavaThread "Unconstrained build operations Thread 107" [_thread_blocked, id=21096, stack(0x0000002869300000,0x0000002869400000)]
  0x000001330f5ecf10 JavaThread "Unconstrained build operations Thread 108" [_thread_blocked, id=16312, stack(0x0000002869400000,0x0000002869500000)]
  0x000001330f5ec4f0 JavaThread "Unconstrained build operations Thread 109" [_thread_blocked, id=13764, stack(0x0000002869500000,0x0000002869600000)]
  0x000001330f5ebfe0 JavaThread "Unconstrained build operations Thread 110" [_thread_blocked, id=3928, stack(0x0000002869600000,0x0000002869700000)]
  0x000001330f5eed70 JavaThread "Unconstrained build operations Thread 111" [_thread_blocked, id=5568, stack(0x0000002869700000,0x0000002869800000)]
  0x000001330f5eb5c0 JavaThread "Unconstrained build operations Thread 112" [_thread_blocked, id=2192, stack(0x0000002869800000,0x0000002869900000)]
  0x000001330f5ef280 JavaThread "Unconstrained build operations Thread 113" [_thread_blocked, id=20828, stack(0x0000002869900000,0x0000002869a00000)]
  0x000001330f5ebad0 JavaThread "Unconstrained build operations Thread 114" [_thread_blocked, id=6392, stack(0x0000002869a00000,0x0000002869b00000)]
  0x000001330f5f06c0 JavaThread "Unconstrained build operations Thread 115" [_thread_blocked, id=14216, stack(0x0000002869b00000,0x0000002869c00000)]
  0x000001330f5f2010 JavaThread "Unconstrained build operations Thread 116" [_thread_blocked, id=20160, stack(0x0000002869c00000,0x0000002869d00000)]
  0x000001330f5f2520 JavaThread "Unconstrained build operations Thread 117" [_thread_blocked, id=18468, stack(0x0000002869d00000,0x0000002869e00000)]
  0x000001330f5f2a30 JavaThread "Unconstrained build operations Thread 118" [_thread_blocked, id=12800, stack(0x0000002869e00000,0x0000002869f00000)]
  0x000001330f5ef790 JavaThread "Unconstrained build operations Thread 119" [_thread_blocked, id=19720, stack(0x0000002869f00000,0x000000286a000000)]
  0x000001330f5efca0 JavaThread "Unconstrained build operations Thread 120" [_thread_blocked, id=8124, stack(0x000000286a000000,0x000000286a100000)]
  0x000001330f5f01b0 JavaThread "jar transforms Thread 2" [_thread_blocked, id=18564, stack(0x000000286a100000,0x000000286a200000)]
  0x000001330f5f0bd0 JavaThread "jar transforms Thread 3" [_thread_blocked, id=1764, stack(0x000000286a200000,0x000000286a300000)]
  0x000001330f5f15f0 JavaThread "jar transforms Thread 4" [_thread_blocked, id=17992, stack(0x000000286a300000,0x000000286a400000)]
  0x000001330f5f10e0 JavaThread "jar transforms Thread 5" [_thread_blocked, id=11996, stack(0x000000286a400000,0x000000286a500000)]
  0x000001330f5f1b00 JavaThread "jar transforms Thread 6" [_thread_blocked, id=11616, stack(0x000000286a500000,0x000000286a600000)]
  0x00000133172cd520 JavaThread "jar transforms Thread 7" [_thread_blocked, id=20888, stack(0x000000286a600000,0x000000286a700000)]
  0x00000133172cd010 JavaThread "jar transforms Thread 8" [_thread_blocked, id=19952, stack(0x000000286a700000,0x000000286a800000)]
  0x00000133172ca790 JavaThread "jar transforms Thread 9" [_thread_blocked, id=20512, stack(0x0000002868d00000,0x0000002868e00000)]
  0x00000133172caca0 JavaThread "jar transforms Thread 10" [_thread_blocked, id=21440, stack(0x000000286a800000,0x000000286a900000)]
  0x00000133172cda30 JavaThread "jar transforms Thread 11" [_thread_blocked, id=9536, stack(0x000000286a900000,0x000000286aa00000)]
  0x00000133172cb1b0 JavaThread "jar transforms Thread 12" [_thread_blocked, id=20872, stack(0x000000286aa00000,0x000000286ab00000)]
  0x00000133172d16f0 JavaThread "Cache worker for execution history cache (C:\Users\laiba\CareConnect\android\.gradle\9.1.0\executionHistory)" [_thread_blocked, id=17516, stack(0x000000285d900000,0x000000285da00000)]
  0x000001330fcc2d10 JavaThread "WorkerExecutor Queue Thread 3" [_thread_blocked, id=12988, stack(0x000000286ac00000,0x000000286ad00000)]
  0x000001330fa7a420 JavaThread "WorkerExecutor Queue Thread 6" [_thread_blocked, id=864, stack(0x000000286af00000,0x000000286b000000)]
  0x000001330fa79f10 JavaThread "RMI Scheduler(0)" daemon [_thread_blocked, id=18752, stack(0x000000286b100000,0x000000286b200000)]
  0x000001330fa7e0e0 JavaThread "RMI GC Daemon" daemon [_thread_blocked, id=6240, stack(0x000000286b300000,0x000000286b400000)]
  0x000001330fa7f520 JavaThread "WorkerExecutor Queue Thread 9" [_thread_blocked, id=12432, stack(0x000000286b600000,0x000000286b700000)]
  0x000001330fa7fa30 JavaThread "WorkerExecutor Queue Thread 10" [_thread_blocked, id=3656, stack(0x000000286b700000,0x000000286b800000)]
  0x000001330fa80960 JavaThread "RMI TCP Accept-0" daemon [_thread_in_native, id=9840, stack(0x000000286ba00000,0x000000286bb00000)]
  0x000001330fa7e5f0 JavaThread "RMI Reaper" [_thread_blocked, id=18784, stack(0x000000286bb00000,0x000000286bc00000)]
  0x000001330fa80e70 JavaThread "WorkerExecutor Queue Thread 13" [_thread_blocked, id=10360, stack(0x000000286bd00000,0x000000286be00000)]
  0x000001330fcc4150 JavaThread "pool-3-thread-1" [_thread_blocked, id=13516, stack(0x000000286be00000,0x000000286bf00000)]
  0x000001330fa7f010 JavaThread "stderr" [_thread_in_native, id=14044, stack(0x000000286bf00000,0x000000286c000000)]
  0x00000133105b16f0 JavaThread "stdout" [_thread_in_native, id=14416, stack(0x000000286c000000,0x000000286c100000)]
  0x00000133105b1c00 JavaThread "stderr" [_thread_in_native, id=17888, stack(0x000000286c100000,0x000000286c200000)]
  0x00000133105b0cd0 JavaThread "stdout" [_thread_in_native, id=8220, stack(0x000000286c200000,0x000000286c300000)]
  0x00000133105b2b30 JavaThread "stderr" [_thread_in_native, id=20496, stack(0x000000286c300000,0x000000286c400000)]
  0x00000133105b2110 JavaThread "stdout" [_thread_in_native, id=13368, stack(0x000000286c400000,0x000000286c500000)]
  0x00000133105b3040 JavaThread "stderr" [_thread_in_native, id=15324, stack(0x000000286c500000,0x000000286c600000)]
  0x00000133105afda0 JavaThread "stdout" [_thread_in_native, id=4064, stack(0x000000286c600000,0x000000286c700000)]
  0x00000133105b11e0 JavaThread "stderr" [_thread_in_native, id=19632, stack(0x000000286c700000,0x000000286c800000)]
  0x00000133105b07c0 JavaThread "stdout" [_thread_in_native, id=14688, stack(0x000000286c800000,0x000000286c900000)]
  0x00000133105b2620 JavaThread "stderr" [_thread_in_native, id=15916, stack(0x000000286c900000,0x000000286ca00000)]
  0x00000133105af890 JavaThread "stdout" [_thread_in_native, id=17712, stack(0x000000286ca00000,0x000000286cb00000)]
  0x00000133105b3550 JavaThread "stderr" [_thread_in_native, id=4312, stack(0x000000286cb00000,0x000000286cc00000)]
  0x00000133105b3a60 JavaThread "stdout" [_thread_in_native, id=9280, stack(0x000000286cc00000,0x000000286cd00000)]
  0x00000133105b02b0 JavaThread "stderr" [_thread_in_native, id=19916, stack(0x000000286cd00000,0x000000286ce00000)]
  0x00000133105b4ea0 JavaThread "stdout" [_thread_in_native, id=15848, stack(0x000000286ce00000,0x000000286cf00000)]
  0x00000133105baed0 JavaThread "Cache worker for Java compile cache (C:\Users\laiba\.gradle\caches\9.1.0\javaCompile)" [_thread_blocked, id=13112, stack(0x000000286ab00000,0x000000286ac00000)]
  0x00000133105bc310 JavaThread "Build operations" [_thread_blocked, id=10280, stack(0x000000286b000000,0x000000286b100000)]
  0x00000133105bb3e0 JavaThread "Build operations Thread 2" [_thread_blocked, id=15876, stack(0x000000286dd00000,0x000000286de00000)]
  0x00000133105bd240 JavaThread "Build operations Thread 3" [_thread_blocked, id=7108, stack(0x000000286de00000,0x000000286df00000)]
  0x00000133105bb8f0 JavaThread "Build operations Thread 4" [_thread_blocked, id=18864, stack(0x000000286df00000,0x000000286e000000)]
  0x00000133105bbe00 JavaThread "Build operations Thread 5" [_thread_blocked, id=4412, stack(0x000000286e000000,0x000000286e100000)]
  0x00000133105bcd30 JavaThread "Build operations Thread 6" [_thread_blocked, id=7720, stack(0x000000286e100000,0x000000286e200000)]
  0x00000133105bdc60 JavaThread "Build operations Thread 7" [_thread_blocked, id=20880, stack(0x000000286e200000,0x000000286e300000)]
  0x00000133105be680 JavaThread "Build operations Thread 8" [_thread_blocked, id=4616, stack(0x000000286e300000,0x000000286e400000)]
  0x00000133105bd750 JavaThread "Build operations Thread 9" [_thread_blocked, id=15784, stack(0x000000286e400000,0x000000286e500000)]
  0x00000133105beb90 JavaThread "Build operations Thread 10" [_thread_blocked, id=15684, stack(0x000000286e500000,0x000000286e600000)]
  0x00000133105bf0a0 JavaThread "Build operations Thread 11" [_thread_blocked, id=7756, stack(0x000000286e600000,0x000000286e700000)]
  0x0000013310136ac0 JavaThread "C2 CompilerThread1" daemon [_thread_blocked, id=8032, stack(0x0000002868800000,0x0000002868900000)]
  0x0000013321bf15a0 JavaThread "DefaultDispatcher-worker-1" daemon [_thread_blocked, id=388, stack(0x000000286b900000,0x000000286ba00000)]
  0x0000013321beed20 JavaThread "DefaultDispatcher-worker-2" daemon [_thread_blocked, id=19660, stack(0x000000286e700000,0x000000286e800000)]
  0x0000013321bf0670 JavaThread "DefaultDispatcher-worker-4" daemon [_thread_blocked, id=7868, stack(0x000000286e800000,0x000000286e900000)]
  0x0000013321befc50 JavaThread "DefaultDispatcher-worker-3" daemon [_thread_blocked, id=6468, stack(0x000000286e900000,0x000000286ea00000)]
  0x0000013321bf0160 JavaThread "DefaultDispatcher-worker-5" daemon [_thread_blocked, id=2468, stack(0x000000286ea00000,0x000000286eb00000)]
  0x0000013321bf29e0 JavaThread "DefaultDispatcher-worker-6" daemon [_thread_blocked, id=4420, stack(0x000000286eb00000,0x000000286ec00000)]
  0x0000013321bef230 JavaThread "DefaultDispatcher-worker-7" daemon [_thread_blocked, id=8060, stack(0x000000286ec00000,0x000000286ed00000)]
  0x0000013321bf1ab0 JavaThread "DefaultDispatcher-worker-8" daemon [_thread_blocked, id=6792, stack(0x000000286ed00000,0x000000286ee00000)]
  0x0000013321bf2ef0 JavaThread "DefaultDispatcher-worker-9" daemon [_thread_blocked, id=16768, stack(0x000000286ee00000,0x000000286ef00000)]
  0x0000013321bf1fc0 JavaThread "ForkJoinPool-3-worker-1" daemon [_thread_blocked, id=10964, stack(0x000000286ef00000,0x000000286f000000)]
  0x0000013321bef740 JavaThread "ForkJoinPool-3-worker-2" daemon [_thread_blocked, id=11284, stack(0x000000286f000000,0x000000286f100000)]
  0x0000013321bf3400 JavaThread "ForkJoinPool-3-worker-3" daemon [_thread_blocked, id=7712, stack(0x000000286f100000,0x000000286f200000)]
  0x0000013321bf5770 JavaThread "ForkJoinPool-3-worker-4" daemon [_thread_blocked, id=4796, stack(0x000000286f200000,0x000000286f300000)]
  0x0000013321bf4840 JavaThread "ForkJoinPool-3-worker-5" daemon [_thread_blocked, id=20344, stack(0x000000286f300000,0x000000286f400000)]
  0x0000013321bf5260 JavaThread "ForkJoinPool-3-worker-6" daemon [_thread_blocked, id=19444, stack(0x000000286f400000,0x000000286f500000)]
  0x0000013321bf5c80 JavaThread "ForkJoinPool-3-worker-7" daemon [_thread_blocked, id=756, stack(0x000000286f500000,0x000000286f600000)]
  0x0000013321bf4d50 JavaThread "ForkJoinPool-3-worker-8" daemon [_thread_blocked, id=19136, stack(0x000000286f600000,0x000000286f700000)]
  0x0000013321bf24d0 JavaThread "ForkJoinPool-3-worker-9" daemon [_thread_blocked, id=3540, stack(0x000000286f700000,0x000000286f800000)]
  0x0000013321bf6bb0 JavaThread "ForkJoinPool-3-worker-10" daemon [_thread_blocked, id=2584, stack(0x000000286f800000,0x000000286f900000)]
  0x0000013321bf66a0 JavaThread "ForkJoinPool-3-worker-11" daemon [_thread_blocked, id=15824, stack(0x000000286f900000,0x000000286fa00000)]
  0x0000013321bf70c0 JavaThread "ForkJoinPool-3-worker-12" daemon [_thread_blocked, id=364, stack(0x000000286fa00000,0x000000286fb00000)]
  0x00000133224e8500 JavaThread "WorkerExecutor Queue Thread 15" [_thread_blocked, id=16256, stack(0x000000286fe00000,0x000000286ff00000)]
  0x0000013317517690 JavaThread "WorkerExecutor Queue Thread 17" [_thread_blocked, id=13168, stack(0x0000002870000000,0x0000002870100000)]
  0x0000013317516c70 JavaThread "WorkerExecutor Queue Thread 19" [_thread_blocked, id=15696, stack(0x0000002870200000,0x0000002870300000)]
  0x00000133224e8a10 JavaThread "WorkerExecutor Queue Thread 20" [_thread_blocked, id=3608, stack(0x0000002870300000,0x0000002870400000)]
  0x00000133224e7ff0 JavaThread "ForkJoinPool.commonPool-worker-1" daemon [_thread_blocked, id=20660, stack(0x0000002870400000,0x0000002870500000)]
  0x000001332125ba00 JavaThread "WorkerExecutor Queue Thread 21" [_thread_blocked, id=5616, stack(0x0000002870100000,0x0000002870200000)]
  0x0000013322913760 JavaThread "Periodic tasks thread" daemon [_thread_blocked, id=19480, stack(0x0000002868700000,0x0000002868800000)]
  0x0000013322914690 JavaThread "ApplicationImpl pooled thread 1" [_thread_blocked, id=6912, stack(0x0000002868c00000,0x0000002868d00000)]
  0x0000013320334eb0 JavaThread "Java2D Disposer" daemon [_thread_blocked, id=18504, stack(0x000000286b200000,0x000000286b300000)]
  0x00000133203353c0 JavaThread "AWT-Windows" daemon [_thread_in_native, id=10012, stack(0x000000286d000000,0x000000286d100000)]

Other Threads:
=>0x00000132c2687470 VMThread "VM Thread" [stack: 0x000000285e200000,0x000000285e300000] [id=4396]
  0x00000132853e64d0 WatcherThread [stack: 0x000000285ee00000,0x000000285ef00000] [id=8700]
  0x00000132c24d19b0 GCTaskThread "GC Thread#0" [stack: 0x000000285dd00000,0x000000285de00000] [id=19812]
  0x00000132c53f18f0 GCTaskThread "GC Thread#1" [stack: 0x000000285ef00000,0x000000285f000000] [id=18988]
  0x00000132c564c8d0 GCTaskThread "GC Thread#2" [stack: 0x000000285f000000,0x000000285f100000] [id=7000]
  0x000001330b26d8e0 GCTaskThread "GC Thread#3" [stack: 0x000000285f100000,0x000000285f200000] [id=8936]
  0x00000132c586ce80 GCTaskThread "GC Thread#4" [stack: 0x000000285f200000,0x000000285f300000] [id=4344]
  0x000001330c2aeda0 GCTaskThread "GC Thread#5" [stack: 0x0000002860000000,0x0000002860100000] [id=20716]
  0x000001330c44c9f0 GCTaskThread "GC Thread#6" [stack: 0x0000002860100000,0x0000002860200000] [id=10376]
  0x000001330c324a20 GCTaskThread "GC Thread#7" [stack: 0x0000002860200000,0x0000002860300000] [id=19864]
  0x000001330b86cff0 GCTaskThread "GC Thread#8" [stack: 0x0000002860300000,0x0000002860400000] [id=13696]
  0x000001330b86dbe0 GCTaskThread "GC Thread#9" [stack: 0x0000002860400000,0x0000002860500000] [id=9944]
  0x00000132850dc0f0 ConcurrentGCThread "G1 Main Marker" [stack: 0x000000285de00000,0x000000285df00000] [id=10060]
  0x00000132850de340 ConcurrentGCThread "G1 Conc#0" [stack: 0x000000285df00000,0x000000285e000000] [id=16032]
  0x00000132c5481ba0 ConcurrentGCThread "G1 Conc#1" [stack: 0x0000002860500000,0x0000002860600000] [id=8056]
  0x00000132c5481e60 ConcurrentGCThread "G1 Conc#2" [stack: 0x0000002860600000,0x0000002860700000] [id=3988]
  0x00000132c2544ff0 ConcurrentGCThread "G1 Refine#0" [stack: 0x000000285e000000,0x000000285e100000] [id=19056]
  0x00000132c57b0910 ConcurrentGCThread "G1 Refine#1" [stack: 0x0000002860f00000,0x0000002861000000] [id=14788]
  0x000001330d9cd8d0 ConcurrentGCThread "G1 Refine#2" [stack: 0x0000002861000000,0x0000002861100000] [id=18472]
  0x00000133110d9160 ConcurrentGCThread "G1 Refine#3" [stack: 0x000000286ae00000,0x000000286af00000] [id=2504]
  0x000001330f2e6110 ConcurrentGCThread "G1 Refine#4" [stack: 0x000000286b400000,0x000000286b500000] [id=11772]
  0x0000013317019fa0 ConcurrentGCThread "G1 Refine#5" [stack: 0x000000286b500000,0x000000286b600000] [id=18532]
  0x0000013317b6c8a0 ConcurrentGCThread "G1 Refine#6" [stack: 0x000000286b800000,0x000000286b900000] [id=8332]
  0x00000133110d8890 ConcurrentGCThread "G1 Refine#7" [stack: 0x000000286fb00000,0x000000286fc00000] [id=21476]
  0x0000013310ed8670 ConcurrentGCThread "G1 Refine#8" [stack: 0x000000286fc00000,0x000000286fd00000] [id=18096]
  0x0000013317b6cb90 ConcurrentGCThread "G1 Refine#9" [stack: 0x000000286fd00000,0x000000286fe00000] [id=3048]
  0x00000132c25457d0 ConcurrentGCThread "G1 Service" [stack: 0x000000285e100000,0x000000285e200000] [id=1768]

Threads with active compile tasks:
C2 CompilerThread0  291331 48552 %     4       com.android.tools.r8.internal.cl::a @ 183 (1828 bytes)
C1 CompilerThread0  291331 48757       2       com.android.tools.r8.internal.n7::a (329 bytes)
C2 CompilerThread1  291332 46703 %     4       com.android.tools.r8.internal.s42::a @ 53 (4426 bytes)

VM state: at safepoint (normal execution)

VM Mutex/Monitor currently owned by a thread:  ([mutex/lock_event])
[0x000001328502ef10] Threads_lock - owner thread: 0x00000132c2687470
[0x00000132853e29b0] Heap_lock - owner thread: 0x0000013321bf66a0

Heap address: 0x0000000600000000, size: 8192 MB, Compressed Oops mode: Zero based, Oop shift amount: 3

CDS archive(s) mapped at: [0x00000132c6000000-0x00000132c6bb0000-0x00000132c6bb0000), size 12255232, SharedBaseAddress: 0x00000132c6000000, ArchiveRelocationMode: 1.
Compressed class space mapped at: 0x00000132c7000000-0x0000013307000000, reserved size: 1073741824
Narrow klass base: 0x00000132c6000000, Narrow klass shift: 0, Narrow klass range: 0x100000000

GC Precious Log:
 CPUs: 12 total, 12 available
 Memory: 7582M
 Large Page Support: Disabled
 NUMA Support: Disabled
 Compressed Oops: Enabled (Zero based)
 Heap Region Size: 4M
 Heap Min Capacity: 8M
 Heap Initial Capacity: 120M
 Heap Max Capacity: 8G
 Pre-touch: Disabled
 Parallel Workers: 10
 Concurrent Workers: 3
 Concurrent Refinement Workers: 10
 Periodic GC: Disabled

Heap:
 garbage-first heap   total 3760128K, used 794520K [0x0000000600000000, 0x0000000800000000)
  region size 4096K, 6 young (24576K), 6 survivors (24576K)
 Metaspace       used 279078K, committed 281280K, reserved 1310720K
  class space    used 36875K, committed 37888K, reserved 1048576K

Heap Regions: E=young(eden), S=young(survivor), O=old, HS=humongous(starts), HC=humongous(continues), CS=collection set, F=free, OA=open archive, CA=closed archive, TAMS=top-at-mark-start (previous, next)
|   0|0x0000000600000000, 0x0000000600400000, 0x0000000600400000|100%|HS|  |TAMS 0x0000000600400000, 0x0000000600000000| Complete 
|   1|0x0000000600400000, 0x0000000600800000, 0x0000000600800000|100%| O|  |TAMS 0x0000000600800000, 0x0000000600400000| Untracked 
|   2|0x0000000600800000, 0x0000000600c00000, 0x0000000600c00000|100%| O|  |TAMS 0x0000000600c00000, 0x0000000600800000| Untracked 
|   3|0x0000000600c00000, 0x0000000600fe3208, 0x0000000601000000| 97%| O|  |TAMS 0x0000000600fe3208, 0x0000000600c00000| Untracked 
|   4|0x0000000601000000, 0x0000000601400000, 0x0000000601400000|100%| O|  |TAMS 0x0000000601400000, 0x0000000601000000| Untracked 
|   5|0x0000000601400000, 0x0000000601800000, 0x0000000601800000|100%| O|  |TAMS 0x0000000601800000, 0x0000000601400000| Untracked 
|   6|0x0000000601800000, 0x0000000601c00000, 0x0000000601c00000|100%| O|  |TAMS 0x0000000601c00000, 0x0000000601800000| Untracked 
|   7|0x0000000601c00000, 0x0000000602000000, 0x0000000602000000|100%| O|  |TAMS 0x0000000602000000, 0x0000000601c00000| Untracked 
|   8|0x0000000602000000, 0x0000000602400000, 0x0000000602400000|100%| O|  |TAMS 0x0000000602400000, 0x0000000602000000| Untracked 
|   9|0x0000000602400000, 0x0000000602800000, 0x0000000602800000|100%| O|  |TAMS 0x0000000602800000, 0x0000000602400000| Untracked 
|  10|0x0000000602800000, 0x0000000602c00000, 0x0000000602c00000|100%| O|  |TAMS 0x0000000602c00000, 0x0000000602800000| Untracked 
|  11|0x0000000602c00000, 0x0000000603000000, 0x0000000603000000|100%| O|  |TAMS 0x0000000603000000, 0x0000000602c00000| Untracked 
|  12|0x0000000603000000, 0x0000000603400000, 0x0000000603400000|100%| O|  |TAMS 0x0000000603400000, 0x0000000603000000| Untracked 
|  13|0x0000000603400000, 0x0000000603800000, 0x0000000603800000|100%| O|  |TAMS 0x0000000603800000, 0x0000000603400000| Untracked 
|  14|0x0000000603800000, 0x0000000603c00000, 0x0000000603c00000|100%| O|  |TAMS 0x0000000603c00000, 0x0000000603800000| Untracked 
|  15|0x0000000603c00000, 0x0000000604000000, 0x0000000604000000|100%| O|  |TAMS 0x0000000604000000, 0x0000000603c00000| Untracked 
|  16|0x0000000604000000, 0x0000000604400000, 0x0000000604400000|100%| O|  |TAMS 0x0000000604400000, 0x0000000604000000| Untracked 
|  17|0x0000000604400000, 0x0000000604800000, 0x0000000604800000|100%| O|  |TAMS 0x0000000604800000, 0x0000000604400000| Untracked 
|  18|0x0000000604800000, 0x0000000604c00000, 0x0000000604c00000|100%| O|  |TAMS 0x0000000604c00000, 0x0000000604800000| Untracked 
|  19|0x0000000604c00000, 0x0000000605000000, 0x0000000605000000|100%| O|  |TAMS 0x0000000605000000, 0x0000000604c00000| Untracked 
|  20|0x0000000605000000, 0x0000000605400000, 0x0000000605400000|100%| O|  |TAMS 0x0000000605400000, 0x0000000605000000| Untracked 
|  21|0x0000000605400000, 0x0000000605800000, 0x0000000605800000|100%| O|  |TAMS 0x0000000605800000, 0x0000000605400000| Untracked 
|  22|0x0000000605800000, 0x0000000605c00000, 0x0000000605c00000|100%| O|  |TAMS 0x0000000605c00000, 0x0000000605800000| Untracked 
|  23|0x0000000605c00000, 0x0000000606000000, 0x0000000606000000|100%| O|  |TAMS 0x0000000606000000, 0x0000000605c00000| Untracked 
|  24|0x0000000606000000, 0x0000000606400000, 0x0000000606400000|100%| O|  |TAMS 0x0000000606400000, 0x0000000606000000| Untracked 
|  25|0x0000000606400000, 0x0000000606800000, 0x0000000606800000|100%| O|  |TAMS 0x0000000606800000, 0x0000000606400000| Untracked 
|  26|0x0000000606800000, 0x0000000606c00000, 0x0000000606c00000|100%| O|  |TAMS 0x0000000606c00000, 0x0000000606800000| Untracked 
|  27|0x0000000606c00000, 0x0000000607000000, 0x0000000607000000|100%| O|  |TAMS 0x0000000607000000, 0x0000000606c00000| Untracked 
|  28|0x0000000607000000, 0x0000000607400000, 0x0000000607400000|100%| O|  |TAMS 0x0000000607400000, 0x0000000607000000| Untracked 
|  29|0x0000000607400000, 0x0000000607800000, 0x0000000607800000|100%| O|  |TAMS 0x0000000607800000, 0x0000000607400000| Untracked 
|  30|0x0000000607800000, 0x0000000607c00000, 0x0000000607c00000|100%| O|  |TAMS 0x0000000607c00000, 0x0000000607800000| Untracked 
|  31|0x0000000607c00000, 0x0000000608000000, 0x0000000608000000|100%| O|  |TAMS 0x0000000608000000, 0x0000000607c00000| Untracked 
|  32|0x0000000608000000, 0x0000000608400000, 0x0000000608400000|100%| O|  |TAMS 0x0000000608400000, 0x0000000608000000| Untracked 
|  33|0x0000000608400000, 0x0000000608800000, 0x0000000608800000|100%| O|  |TAMS 0x0000000608800000, 0x0000000608400000| Untracked 
|  34|0x0000000608800000, 0x0000000608c00000, 0x0000000608c00000|100%| O|  |TAMS 0x0000000608c00000, 0x0000000608800000| Untracked 
|  35|0x0000000608c00000, 0x0000000609000000, 0x0000000609000000|100%| O|  |TAMS 0x0000000609000000, 0x0000000608c00000| Untracked 
|  36|0x0000000609000000, 0x0000000609400000, 0x0000000609400000|100%| O|  |TAMS 0x0000000609400000, 0x0000000609000000| Untracked 
|  37|0x0000000609400000, 0x0000000609800000, 0x0000000609800000|100%| O|  |TAMS 0x0000000609800000, 0x0000000609400000| Untracked 
|  38|0x0000000609800000, 0x0000000609c00000, 0x0000000609c00000|100%| O|  |TAMS 0x0000000609c00000, 0x0000000609800000| Untracked 
|  39|0x0000000609c00000, 0x000000060a000000, 0x000000060a000000|100%| O|  |TAMS 0x000000060a000000, 0x0000000609c00000| Untracked 
|  40|0x000000060a000000, 0x000000060a400000, 0x000000060a400000|100%| O|  |TAMS 0x000000060a400000, 0x000000060a000000| Untracked 
|  41|0x000000060a400000, 0x000000060a800000, 0x000000060a800000|100%|HS|  |TAMS 0x000000060a800000, 0x000000060a400000| Complete 
|  42|0x000000060a800000, 0x000000060ac00000, 0x000000060ac00000|100%| O|  |TAMS 0x000000060ac00000, 0x000000060a800000| Untracked 
|  43|0x000000060ac00000, 0x000000060b000000, 0x000000060b000000|100%| O|  |TAMS 0x000000060b000000, 0x000000060ac00000| Untracked 
|  44|0x000000060b000000, 0x000000060b400000, 0x000000060b400000|100%| O|  |TAMS 0x000000060b400000, 0x000000060b000000| Untracked 
|  45|0x000000060b400000, 0x000000060b800000, 0x000000060b800000|100%| O|  |TAMS 0x000000060b800000, 0x000000060b400000| Untracked 
|  46|0x000000060b800000, 0x000000060bc00000, 0x000000060bc00000|100%|HS|  |TAMS 0x000000060bc00000, 0x000000060b800000| Complete 
|  47|0x000000060bc00000, 0x000000060c000000, 0x000000060c000000|100%|HS|  |TAMS 0x000000060c000000, 0x000000060bc00000| Complete 
|  48|0x000000060c000000, 0x000000060c400000, 0x000000060c400000|100%| O|  |TAMS 0x000000060c400000, 0x000000060c000000| Untracked 
|  49|0x000000060c400000, 0x000000060c800000, 0x000000060c800000|100%| O|  |TAMS 0x000000060c800000, 0x000000060c400000| Untracked 
|  50|0x000000060c800000, 0x000000060cc00000, 0x000000060cc00000|100%| O|  |TAMS 0x000000060cc00000, 0x000000060c800000| Untracked 
|  51|0x000000060cc00000, 0x000000060d000000, 0x000000060d000000|100%| O|  |TAMS 0x000000060d000000, 0x000000060cc00000| Untracked 
|  52|0x000000060d000000, 0x000000060d400000, 0x000000060d400000|100%| O|  |TAMS 0x000000060d400000, 0x000000060d000000| Untracked 
|  53|0x000000060d400000, 0x000000060d800000, 0x000000060d800000|100%| O|  |TAMS 0x000000060d800000, 0x000000060d400000| Untracked 
|  54|0x000000060d800000, 0x000000060dc00000, 0x000000060dc00000|100%| O|  |TAMS 0x000000060dc00000, 0x000000060d800000| Untracked 
|  55|0x000000060dc00000, 0x000000060e000000, 0x000000060e000000|100%| O|  |TAMS 0x000000060e000000, 0x000000060dc00000| Untracked 
|  56|0x000000060e000000, 0x000000060e400000, 0x000000060e400000|100%| O|  |TAMS 0x000000060e400000, 0x000000060e000000| Untracked 
|  57|0x000000060e400000, 0x000000060e800000, 0x000000060e800000|100%| O|  |TAMS 0x000000060e800000, 0x000000060e400000| Untracked 
|  58|0x000000060e800000, 0x000000060ec00000, 0x000000060ec00000|100%| O|  |TAMS 0x000000060ec00000, 0x000000060e800000| Untracked 
|  59|0x000000060ec00000, 0x000000060f000000, 0x000000060f000000|100%| O|  |TAMS 0x000000060f000000, 0x000000060ec00000| Untracked 
|  60|0x000000060f000000, 0x000000060f400000, 0x000000060f400000|100%| O|  |TAMS 0x000000060f400000, 0x000000060f000000| Untracked 
|  61|0x000000060f400000, 0x000000060f800000, 0x000000060f800000|100%| O|  |TAMS 0x000000060f800000, 0x000000060f400000| Untracked 
|  62|0x000000060f800000, 0x000000060fc00000, 0x000000060fc00000|100%| O|  |TAMS 0x000000060fc00000, 0x000000060f800000| Untracked 
|  63|0x000000060fc00000, 0x0000000610000000, 0x0000000610000000|100%| O|  |TAMS 0x0000000610000000, 0x000000060fc00000| Untracked 
|  64|0x0000000610000000, 0x0000000610400000, 0x0000000610400000|100%| O|  |TAMS 0x0000000610400000, 0x0000000610000000| Untracked 
|  65|0x0000000610400000, 0x0000000610800000, 0x0000000610800000|100%| O|  |TAMS 0x0000000610800000, 0x0000000610400000| Untracked 
|  66|0x0000000610800000, 0x0000000610c00000, 0x0000000610c00000|100%| O|  |TAMS 0x0000000610c00000, 0x0000000610800000| Untracked 
|  67|0x0000000610c00000, 0x0000000611000000, 0x0000000611000000|100%| O|  |TAMS 0x0000000611000000, 0x0000000610c00000| Untracked 
|  68|0x0000000611000000, 0x0000000611400000, 0x0000000611400000|100%| O|  |TAMS 0x0000000611400000, 0x0000000611000000| Untracked 
|  69|0x0000000611400000, 0x0000000611800000, 0x0000000611800000|100%| O|  |TAMS 0x0000000611800000, 0x0000000611400000| Untracked 
|  70|0x0000000611800000, 0x0000000611c00000, 0x0000000611c00000|100%| O|  |TAMS 0x0000000611c00000, 0x0000000611800000| Untracked 
|  71|0x0000000611c00000, 0x0000000612000000, 0x0000000612000000|100%| O|  |TAMS 0x0000000612000000, 0x0000000611c00000| Untracked 
|  72|0x0000000612000000, 0x0000000612400000, 0x0000000612400000|100%| O|  |TAMS 0x0000000612400000, 0x0000000612000000| Untracked 
|  73|0x0000000612400000, 0x0000000612800000, 0x0000000612800000|100%| O|  |TAMS 0x0000000612800000, 0x0000000612400000| Untracked 
|  74|0x0000000612800000, 0x0000000612c00000, 0x0000000612c00000|100%| O|  |TAMS 0x0000000612c00000, 0x0000000612800000| Untracked 
|  75|0x0000000612c00000, 0x0000000613000000, 0x0000000613000000|100%| O|  |TAMS 0x0000000613000000, 0x0000000612c00000| Untracked 
|  76|0x0000000613000000, 0x0000000613400000, 0x0000000613400000|100%| O|  |TAMS 0x0000000613000000, 0x0000000613000000| Untracked 
|  77|0x0000000613400000, 0x0000000613800000, 0x0000000613800000|100%| O|  |TAMS 0x0000000613800000, 0x0000000613400000| Untracked 
|  78|0x0000000613800000, 0x0000000613c00000, 0x0000000613c00000|100%| O|  |TAMS 0x0000000613c00000, 0x0000000613800000| Untracked 
|  79|0x0000000613c00000, 0x0000000614000000, 0x0000000614000000|100%| O|  |TAMS 0x0000000614000000, 0x0000000613c00000| Untracked 
|  80|0x0000000614000000, 0x0000000614400000, 0x0000000614400000|100%| O|  |TAMS 0x0000000614400000, 0x0000000614000000| Untracked 
|  81|0x0000000614400000, 0x0000000614800000, 0x0000000614800000|100%| O|  |TAMS 0x0000000614400000, 0x0000000614400000| Untracked 
|  82|0x0000000614800000, 0x0000000614c00000, 0x0000000614c00000|100%| O|  |TAMS 0x0000000614c00000, 0x0000000614800000| Untracked 
|  83|0x0000000614c00000, 0x0000000615000000, 0x0000000615000000|100%| O|  |TAMS 0x0000000615000000, 0x0000000614c00000| Untracked 
|  84|0x0000000615000000, 0x0000000615400000, 0x0000000615400000|100%| O|  |TAMS 0x0000000615400000, 0x0000000615000000| Untracked 
|  85|0x0000000615400000, 0x0000000615800000, 0x0000000615800000|100%| O|  |TAMS 0x0000000615800000, 0x0000000615400000| Untracked 
|  86|0x0000000615800000, 0x0000000615c00000, 0x0000000615c00000|100%| O|  |TAMS 0x0000000615800000, 0x0000000615800000| Untracked 
|  87|0x0000000615c00000, 0x0000000616000000, 0x0000000616000000|100%|HS|  |TAMS 0x0000000615c00000, 0x0000000615c00000| Complete 
|  88|0x0000000616000000, 0x0000000616400000, 0x0000000616400000|100%| O|  |TAMS 0x0000000616400000, 0x0000000616000000| Untracked 
|  89|0x0000000616400000, 0x0000000616800000, 0x0000000616800000|100%| O|  |TAMS 0x0000000616800000, 0x0000000616400000| Untracked 
|  90|0x0000000616800000, 0x0000000616c00000, 0x0000000616c00000|100%| O|  |TAMS 0x0000000616c00000, 0x0000000616800000| Untracked 
|  91|0x0000000616c00000, 0x0000000617000000, 0x0000000617000000|100%| O|  |TAMS 0x0000000616c00000, 0x0000000616c00000| Untracked 
|  92|0x0000000617000000, 0x0000000617400000, 0x0000000617400000|100%| O|  |TAMS 0x0000000617000000, 0x0000000617000000| Untracked 
|  93|0x0000000617400000, 0x0000000617800000, 0x0000000617800000|100%| O|  |TAMS 0x0000000617400000, 0x0000000617400000| Untracked 
|  94|0x0000000617800000, 0x0000000617c00000, 0x0000000617c00000|100%| O|  |TAMS 0x0000000617800000, 0x0000000617800000| Untracked 
|  95|0x0000000617c00000, 0x0000000618000000, 0x0000000618000000|100%| O|  |TAMS 0x0000000618000000, 0x0000000617c00000| Untracked 
|  96|0x0000000618000000, 0x0000000618400000, 0x0000000618400000|100%| O|  |TAMS 0x0000000618400000, 0x0000000618000000| Untracked 
|  97|0x0000000618400000, 0x0000000618800000, 0x0000000618800000|100%| O|  |TAMS 0x0000000618800000, 0x0000000618400000| Untracked 
|  98|0x0000000618800000, 0x0000000618c00000, 0x0000000618c00000|100%| O|  |TAMS 0x0000000618c00000, 0x0000000618800000| Untracked 
|  99|0x0000000618c00000, 0x0000000619000000, 0x0000000619000000|100%| O|  |TAMS 0x0000000619000000, 0x0000000618c00000| Untracked 
| 100|0x0000000619000000, 0x0000000619400000, 0x0000000619400000|100%| O|  |TAMS 0x0000000619400000, 0x0000000619000000| Untracked 
| 101|0x0000000619400000, 0x0000000619800000, 0x0000000619800000|100%| O|  |TAMS 0x0000000619400000, 0x0000000619400000| Untracked 
| 102|0x0000000619800000, 0x0000000619c00000, 0x0000000619c00000|100%| O|  |TAMS 0x0000000619c00000, 0x0000000619800000| Untracked 
| 103|0x0000000619c00000, 0x000000061a000000, 0x000000061a000000|100%| O|  |TAMS 0x000000061a000000, 0x0000000619c00000| Untracked 
| 104|0x000000061a000000, 0x000000061a400000, 0x000000061a400000|100%| O|  |TAMS 0x000000061a400000, 0x000000061a000000| Untracked 
| 105|0x000000061a400000, 0x000000061a800000, 0x000000061a800000|100%| O|  |TAMS 0x000000061a800000, 0x000000061a400000| Untracked 
| 106|0x000000061a800000, 0x000000061ac00000, 0x000000061ac00000|100%| O|  |TAMS 0x000000061ac00000, 0x000000061a800000| Untracked 
| 107|0x000000061ac00000, 0x000000061b000000, 0x000000061b000000|100%| O|  |TAMS 0x000000061b000000, 0x000000061ac00000| Untracked 
| 108|0x000000061b000000, 0x000000061b400000, 0x000000061b400000|100%| O|  |TAMS 0x000000061b000000, 0x000000061b000000| Untracked 
| 109|0x000000061b400000, 0x000000061b800000, 0x000000061b800000|100%| O|  |TAMS 0x000000061b800000, 0x000000061b400000| Untracked 
| 110|0x000000061b800000, 0x000000061bc00000, 0x000000061bc00000|100%| O|  |TAMS 0x000000061bc00000, 0x000000061b800000| Untracked 
| 111|0x000000061bc00000, 0x000000061c000000, 0x000000061c000000|100%| O|  |TAMS 0x000000061c000000, 0x000000061bc00000| Untracked 
| 112|0x000000061c000000, 0x000000061c400000, 0x000000061c400000|100%| O|  |TAMS 0x000000061c400000, 0x000000061c000000| Untracked 
| 113|0x000000061c400000, 0x000000061c800000, 0x000000061c800000|100%| O|  |TAMS 0x000000061c800000, 0x000000061c400000| Untracked 
| 114|0x000000061c800000, 0x000000061cc00000, 0x000000061cc00000|100%| O|  |TAMS 0x000000061cc00000, 0x000000061c800000| Untracked 
| 115|0x000000061cc00000, 0x000000061d000000, 0x000000061d000000|100%| O|  |TAMS 0x000000061d000000, 0x000000061cc00000| Untracked 
| 116|0x000000061d000000, 0x000000061d400000, 0x000000061d400000|100%| O|  |TAMS 0x000000061d400000, 0x000000061d000000| Untracked 
| 117|0x000000061d400000, 0x000000061d800000, 0x000000061d800000|100%| O|  |TAMS 0x000000061d800000, 0x000000061d400000| Untracked 
| 118|0x000000061d800000, 0x000000061dc00000, 0x000000061dc00000|100%| O|  |TAMS 0x000000061dc00000, 0x000000061d800000| Untracked 
| 119|0x000000061dc00000, 0x000000061e000000, 0x000000061e000000|100%| O|  |TAMS 0x000000061e000000, 0x000000061dc00000| Untracked 
| 120|0x000000061e000000, 0x000000061e400000, 0x000000061e400000|100%| O|  |TAMS 0x000000061e400000, 0x000000061e000000| Untracked 
| 121|0x000000061e400000, 0x000000061e800000, 0x000000061e800000|100%| O|  |TAMS 0x000000061e800000, 0x000000061e400000| Untracked 
| 122|0x000000061e800000, 0x000000061ec00000, 0x000000061ec00000|100%| O|  |TAMS 0x000000061ec00000, 0x000000061e800000| Untracked 
| 123|0x000000061ec00000, 0x000000061f000000, 0x000000061f000000|100%| O|  |TAMS 0x000000061f000000, 0x000000061ec00000| Untracked 
| 124|0x000000061f000000, 0x000000061f400000, 0x000000061f400000|100%| O|  |TAMS 0x000000061f400000, 0x000000061f000000| Untracked 
| 125|0x000000061f400000, 0x000000061f800000, 0x000000061f800000|100%| O|  |TAMS 0x000000061f800000, 0x000000061f400000| Untracked 
| 126|0x000000061f800000, 0x000000061fc00000, 0x000000061fc00000|100%| O|  |TAMS 0x000000061f800000, 0x000000061f800000| Untracked 
| 127|0x000000061fc00000, 0x0000000620000000, 0x0000000620000000|100%| O|  |TAMS 0x0000000620000000, 0x000000061fc00000| Untracked 
| 128|0x0000000620000000, 0x0000000620400000, 0x0000000620400000|100%|HS|  |TAMS 0x0000000620400000, 0x0000000620000000| Complete 
| 129|0x0000000620400000, 0x0000000620800000, 0x0000000620800000|100%|HC|  |TAMS 0x0000000620800000, 0x0000000620400000| Complete 
| 130|0x0000000620800000, 0x0000000620c00000, 0x0000000620c00000|100%| O|  |TAMS 0x0000000620c00000, 0x0000000620800000| Untracked 
| 131|0x0000000620c00000, 0x0000000621000000, 0x0000000621000000|100%| O|  |TAMS 0x0000000621000000, 0x0000000620c00000| Untracked 
| 132|0x0000000621000000, 0x0000000621400000, 0x0000000621400000|100%| O|  |TAMS 0x0000000621400000, 0x0000000621000000| Untracked 
| 133|0x0000000621400000, 0x0000000621800000, 0x0000000621800000|100%| O|  |TAMS 0x0000000621800000, 0x0000000621400000| Untracked 
| 134|0x0000000621800000, 0x0000000621c00000, 0x0000000621c00000|100%| O|  |TAMS 0x0000000621c00000, 0x0000000621800000| Untracked 
| 135|0x0000000621c00000, 0x0000000622000000, 0x0000000622000000|100%| O|  |TAMS 0x0000000622000000, 0x0000000621c00000| Untracked 
| 136|0x0000000622000000, 0x0000000622400000, 0x0000000622400000|100%| O|  |TAMS 0x0000000622400000, 0x0000000622000000| Untracked 
| 137|0x0000000622400000, 0x0000000622800000, 0x0000000622800000|100%| O|  |TAMS 0x0000000622800000, 0x0000000622400000| Untracked 
| 138|0x0000000622800000, 0x0000000622c00000, 0x0000000622c00000|100%| O|  |TAMS 0x0000000622c00000, 0x0000000622800000| Untracked 
| 139|0x0000000622c00000, 0x0000000623000000, 0x0000000623000000|100%| O|  |TAMS 0x0000000623000000, 0x0000000622c00000| Untracked 
| 140|0x0000000623000000, 0x0000000623400000, 0x0000000623400000|100%| O|  |TAMS 0x0000000623400000, 0x0000000623000000| Untracked 
| 141|0x0000000623400000, 0x0000000623800000, 0x0000000623800000|100%| O|  |TAMS 0x0000000623800000, 0x0000000623400000| Untracked 
| 142|0x0000000623800000, 0x0000000623c00000, 0x0000000623c00000|100%| O|  |TAMS 0x0000000623c00000, 0x0000000623800000| Untracked 
| 143|0x0000000623c00000, 0x0000000624000000, 0x0000000624000000|100%| O|  |TAMS 0x0000000624000000, 0x0000000623c00000| Untracked 
| 144|0x0000000624000000, 0x0000000624400000, 0x0000000624400000|100%| O|  |TAMS 0x0000000624400000, 0x0000000624000000| Untracked 
| 145|0x0000000624400000, 0x0000000624800000, 0x0000000624800000|100%| O|  |TAMS 0x0000000624800000, 0x0000000624400000| Untracked 
| 146|0x0000000624800000, 0x0000000624c00000, 0x0000000624c00000|100%| O|  |TAMS 0x0000000624c00000, 0x0000000624800000| Untracked 
| 147|0x0000000624c00000, 0x0000000625000000, 0x0000000625000000|100%| O|  |TAMS 0x0000000625000000, 0x0000000624c00000| Untracked 
| 148|0x0000000625000000, 0x0000000625400000, 0x0000000625400000|100%| O|  |TAMS 0x0000000625400000, 0x0000000625000000| Untracked 
| 149|0x0000000625400000, 0x0000000625800000, 0x0000000625800000|100%| O|  |TAMS 0x0000000625800000, 0x0000000625400000| Untracked 
| 150|0x0000000625800000, 0x0000000625c00000, 0x0000000625c00000|100%| O|  |TAMS 0x0000000625c00000, 0x0000000625800000| Untracked 
| 151|0x0000000625c00000, 0x0000000626000000, 0x0000000626000000|100%| O|  |TAMS 0x0000000626000000, 0x0000000625c00000| Untracked 
| 152|0x0000000626000000, 0x0000000626400000, 0x0000000626400000|100%| O|  |TAMS 0x0000000626400000, 0x0000000626000000| Untracked 
| 153|0x0000000626400000, 0x0000000626800000, 0x0000000626800000|100%| O|  |TAMS 0x0000000626800000, 0x0000000626400000| Untracked 
| 154|0x0000000626800000, 0x0000000626c00000, 0x0000000626c00000|100%| O|  |TAMS 0x0000000626c00000, 0x0000000626800000| Untracked 
| 155|0x0000000626c00000, 0x0000000627000000, 0x0000000627000000|100%| O|  |TAMS 0x0000000627000000, 0x0000000626c00000| Untracked 
| 156|0x0000000627000000, 0x0000000627400000, 0x0000000627400000|100%| O|  |TAMS 0x0000000627400000, 0x0000000627000000| Untracked 
| 157|0x0000000627400000, 0x0000000627800000, 0x0000000627800000|100%| O|  |TAMS 0x0000000627800000, 0x0000000627400000| Untracked 
| 158|0x0000000627800000, 0x0000000627c00000, 0x0000000627c00000|100%| O|  |TAMS 0x0000000627c00000, 0x0000000627800000| Untracked 
| 159|0x0000000627c00000, 0x0000000628000000, 0x0000000628000000|100%| O|  |TAMS 0x0000000628000000, 0x0000000627c00000| Untracked 
| 160|0x0000000628000000, 0x0000000628400000, 0x0000000628400000|100%| O|  |TAMS 0x0000000628400000, 0x0000000628000000| Untracked 
| 161|0x0000000628400000, 0x0000000628800000, 0x0000000628800000|100%| O|  |TAMS 0x0000000628800000, 0x0000000628400000| Untracked 
| 162|0x0000000628800000, 0x0000000628c00000, 0x0000000628c00000|100%| O|  |TAMS 0x0000000628c00000, 0x0000000628800000| Untracked 
| 163|0x0000000628c00000, 0x0000000629000000, 0x0000000629000000|100%| O|  |TAMS 0x0000000628c00000, 0x0000000628c00000| Untracked 
| 164|0x0000000629000000, 0x0000000629400000, 0x0000000629400000|100%| O|  |TAMS 0x0000000629000000, 0x0000000629000000| Untracked 
| 165|0x0000000629400000, 0x0000000629800000, 0x0000000629800000|100%| O|  |TAMS 0x0000000629400000, 0x0000000629400000| Untracked 
| 166|0x0000000629800000, 0x0000000629c00000, 0x0000000629c00000|100%| O|  |TAMS 0x0000000629800000, 0x0000000629800000| Untracked 
| 167|0x0000000629c00000, 0x000000062a000000, 0x000000062a000000|100%| O|  |TAMS 0x000000062a000000, 0x0000000629c00000| Untracked 
| 168|0x000000062a000000, 0x000000062a400000, 0x000000062a400000|100%| O|  |TAMS 0x000000062a000000, 0x000000062a000000| Untracked 
| 169|0x000000062a400000, 0x000000062a800000, 0x000000062a800000|100%| O|  |TAMS 0x000000062a400000, 0x000000062a400000| Untracked 
| 170|0x000000062a800000, 0x000000062ac00000, 0x000000062ac00000|100%| O|  |TAMS 0x000000062a800000, 0x000000062a800000| Untracked 
| 171|0x000000062ac00000, 0x000000062b000000, 0x000000062b000000|100%| O|  |TAMS 0x000000062ac00000, 0x000000062ac00000| Untracked 
| 172|0x000000062b000000, 0x000000062b400000, 0x000000062b400000|100%| O|  |TAMS 0x000000062b000000, 0x000000062b000000| Untracked 
| 173|0x000000062b400000, 0x000000062b800000, 0x000000062b800000|100%| O|  |TAMS 0x000000062b400000, 0x000000062b400000| Untracked 
| 174|0x000000062b800000, 0x000000062bc00000, 0x000000062bc00000|100%| O|  |TAMS 0x000000062b800000, 0x000000062b800000| Untracked 
| 175|0x000000062bc00000, 0x000000062c000000, 0x000000062c000000|100%| O|  |TAMS 0x000000062bc00000, 0x000000062bc00000| Untracked 
| 176|0x000000062c000000, 0x000000062c400000, 0x000000062c400000|100%| O|  |TAMS 0x000000062c000000, 0x000000062c000000| Untracked 
| 177|0x000000062c400000, 0x000000062c800000, 0x000000062c800000|100%| O|  |TAMS 0x000000062c400000, 0x000000062c400000| Untracked 
| 178|0x000000062c800000, 0x000000062cc00000, 0x000000062cc00000|100%| O|  |TAMS 0x000000062c800000, 0x000000062c800000| Untracked 
| 179|0x000000062cc00000, 0x000000062d000000, 0x000000062d000000|100%| O|  |TAMS 0x000000062cc00000, 0x000000062cc00000| Untracked 
| 180|0x000000062d000000, 0x000000062d400000, 0x000000062d400000|100%| O|  |TAMS 0x000000062d000000, 0x000000062d000000| Untracked 
| 181|0x000000062d400000, 0x000000062d800000, 0x000000062d800000|100%| O|  |TAMS 0x000000062d400000, 0x000000062d400000| Untracked 
| 182|0x000000062d800000, 0x000000062dc00000, 0x000000062dc00000|100%| O|  |TAMS 0x000000062d800000, 0x000000062d800000| Untracked 
| 183|0x000000062dc00000, 0x000000062e000000, 0x000000062e000000|100%| O|  |TAMS 0x000000062dc00000, 0x000000062dc00000| Untracked 
| 184|0x000000062e000000, 0x000000062e400000, 0x000000062e400000|100%| O|  |TAMS 0x000000062e000000, 0x000000062e000000| Untracked 
| 185|0x000000062e400000, 0x000000062e800000, 0x000000062e800000|100%| O|  |TAMS 0x000000062e400000, 0x000000062e400000| Untracked 
| 186|0x000000062e800000, 0x000000062ec00000, 0x000000062ec00000|100%| O|  |TAMS 0x000000062e800000, 0x000000062e800000| Untracked 
| 187|0x000000062ec00000, 0x000000062f000000, 0x000000062f000000|100%| O|  |TAMS 0x000000062ec00000, 0x000000062ec00000| Untracked 
| 188|0x000000062f000000, 0x000000062f251400, 0x000000062f400000| 57%| O|  |TAMS 0x000000062f000000, 0x000000062f000000| Untracked 
| 189|0x000000062f400000, 0x000000062f400000, 0x000000062f800000|  0%| F|  |TAMS 0x000000062f400000, 0x000000062f400000| Untracked 
| 190|0x000000062f800000, 0x000000062f800000, 0x000000062fc00000|  0%| F|  |TAMS 0x000000062f800000, 0x000000062f800000| Untracked 
| 191|0x000000062fc00000, 0x000000062fc00000, 0x0000000630000000|  0%| F|  |TAMS 0x000000062fc00000, 0x000000062fc00000| Untracked 
| 192|0x0000000630000000, 0x0000000630000000, 0x0000000630400000|  0%| F|  |TAMS 0x0000000630000000, 0x0000000630000000| Untracked 
| 193|0x0000000630400000, 0x0000000630400000, 0x0000000630800000|  0%| F|  |TAMS 0x0000000630400000, 0x0000000630400000| Untracked 
| 194|0x0000000630800000, 0x0000000630800000, 0x0000000630c00000|  0%| F|  |TAMS 0x0000000630800000, 0x0000000630800000| Untracked 
| 195|0x0000000630c00000, 0x0000000630c00000, 0x0000000631000000|  0%| F|  |TAMS 0x0000000630c00000, 0x0000000630c00000| Untracked 
| 196|0x0000000631000000, 0x0000000631000000, 0x0000000631400000|  0%| F|  |TAMS 0x0000000631000000, 0x0000000631000000| Untracked 
| 197|0x0000000631400000, 0x0000000631400000, 0x0000000631800000|  0%| F|  |TAMS 0x0000000631400000, 0x0000000631400000| Untracked 
| 198|0x0000000631800000, 0x0000000631800000, 0x0000000631c00000|  0%| F|  |TAMS 0x0000000631800000, 0x0000000631800000| Untracked 
| 199|0x0000000631c00000, 0x0000000631c00000, 0x0000000632000000|  0%| F|  |TAMS 0x0000000631c00000, 0x0000000631c00000| Untracked 
| 200|0x0000000632000000, 0x0000000632000000, 0x0000000632400000|  0%| F|  |TAMS 0x0000000632000000, 0x0000000632000000| Untracked 
| 201|0x0000000632400000, 0x0000000632400000, 0x0000000632800000|  0%| F|  |TAMS 0x0000000632400000, 0x0000000632400000| Untracked 
| 202|0x0000000632800000, 0x0000000632800000, 0x0000000632c00000|  0%| F|  |TAMS 0x0000000632800000, 0x0000000632800000| Untracked 
| 203|0x0000000632c00000, 0x0000000632c00000, 0x0000000633000000|  0%| F|  |TAMS 0x0000000632c00000, 0x0000000632c00000| Untracked 
| 204|0x0000000633000000, 0x0000000633000000, 0x0000000633400000|  0%| F|  |TAMS 0x0000000633000000, 0x0000000633000000| Untracked 
| 205|0x0000000633400000, 0x0000000633400000, 0x0000000633800000|  0%| F|  |TAMS 0x0000000633400000, 0x0000000633400000| Untracked 
| 206|0x0000000633800000, 0x0000000633800000, 0x0000000633c00000|  0%| F|  |TAMS 0x0000000633800000, 0x0000000633800000| Untracked 
| 207|0x0000000633c00000, 0x0000000633c00000, 0x0000000634000000|  0%| F|  |TAMS 0x0000000633c00000, 0x0000000633c00000| Untracked 
| 208|0x0000000634000000, 0x0000000634000000, 0x0000000634400000|  0%| F|  |TAMS 0x0000000634000000, 0x0000000634000000| Untracked 
| 209|0x0000000634400000, 0x0000000634400000, 0x0000000634800000|  0%| F|  |TAMS 0x0000000634400000, 0x0000000634400000| Untracked 
| 210|0x0000000634800000, 0x0000000634800000, 0x0000000634c00000|  0%| F|  |TAMS 0x0000000634800000, 0x0000000634800000| Untracked 
| 211|0x0000000634c00000, 0x0000000634c00000, 0x0000000635000000|  0%| F|  |TAMS 0x0000000634c00000, 0x0000000634c00000| Untracked 
| 212|0x0000000635000000, 0x0000000635000000, 0x0000000635400000|  0%| F|  |TAMS 0x0000000635000000, 0x0000000635000000| Untracked 
| 213|0x0000000635400000, 0x0000000635400000, 0x0000000635800000|  0%| F|  |TAMS 0x0000000635400000, 0x0000000635400000| Untracked 
| 214|0x0000000635800000, 0x0000000635800000, 0x0000000635c00000|  0%| F|  |TAMS 0x0000000635800000, 0x0000000635800000| Untracked 
| 215|0x0000000635c00000, 0x0000000635c00000, 0x0000000636000000|  0%| F|  |TAMS 0x0000000635c00000, 0x0000000635c00000| Untracked 
| 216|0x0000000636000000, 0x0000000636000000, 0x0000000636400000|  0%| F|  |TAMS 0x0000000636000000, 0x0000000636000000| Untracked 
| 217|0x0000000636400000, 0x0000000636400000, 0x0000000636800000|  0%| F|  |TAMS 0x0000000636400000, 0x0000000636400000| Untracked 
| 218|0x0000000636800000, 0x0000000636800000, 0x0000000636c00000|  0%| F|  |TAMS 0x0000000636800000, 0x0000000636800000| Untracked 
| 219|0x0000000636c00000, 0x0000000636c00000, 0x0000000637000000|  0%| F|  |TAMS 0x0000000636c00000, 0x0000000636c00000| Untracked 
| 220|0x0000000637000000, 0x0000000637000000, 0x0000000637400000|  0%| F|  |TAMS 0x0000000637000000, 0x0000000637000000| Untracked 
| 221|0x0000000637400000, 0x0000000637400000, 0x0000000637800000|  0%| F|  |TAMS 0x0000000637400000, 0x0000000637400000| Untracked 
| 222|0x0000000637800000, 0x0000000637800000, 0x0000000637c00000|  0%| F|  |TAMS 0x0000000637800000, 0x0000000637800000| Untracked 
| 223|0x0000000637c00000, 0x0000000637c00000, 0x0000000638000000|  0%| F|  |TAMS 0x0000000637c00000, 0x0000000637c00000| Untracked 
| 224|0x0000000638000000, 0x0000000638000000, 0x0000000638400000|  0%| F|  |TAMS 0x0000000638000000, 0x0000000638000000| Untracked 
| 225|0x0000000638400000, 0x0000000638400000, 0x0000000638800000|  0%| F|  |TAMS 0x0000000638400000, 0x0000000638400000| Untracked 
| 226|0x0000000638800000, 0x0000000638800000, 0x0000000638c00000|  0%| F|  |TAMS 0x0000000638800000, 0x0000000638800000| Untracked 
| 227|0x0000000638c00000, 0x0000000638c00000, 0x0000000639000000|  0%| F|  |TAMS 0x0000000638c00000, 0x0000000638c00000| Untracked 
| 228|0x0000000639000000, 0x0000000639000000, 0x0000000639400000|  0%| F|  |TAMS 0x0000000639000000, 0x0000000639000000| Untracked 
| 229|0x0000000639400000, 0x0000000639400000, 0x0000000639800000|  0%| F|  |TAMS 0x0000000639400000, 0x0000000639400000| Untracked 
| 230|0x0000000639800000, 0x0000000639800000, 0x0000000639c00000|  0%| F|  |TAMS 0x0000000639800000, 0x0000000639800000| Untracked 
| 231|0x0000000639c00000, 0x0000000639c00000, 0x000000063a000000|  0%| F|  |TAMS 0x0000000639c00000, 0x0000000639c00000| Untracked 
| 232|0x000000063a000000, 0x000000063a000000, 0x000000063a400000|  0%| F|  |TAMS 0x000000063a000000, 0x000000063a000000| Untracked 
| 233|0x000000063a400000, 0x000000063a400000, 0x000000063a800000|  0%| F|  |TAMS 0x000000063a400000, 0x000000063a400000| Untracked 
| 234|0x000000063a800000, 0x000000063a800000, 0x000000063ac00000|  0%| F|  |TAMS 0x000000063a800000, 0x000000063a800000| Untracked 
| 235|0x000000063ac00000, 0x000000063ac00000, 0x000000063b000000|  0%| F|  |TAMS 0x000000063ac00000, 0x000000063ac00000| Untracked 
| 236|0x000000063b000000, 0x000000063b000000, 0x000000063b400000|  0%| F|  |TAMS 0x000000063b000000, 0x000000063b000000| Untracked 
| 237|0x000000063b400000, 0x000000063b400000, 0x000000063b800000|  0%| F|  |TAMS 0x000000063b400000, 0x000000063b400000| Untracked 
| 238|0x000000063b800000, 0x000000063b800000, 0x000000063bc00000|  0%| F|  |TAMS 0x000000063b800000, 0x000000063b800000| Untracked 
| 239|0x000000063bc00000, 0x000000063bc00000, 0x000000063c000000|  0%| F|  |TAMS 0x000000063bc00000, 0x000000063bc00000| Untracked 
| 240|0x000000063c000000, 0x000000063c000000, 0x000000063c400000|  0%| F|  |TAMS 0x000000063c000000, 0x000000063c000000| Untracked 
| 241|0x000000063c400000, 0x000000063c400000, 0x000000063c800000|  0%| F|  |TAMS 0x000000063c400000, 0x000000063c400000| Untracked 
| 242|0x000000063c800000, 0x000000063c800000, 0x000000063cc00000|  0%| F|  |TAMS 0x000000063c800000, 0x000000063c800000| Untracked 
| 243|0x000000063cc00000, 0x000000063cc00000, 0x000000063d000000|  0%| F|  |TAMS 0x000000063cc00000, 0x000000063cc00000| Untracked 
| 244|0x000000063d000000, 0x000000063d000000, 0x000000063d400000|  0%| F|  |TAMS 0x000000063d000000, 0x000000063d000000| Untracked 
| 245|0x000000063d400000, 0x000000063d400000, 0x000000063d800000|  0%| F|  |TAMS 0x000000063d400000, 0x000000063d400000| Untracked 
| 246|0x000000063d800000, 0x000000063d800000, 0x000000063dc00000|  0%| F|  |TAMS 0x000000063d800000, 0x000000063d800000| Untracked 
| 247|0x000000063dc00000, 0x000000063dc00000, 0x000000063e000000|  0%| F|  |TAMS 0x000000063dc00000, 0x000000063dc00000| Untracked 
| 248|0x000000063e000000, 0x000000063e000000, 0x000000063e400000|  0%| F|  |TAMS 0x000000063e000000, 0x000000063e000000| Untracked 
| 249|0x000000063e400000, 0x000000063e400000, 0x000000063e800000|  0%| F|  |TAMS 0x000000063e400000, 0x000000063e400000| Untracked 
| 250|0x000000063e800000, 0x000000063e800000, 0x000000063ec00000|  0%| F|  |TAMS 0x000000063e800000, 0x000000063e800000| Untracked 
| 251|0x000000063ec00000, 0x000000063ec00000, 0x000000063f000000|  0%| F|  |TAMS 0x000000063ec00000, 0x000000063ec00000| Untracked 
| 252|0x000000063f000000, 0x000000063f000000, 0x000000063f400000|  0%| F|  |TAMS 0x000000063f000000, 0x000000063f000000| Untracked 
| 253|0x000000063f400000, 0x000000063f400000, 0x000000063f800000|  0%| F|  |TAMS 0x000000063f400000, 0x000000063f400000| Untracked 
| 254|0x000000063f800000, 0x000000063f800000, 0x000000063fc00000|  0%| F|  |TAMS 0x000000063f800000, 0x000000063f800000| Untracked 
| 255|0x000000063fc00000, 0x000000063fc00000, 0x0000000640000000|  0%| F|  |TAMS 0x000000063fc00000, 0x000000063fc00000| Untracked 
| 256|0x0000000640000000, 0x0000000640000000, 0x0000000640400000|  0%| F|  |TAMS 0x0000000640000000, 0x0000000640000000| Untracked 
| 257|0x0000000640400000, 0x0000000640400000, 0x0000000640800000|  0%| F|  |TAMS 0x0000000640400000, 0x0000000640400000| Untracked 
| 258|0x0000000640800000, 0x0000000640800000, 0x0000000640c00000|  0%| F|  |TAMS 0x0000000640800000, 0x0000000640800000| Untracked 
| 259|0x0000000640c00000, 0x0000000640c00000, 0x0000000641000000|  0%| F|  |TAMS 0x0000000640c00000, 0x0000000640c00000| Untracked 
| 260|0x0000000641000000, 0x0000000641000000, 0x0000000641400000|  0%| F|  |TAMS 0x0000000641000000, 0x0000000641000000| Untracked 
| 261|0x0000000641400000, 0x0000000641400000, 0x0000000641800000|  0%| F|  |TAMS 0x0000000641400000, 0x0000000641400000| Untracked 
| 262|0x0000000641800000, 0x0000000641800000, 0x0000000641c00000|  0%| F|  |TAMS 0x0000000641800000, 0x0000000641800000| Untracked 
| 263|0x0000000641c00000, 0x0000000641c00000, 0x0000000642000000|  0%| F|  |TAMS 0x0000000641c00000, 0x0000000641c00000| Untracked 
| 264|0x0000000642000000, 0x0000000642000000, 0x0000000642400000|  0%| F|  |TAMS 0x0000000642000000, 0x0000000642000000| Untracked 
| 265|0x0000000642400000, 0x0000000642400000, 0x0000000642800000|  0%| F|  |TAMS 0x0000000642400000, 0x0000000642400000| Untracked 
| 266|0x0000000642800000, 0x0000000642800000, 0x0000000642c00000|  0%| F|  |TAMS 0x0000000642800000, 0x0000000642800000| Untracked 
| 267|0x0000000642c00000, 0x0000000642c00000, 0x0000000643000000|  0%| F|  |TAMS 0x0000000642c00000, 0x0000000642c00000| Untracked 
| 268|0x0000000643000000, 0x0000000643000000, 0x0000000643400000|  0%| F|  |TAMS 0x0000000643000000, 0x0000000643000000| Untracked 
| 269|0x0000000643400000, 0x0000000643400000, 0x0000000643800000|  0%| F|  |TAMS 0x0000000643400000, 0x0000000643400000| Untracked 
| 270|0x0000000643800000, 0x0000000643800000, 0x0000000643c00000|  0%| F|  |TAMS 0x0000000643800000, 0x0000000643800000| Untracked 
| 271|0x0000000643c00000, 0x0000000643c00000, 0x0000000644000000|  0%| F|  |TAMS 0x0000000643c00000, 0x0000000643c00000| Untracked 
| 272|0x0000000644000000, 0x0000000644000000, 0x0000000644400000|  0%| F|  |TAMS 0x0000000644000000, 0x0000000644000000| Untracked 
| 273|0x0000000644400000, 0x0000000644400000, 0x0000000644800000|  0%| F|  |TAMS 0x0000000644400000, 0x0000000644400000| Untracked 
| 274|0x0000000644800000, 0x0000000644800000, 0x0000000644c00000|  0%| F|  |TAMS 0x0000000644800000, 0x0000000644800000| Untracked 
| 275|0x0000000644c00000, 0x0000000644c00000, 0x0000000645000000|  0%| F|  |TAMS 0x0000000644c00000, 0x0000000644c00000| Untracked 
| 276|0x0000000645000000, 0x0000000645000000, 0x0000000645400000|  0%| F|  |TAMS 0x0000000645000000, 0x0000000645000000| Untracked 
| 277|0x0000000645400000, 0x0000000645400000, 0x0000000645800000|  0%| F|  |TAMS 0x0000000645400000, 0x0000000645400000| Untracked 
| 278|0x0000000645800000, 0x0000000645800000, 0x0000000645c00000|  0%| F|  |TAMS 0x0000000645800000, 0x0000000645800000| Untracked 
| 279|0x0000000645c00000, 0x0000000645c00000, 0x0000000646000000|  0%| F|  |TAMS 0x0000000645c00000, 0x0000000645c00000| Untracked 
| 280|0x0000000646000000, 0x0000000646000000, 0x0000000646400000|  0%| F|  |TAMS 0x0000000646000000, 0x0000000646000000| Untracked 
| 281|0x0000000646400000, 0x0000000646400000, 0x0000000646800000|  0%| F|  |TAMS 0x0000000646400000, 0x0000000646400000| Untracked 
| 282|0x0000000646800000, 0x0000000646800000, 0x0000000646c00000|  0%| F|  |TAMS 0x0000000646800000, 0x0000000646800000| Untracked 
| 283|0x0000000646c00000, 0x0000000646c00000, 0x0000000647000000|  0%| F|  |TAMS 0x0000000646c00000, 0x0000000646c00000| Untracked 
| 284|0x0000000647000000, 0x0000000647000000, 0x0000000647400000|  0%| F|  |TAMS 0x0000000647000000, 0x0000000647000000| Untracked 
| 285|0x0000000647400000, 0x0000000647400000, 0x0000000647800000|  0%| F|  |TAMS 0x0000000647400000, 0x0000000647400000| Untracked 
| 286|0x0000000647800000, 0x0000000647800000, 0x0000000647c00000|  0%| F|  |TAMS 0x0000000647800000, 0x0000000647800000| Untracked 
| 287|0x0000000647c00000, 0x0000000647c00000, 0x0000000648000000|  0%| F|  |TAMS 0x0000000647c00000, 0x0000000647c00000| Untracked 
| 288|0x0000000648000000, 0x0000000648000000, 0x0000000648400000|  0%| F|  |TAMS 0x0000000648000000, 0x0000000648000000| Untracked 
| 289|0x0000000648400000, 0x0000000648400000, 0x0000000648800000|  0%| F|  |TAMS 0x0000000648400000, 0x0000000648400000| Untracked 
| 290|0x0000000648800000, 0x0000000648800000, 0x0000000648c00000|  0%| F|  |TAMS 0x0000000648800000, 0x0000000648800000| Untracked 
| 291|0x0000000648c00000, 0x0000000648c00000, 0x0000000649000000|  0%| F|  |TAMS 0x0000000648c00000, 0x0000000648c00000| Untracked 
| 292|0x0000000649000000, 0x0000000649000000, 0x0000000649400000|  0%| F|  |TAMS 0x0000000649000000, 0x0000000649000000| Untracked 
| 293|0x0000000649400000, 0x0000000649400000, 0x0000000649800000|  0%| F|  |TAMS 0x0000000649400000, 0x0000000649400000| Untracked 
| 294|0x0000000649800000, 0x0000000649800000, 0x0000000649c00000|  0%| F|  |TAMS 0x0000000649800000, 0x0000000649800000| Untracked 
| 295|0x0000000649c00000, 0x0000000649c00000, 0x000000064a000000|  0%| F|  |TAMS 0x0000000649c00000, 0x0000000649c00000| Untracked 
| 296|0x000000064a000000, 0x000000064a000000, 0x000000064a400000|  0%| F|  |TAMS 0x000000064a000000, 0x000000064a000000| Untracked 
| 297|0x000000064a400000, 0x000000064a400000, 0x000000064a800000|  0%| F|  |TAMS 0x000000064a400000, 0x000000064a400000| Untracked 
| 298|0x000000064a800000, 0x000000064a800000, 0x000000064ac00000|  0%| F|  |TAMS 0x000000064a800000, 0x000000064a800000| Untracked 
| 299|0x000000064ac00000, 0x000000064ac00000, 0x000000064b000000|  0%| F|  |TAMS 0x000000064ac00000, 0x000000064ac00000| Untracked 
| 300|0x000000064b000000, 0x000000064b000000, 0x000000064b400000|  0%| F|  |TAMS 0x000000064b000000, 0x000000064b000000| Untracked 
| 301|0x000000064b400000, 0x000000064b400000, 0x000000064b800000|  0%| F|  |TAMS 0x000000064b400000, 0x000000064b400000| Untracked 
| 302|0x000000064b800000, 0x000000064b800000, 0x000000064bc00000|  0%| F|  |TAMS 0x000000064b800000, 0x000000064b800000| Untracked 
| 303|0x000000064bc00000, 0x000000064bc00000, 0x000000064c000000|  0%| F|  |TAMS 0x000000064bc00000, 0x000000064bc00000| Untracked 
| 304|0x000000064c000000, 0x000000064c000000, 0x000000064c400000|  0%| F|  |TAMS 0x000000064c000000, 0x000000064c000000| Untracked 
| 305|0x000000064c400000, 0x000000064c400000, 0x000000064c800000|  0%| F|  |TAMS 0x000000064c400000, 0x000000064c400000| Untracked 
| 306|0x000000064c800000, 0x000000064c800000, 0x000000064cc00000|  0%| F|  |TAMS 0x000000064c800000, 0x000000064c800000| Untracked 
| 307|0x000000064cc00000, 0x000000064cc00000, 0x000000064d000000|  0%| F|  |TAMS 0x000000064cc00000, 0x000000064cc00000| Untracked 
| 308|0x000000064d000000, 0x000000064d000000, 0x000000064d400000|  0%| F|  |TAMS 0x000000064d000000, 0x000000064d000000| Untracked 
| 309|0x000000064d400000, 0x000000064d400000, 0x000000064d800000|  0%| F|  |TAMS 0x000000064d400000, 0x000000064d400000| Untracked 
| 310|0x000000064d800000, 0x000000064d800000, 0x000000064dc00000|  0%| F|  |TAMS 0x000000064d800000, 0x000000064d800000| Untracked 
| 311|0x000000064dc00000, 0x000000064dc00000, 0x000000064e000000|  0%| F|  |TAMS 0x000000064dc00000, 0x000000064dc00000| Untracked 
| 312|0x000000064e000000, 0x000000064e000000, 0x000000064e400000|  0%| F|  |TAMS 0x000000064e000000, 0x000000064e000000| Untracked 
| 313|0x000000064e400000, 0x000000064e400000, 0x000000064e800000|  0%| F|  |TAMS 0x000000064e400000, 0x000000064e400000| Untracked 
| 314|0x000000064e800000, 0x000000064e800000, 0x000000064ec00000|  0%| F|  |TAMS 0x000000064e800000, 0x000000064e800000| Untracked 
| 315|0x000000064ec00000, 0x000000064ec00000, 0x000000064f000000|  0%| F|  |TAMS 0x000000064ec00000, 0x000000064ec00000| Untracked 
| 316|0x000000064f000000, 0x000000064f000000, 0x000000064f400000|  0%| F|  |TAMS 0x000000064f000000, 0x000000064f000000| Untracked 
| 317|0x000000064f400000, 0x000000064f400000, 0x000000064f800000|  0%| F|  |TAMS 0x000000064f400000, 0x000000064f400000| Untracked 
| 318|0x000000064f800000, 0x000000064f800000, 0x000000064fc00000|  0%| F|  |TAMS 0x000000064f800000, 0x000000064f800000| Untracked 
| 319|0x000000064fc00000, 0x000000064fc00000, 0x0000000650000000|  0%| F|  |TAMS 0x000000064fc00000, 0x000000064fc00000| Untracked 
| 320|0x0000000650000000, 0x0000000650000000, 0x0000000650400000|  0%| F|  |TAMS 0x0000000650000000, 0x0000000650000000| Untracked 
| 321|0x0000000650400000, 0x0000000650400000, 0x0000000650800000|  0%| F|  |TAMS 0x0000000650400000, 0x0000000650400000| Untracked 
| 322|0x0000000650800000, 0x0000000650800000, 0x0000000650c00000|  0%| F|  |TAMS 0x0000000650800000, 0x0000000650800000| Untracked 
| 323|0x0000000650c00000, 0x0000000650c00000, 0x0000000651000000|  0%| F|  |TAMS 0x0000000650c00000, 0x0000000650c00000| Untracked 
| 324|0x0000000651000000, 0x0000000651000000, 0x0000000651400000|  0%| F|  |TAMS 0x0000000651000000, 0x0000000651000000| Untracked 
| 325|0x0000000651400000, 0x0000000651400000, 0x0000000651800000|  0%| F|  |TAMS 0x0000000651400000, 0x0000000651400000| Untracked 
| 326|0x0000000651800000, 0x0000000651800000, 0x0000000651c00000|  0%| F|  |TAMS 0x0000000651800000, 0x0000000651800000| Untracked 
| 327|0x0000000651c00000, 0x0000000651c00000, 0x0000000652000000|  0%| F|  |TAMS 0x0000000651c00000, 0x0000000651c00000| Untracked 
| 328|0x0000000652000000, 0x0000000652000000, 0x0000000652400000|  0%| F|  |TAMS 0x0000000652000000, 0x0000000652000000| Untracked 
| 329|0x0000000652400000, 0x0000000652400000, 0x0000000652800000|  0%| F|  |TAMS 0x0000000652400000, 0x0000000652400000| Untracked 
| 330|0x0000000652800000, 0x0000000652800000, 0x0000000652c00000|  0%| F|  |TAMS 0x0000000652800000, 0x0000000652800000| Untracked 
| 331|0x0000000652c00000, 0x0000000652c00000, 0x0000000653000000|  0%| F|  |TAMS 0x0000000652c00000, 0x0000000652c00000| Untracked 
| 332|0x0000000653000000, 0x0000000653000000, 0x0000000653400000|  0%| F|  |TAMS 0x0000000653000000, 0x0000000653000000| Untracked 
| 333|0x0000000653400000, 0x0000000653400000, 0x0000000653800000|  0%| F|  |TAMS 0x0000000653400000, 0x0000000653400000| Untracked 
| 334|0x0000000653800000, 0x0000000653800000, 0x0000000653c00000|  0%| F|  |TAMS 0x0000000653800000, 0x0000000653800000| Untracked 
| 335|0x0000000653c00000, 0x0000000653c00000, 0x0000000654000000|  0%| F|  |TAMS 0x0000000653c00000, 0x0000000653c00000| Untracked 
| 336|0x0000000654000000, 0x0000000654000000, 0x0000000654400000|  0%| F|  |TAMS 0x0000000654000000, 0x0000000654000000| Untracked 
| 337|0x0000000654400000, 0x0000000654400000, 0x0000000654800000|  0%| F|  |TAMS 0x0000000654400000, 0x0000000654400000| Untracked 
| 338|0x0000000654800000, 0x0000000654800000, 0x0000000654c00000|  0%| F|  |TAMS 0x0000000654800000, 0x0000000654800000| Untracked 
| 339|0x0000000654c00000, 0x0000000654c00000, 0x0000000655000000|  0%| F|  |TAMS 0x0000000654c00000, 0x0000000654c00000| Untracked 
| 340|0x0000000655000000, 0x0000000655000000, 0x0000000655400000|  0%| F|  |TAMS 0x0000000655000000, 0x0000000655000000| Untracked 
| 341|0x0000000655400000, 0x0000000655400000, 0x0000000655800000|  0%| F|  |TAMS 0x0000000655400000, 0x0000000655400000| Untracked 
| 342|0x0000000655800000, 0x0000000655800000, 0x0000000655c00000|  0%| F|  |TAMS 0x0000000655800000, 0x0000000655800000| Untracked 
| 343|0x0000000655c00000, 0x0000000655c00000, 0x0000000656000000|  0%| F|  |TAMS 0x0000000655c00000, 0x0000000655c00000| Untracked 
| 344|0x0000000656000000, 0x0000000656000000, 0x0000000656400000|  0%| F|  |TAMS 0x0000000656000000, 0x0000000656000000| Untracked 
| 345|0x0000000656400000, 0x0000000656400000, 0x0000000656800000|  0%| F|  |TAMS 0x0000000656400000, 0x0000000656400000| Untracked 
| 346|0x0000000656800000, 0x0000000656800000, 0x0000000656c00000|  0%| F|  |TAMS 0x0000000656800000, 0x0000000656800000| Untracked 
| 347|0x0000000656c00000, 0x0000000656c00000, 0x0000000657000000|  0%| F|  |TAMS 0x0000000656c00000, 0x0000000656c00000| Untracked 
| 348|0x0000000657000000, 0x0000000657000000, 0x0000000657400000|  0%| F|  |TAMS 0x0000000657000000, 0x0000000657000000| Untracked 
| 349|0x0000000657400000, 0x0000000657400000, 0x0000000657800000|  0%| F|  |TAMS 0x0000000657400000, 0x0000000657400000| Untracked 
| 350|0x0000000657800000, 0x0000000657800000, 0x0000000657c00000|  0%| F|  |TAMS 0x0000000657800000, 0x0000000657800000| Untracked 
| 351|0x0000000657c00000, 0x0000000657c00000, 0x0000000658000000|  0%| F|  |TAMS 0x0000000657c00000, 0x0000000657c00000| Untracked 
| 352|0x0000000658000000, 0x0000000658000000, 0x0000000658400000|  0%| F|  |TAMS 0x0000000658000000, 0x0000000658000000| Untracked 
| 353|0x0000000658400000, 0x0000000658400000, 0x0000000658800000|  0%| F|  |TAMS 0x0000000658400000, 0x0000000658400000| Untracked 
| 354|0x0000000658800000, 0x0000000658800000, 0x0000000658c00000|  0%| F|  |TAMS 0x0000000658800000, 0x0000000658800000| Untracked 
| 355|0x0000000658c00000, 0x0000000658c00000, 0x0000000659000000|  0%| F|  |TAMS 0x0000000658c00000, 0x0000000658c00000| Untracked 
| 356|0x0000000659000000, 0x0000000659000000, 0x0000000659400000|  0%| F|  |TAMS 0x0000000659000000, 0x0000000659000000| Untracked 
| 357|0x0000000659400000, 0x0000000659400000, 0x0000000659800000|  0%| F|  |TAMS 0x0000000659400000, 0x0000000659400000| Untracked 
| 358|0x0000000659800000, 0x0000000659800000, 0x0000000659c00000|  0%| F|  |TAMS 0x0000000659800000, 0x0000000659800000| Untracked 
| 359|0x0000000659c00000, 0x0000000659c00000, 0x000000065a000000|  0%| F|  |TAMS 0x0000000659c00000, 0x0000000659c00000| Untracked 
| 360|0x000000065a000000, 0x000000065a000000, 0x000000065a400000|  0%| F|  |TAMS 0x000000065a000000, 0x000000065a000000| Untracked 
| 361|0x000000065a400000, 0x000000065a400000, 0x000000065a800000|  0%| F|  |TAMS 0x000000065a400000, 0x000000065a400000| Untracked 
| 362|0x000000065a800000, 0x000000065a800000, 0x000000065ac00000|  0%| F|  |TAMS 0x000000065a800000, 0x000000065a800000| Untracked 
| 363|0x000000065ac00000, 0x000000065ac00000, 0x000000065b000000|  0%| F|  |TAMS 0x000000065ac00000, 0x000000065ac00000| Untracked 
| 364|0x000000065b000000, 0x000000065b000000, 0x000000065b400000|  0%| F|  |TAMS 0x000000065b000000, 0x000000065b000000| Untracked 
| 365|0x000000065b400000, 0x000000065b400000, 0x000000065b800000|  0%| F|  |TAMS 0x000000065b400000, 0x000000065b400000| Untracked 
| 366|0x000000065b800000, 0x000000065b800000, 0x000000065bc00000|  0%| F|  |TAMS 0x000000065b800000, 0x000000065b800000| Untracked 
| 367|0x000000065bc00000, 0x000000065bc00000, 0x000000065c000000|  0%| F|  |TAMS 0x000000065bc00000, 0x000000065bc00000| Untracked 
| 368|0x000000065c000000, 0x000000065c000000, 0x000000065c400000|  0%| F|  |TAMS 0x000000065c000000, 0x000000065c000000| Untracked 
| 369|0x000000065c400000, 0x000000065c400000, 0x000000065c800000|  0%| F|  |TAMS 0x000000065c400000, 0x000000065c400000| Untracked 
| 370|0x000000065c800000, 0x000000065c800000, 0x000000065cc00000|  0%| F|  |TAMS 0x000000065c800000, 0x000000065c800000| Untracked 
| 371|0x000000065cc00000, 0x000000065cc00000, 0x000000065d000000|  0%| F|  |TAMS 0x000000065cc00000, 0x000000065cc00000| Untracked 
| 372|0x000000065d000000, 0x000000065d000000, 0x000000065d400000|  0%| F|  |TAMS 0x000000065d000000, 0x000000065d000000| Untracked 
| 373|0x000000065d400000, 0x000000065d400000, 0x000000065d800000|  0%| F|  |TAMS 0x000000065d400000, 0x000000065d400000| Untracked 
| 374|0x000000065d800000, 0x000000065d800000, 0x000000065dc00000|  0%| F|  |TAMS 0x000000065d800000, 0x000000065d800000| Untracked 
| 375|0x000000065dc00000, 0x000000065dc00000, 0x000000065e000000|  0%| F|  |TAMS 0x000000065dc00000, 0x000000065dc00000| Untracked 
| 376|0x000000065e000000, 0x000000065e000000, 0x000000065e400000|  0%| F|  |TAMS 0x000000065e000000, 0x000000065e000000| Untracked 
| 377|0x000000065e400000, 0x000000065e400000, 0x000000065e800000|  0%| F|  |TAMS 0x000000065e400000, 0x000000065e400000| Untracked 
| 378|0x000000065e800000, 0x000000065e800000, 0x000000065ec00000|  0%| F|  |TAMS 0x000000065e800000, 0x000000065e800000| Untracked 
| 379|0x000000065ec00000, 0x000000065ec00000, 0x000000065f000000|  0%| F|  |TAMS 0x000000065ec00000, 0x000000065ec00000| Untracked 
| 380|0x000000065f000000, 0x000000065f000000, 0x000000065f400000|  0%| F|  |TAMS 0x000000065f000000, 0x000000065f000000| Untracked 
| 381|0x000000065f400000, 0x000000065f400000, 0x000000065f800000|  0%| F|  |TAMS 0x000000065f400000, 0x000000065f400000| Untracked 
| 382|0x000000065f800000, 0x000000065f800000, 0x000000065fc00000|  0%| F|  |TAMS 0x000000065f800000, 0x000000065f800000| Untracked 
| 383|0x000000065fc00000, 0x000000065fc00000, 0x0000000660000000|  0%| F|  |TAMS 0x000000065fc00000, 0x000000065fc00000| Untracked 
| 384|0x0000000660000000, 0x0000000660000000, 0x0000000660400000|  0%| F|  |TAMS 0x0000000660000000, 0x0000000660000000| Untracked 
| 385|0x0000000660400000, 0x0000000660400000, 0x0000000660800000|  0%| F|  |TAMS 0x0000000660400000, 0x0000000660400000| Untracked 
| 386|0x0000000660800000, 0x0000000660800000, 0x0000000660c00000|  0%| F|  |TAMS 0x0000000660800000, 0x0000000660800000| Untracked 
| 387|0x0000000660c00000, 0x0000000660c00000, 0x0000000661000000|  0%| F|  |TAMS 0x0000000660c00000, 0x0000000660c00000| Untracked 
| 388|0x0000000661000000, 0x0000000661000000, 0x0000000661400000|  0%| F|  |TAMS 0x0000000661000000, 0x0000000661000000| Untracked 
| 389|0x0000000661400000, 0x0000000661400000, 0x0000000661800000|  0%| F|  |TAMS 0x0000000661400000, 0x0000000661400000| Untracked 
| 390|0x0000000661800000, 0x0000000661800000, 0x0000000661c00000|  0%| F|  |TAMS 0x0000000661800000, 0x0000000661800000| Untracked 
| 391|0x0000000661c00000, 0x0000000661c00000, 0x0000000662000000|  0%| F|  |TAMS 0x0000000661c00000, 0x0000000661c00000| Untracked 
| 392|0x0000000662000000, 0x0000000662000000, 0x0000000662400000|  0%| F|  |TAMS 0x0000000662000000, 0x0000000662000000| Untracked 
| 393|0x0000000662400000, 0x0000000662400000, 0x0000000662800000|  0%| F|  |TAMS 0x0000000662400000, 0x0000000662400000| Untracked 
| 394|0x0000000662800000, 0x0000000662800000, 0x0000000662c00000|  0%| F|  |TAMS 0x0000000662800000, 0x0000000662800000| Untracked 
| 395|0x0000000662c00000, 0x0000000662c00000, 0x0000000663000000|  0%| F|  |TAMS 0x0000000662c00000, 0x0000000662c00000| Untracked 
| 396|0x0000000663000000, 0x0000000663000000, 0x0000000663400000|  0%| F|  |TAMS 0x0000000663000000, 0x0000000663000000| Untracked 
| 397|0x0000000663400000, 0x0000000663400000, 0x0000000663800000|  0%| F|  |TAMS 0x0000000663400000, 0x0000000663400000| Untracked 
| 398|0x0000000663800000, 0x0000000663800000, 0x0000000663c00000|  0%| F|  |TAMS 0x0000000663800000, 0x0000000663800000| Untracked 
| 399|0x0000000663c00000, 0x0000000663c00000, 0x0000000664000000|  0%| F|  |TAMS 0x0000000663c00000, 0x0000000663c00000| Untracked 
| 400|0x0000000664000000, 0x0000000664000000, 0x0000000664400000|  0%| F|  |TAMS 0x0000000664000000, 0x0000000664000000| Untracked 
| 401|0x0000000664400000, 0x0000000664400000, 0x0000000664800000|  0%| F|  |TAMS 0x0000000664400000, 0x0000000664400000| Untracked 
| 402|0x0000000664800000, 0x0000000664800000, 0x0000000664c00000|  0%| F|  |TAMS 0x0000000664800000, 0x0000000664800000| Untracked 
| 403|0x0000000664c00000, 0x0000000664c00000, 0x0000000665000000|  0%| F|  |TAMS 0x0000000664c00000, 0x0000000664c00000| Untracked 
| 404|0x0000000665000000, 0x0000000665000000, 0x0000000665400000|  0%| F|  |TAMS 0x0000000665000000, 0x0000000665000000| Untracked 
| 405|0x0000000665400000, 0x0000000665400000, 0x0000000665800000|  0%| F|  |TAMS 0x0000000665400000, 0x0000000665400000| Untracked 
| 406|0x0000000665800000, 0x0000000665800000, 0x0000000665c00000|  0%| F|  |TAMS 0x0000000665800000, 0x0000000665800000| Untracked 
| 407|0x0000000665c00000, 0x0000000665c00000, 0x0000000666000000|  0%| F|  |TAMS 0x0000000665c00000, 0x0000000665c00000| Untracked 
| 408|0x0000000666000000, 0x0000000666000000, 0x0000000666400000|  0%| F|  |TAMS 0x0000000666000000, 0x0000000666000000| Untracked 
| 409|0x0000000666400000, 0x0000000666400000, 0x0000000666800000|  0%| F|  |TAMS 0x0000000666400000, 0x0000000666400000| Untracked 
| 410|0x0000000666800000, 0x0000000666800000, 0x0000000666c00000|  0%| F|  |TAMS 0x0000000666800000, 0x0000000666800000| Untracked 
| 411|0x0000000666c00000, 0x0000000666c00000, 0x0000000667000000|  0%| F|  |TAMS 0x0000000666c00000, 0x0000000666c00000| Untracked 
| 412|0x0000000667000000, 0x0000000667000000, 0x0000000667400000|  0%| F|  |TAMS 0x0000000667000000, 0x0000000667000000| Untracked 
| 413|0x0000000667400000, 0x0000000667400000, 0x0000000667800000|  0%| F|  |TAMS 0x0000000667400000, 0x0000000667400000| Untracked 
| 414|0x0000000667800000, 0x0000000667800000, 0x0000000667c00000|  0%| F|  |TAMS 0x0000000667800000, 0x0000000667800000| Untracked 
| 415|0x0000000667c00000, 0x0000000667c00000, 0x0000000668000000|  0%| F|  |TAMS 0x0000000667c00000, 0x0000000667c00000| Untracked 
| 416|0x0000000668000000, 0x0000000668000000, 0x0000000668400000|  0%| F|  |TAMS 0x0000000668000000, 0x0000000668000000| Untracked 
| 417|0x0000000668400000, 0x0000000668400000, 0x0000000668800000|  0%| F|  |TAMS 0x0000000668400000, 0x0000000668400000| Untracked 
| 418|0x0000000668800000, 0x0000000668800000, 0x0000000668c00000|  0%| F|  |TAMS 0x0000000668800000, 0x0000000668800000| Untracked 
| 419|0x0000000668c00000, 0x0000000668c00000, 0x0000000669000000|  0%| F|  |TAMS 0x0000000668c00000, 0x0000000668c00000| Untracked 
| 420|0x0000000669000000, 0x0000000669000000, 0x0000000669400000|  0%| F|  |TAMS 0x0000000669000000, 0x0000000669000000| Untracked 
| 421|0x0000000669400000, 0x0000000669400000, 0x0000000669800000|  0%| F|  |TAMS 0x0000000669400000, 0x0000000669400000| Untracked 
| 422|0x0000000669800000, 0x0000000669800000, 0x0000000669c00000|  0%| F|  |TAMS 0x0000000669800000, 0x0000000669800000| Untracked 
| 423|0x0000000669c00000, 0x0000000669c00000, 0x000000066a000000|  0%| F|  |TAMS 0x0000000669c00000, 0x0000000669c00000| Untracked 
| 424|0x000000066a000000, 0x000000066a000000, 0x000000066a400000|  0%| F|  |TAMS 0x000000066a000000, 0x000000066a000000| Untracked 
| 425|0x000000066a400000, 0x000000066a400000, 0x000000066a800000|  0%| F|  |TAMS 0x000000066a400000, 0x000000066a400000| Untracked 
| 426|0x000000066a800000, 0x000000066a800000, 0x000000066ac00000|  0%| F|  |TAMS 0x000000066a800000, 0x000000066a800000| Untracked 
| 427|0x000000066ac00000, 0x000000066ac00000, 0x000000066b000000|  0%| F|  |TAMS 0x000000066ac00000, 0x000000066ac00000| Untracked 
| 428|0x000000066b000000, 0x000000066b000000, 0x000000066b400000|  0%| F|  |TAMS 0x000000066b000000, 0x000000066b000000| Untracked 
| 429|0x000000066b400000, 0x000000066b400000, 0x000000066b800000|  0%| F|  |TAMS 0x000000066b400000, 0x000000066b400000| Untracked 
| 430|0x000000066b800000, 0x000000066b800000, 0x000000066bc00000|  0%| F|  |TAMS 0x000000066b800000, 0x000000066b800000| Untracked 
| 431|0x000000066bc00000, 0x000000066bc00000, 0x000000066c000000|  0%| F|  |TAMS 0x000000066bc00000, 0x000000066bc00000| Untracked 
| 432|0x000000066c000000, 0x000000066c000000, 0x000000066c400000|  0%| F|  |TAMS 0x000000066c000000, 0x000000066c000000| Untracked 
| 433|0x000000066c400000, 0x000000066c400000, 0x000000066c800000|  0%| F|  |TAMS 0x000000066c400000, 0x000000066c400000| Untracked 
| 434|0x000000066c800000, 0x000000066c800000, 0x000000066cc00000|  0%| F|  |TAMS 0x000000066c800000, 0x000000066c800000| Untracked 
| 435|0x000000066cc00000, 0x000000066cc00000, 0x000000066d000000|  0%| F|  |TAMS 0x000000066cc00000, 0x000000066cc00000| Untracked 
| 436|0x000000066d000000, 0x000000066d000000, 0x000000066d400000|  0%| F|  |TAMS 0x000000066d000000, 0x000000066d000000| Untracked 
| 437|0x000000066d400000, 0x000000066d400000, 0x000000066d800000|  0%| F|  |TAMS 0x000000066d400000, 0x000000066d400000| Untracked 
| 438|0x000000066d800000, 0x000000066d800000, 0x000000066dc00000|  0%| F|  |TAMS 0x000000066d800000, 0x000000066d800000| Untracked 
| 439|0x000000066dc00000, 0x000000066dc00000, 0x000000066e000000|  0%| F|  |TAMS 0x000000066dc00000, 0x000000066dc00000| Untracked 
| 440|0x000000066e000000, 0x000000066e000000, 0x000000066e400000|  0%| F|  |TAMS 0x000000066e000000, 0x000000066e000000| Untracked 
| 441|0x000000066e400000, 0x000000066e400000, 0x000000066e800000|  0%| F|  |TAMS 0x000000066e400000, 0x000000066e400000| Untracked 
| 442|0x000000066e800000, 0x000000066e800000, 0x000000066ec00000|  0%| F|  |TAMS 0x000000066e800000, 0x000000066e800000| Untracked 
| 443|0x000000066ec00000, 0x000000066ec00000, 0x000000066f000000|  0%| F|  |TAMS 0x000000066ec00000, 0x000000066ec00000| Untracked 
| 444|0x000000066f000000, 0x000000066f000000, 0x000000066f400000|  0%| F|  |TAMS 0x000000066f000000, 0x000000066f000000| Untracked 
| 445|0x000000066f400000, 0x000000066f400000, 0x000000066f800000|  0%| F|  |TAMS 0x000000066f400000, 0x000000066f400000| Untracked 
| 446|0x000000066f800000, 0x000000066f800000, 0x000000066fc00000|  0%| F|  |TAMS 0x000000066f800000, 0x000000066f800000| Untracked 
| 447|0x000000066fc00000, 0x000000066fc00000, 0x0000000670000000|  0%| F|  |TAMS 0x000000066fc00000, 0x000000066fc00000| Untracked 
| 448|0x0000000670000000, 0x0000000670000000, 0x0000000670400000|  0%| F|  |TAMS 0x0000000670000000, 0x0000000670000000| Untracked 
| 449|0x0000000670400000, 0x0000000670400000, 0x0000000670800000|  0%| F|  |TAMS 0x0000000670400000, 0x0000000670400000| Untracked 
| 450|0x0000000670800000, 0x0000000670800000, 0x0000000670c00000|  0%| F|  |TAMS 0x0000000670800000, 0x0000000670800000| Untracked 
| 451|0x0000000670c00000, 0x0000000670c00000, 0x0000000671000000|  0%| F|  |TAMS 0x0000000670c00000, 0x0000000670c00000| Untracked 
| 452|0x0000000671000000, 0x0000000671000000, 0x0000000671400000|  0%| F|  |TAMS 0x0000000671000000, 0x0000000671000000| Untracked 
| 453|0x0000000671400000, 0x0000000671400000, 0x0000000671800000|  0%| F|  |TAMS 0x0000000671400000, 0x0000000671400000| Untracked 
| 454|0x0000000671800000, 0x0000000671800000, 0x0000000671c00000|  0%| F|  |TAMS 0x0000000671800000, 0x0000000671800000| Untracked 
| 455|0x0000000671c00000, 0x0000000671c00000, 0x0000000672000000|  0%| F|  |TAMS 0x0000000671c00000, 0x0000000671c00000| Untracked 
| 456|0x0000000672000000, 0x0000000672000000, 0x0000000672400000|  0%| F|  |TAMS 0x0000000672000000, 0x0000000672000000| Untracked 
| 457|0x0000000672400000, 0x0000000672400000, 0x0000000672800000|  0%| F|  |TAMS 0x0000000672400000, 0x0000000672400000| Untracked 
| 458|0x0000000672800000, 0x0000000672800000, 0x0000000672c00000|  0%| F|  |TAMS 0x0000000672800000, 0x0000000672800000| Untracked 
| 459|0x0000000672c00000, 0x0000000672c00000, 0x0000000673000000|  0%| F|  |TAMS 0x0000000672c00000, 0x0000000672c00000| Untracked 
| 460|0x0000000673000000, 0x0000000673000000, 0x0000000673400000|  0%| F|  |TAMS 0x0000000673000000, 0x0000000673000000| Untracked 
| 461|0x0000000673400000, 0x0000000673400000, 0x0000000673800000|  0%| F|  |TAMS 0x0000000673400000, 0x0000000673400000| Untracked 
| 462|0x0000000673800000, 0x0000000673800000, 0x0000000673c00000|  0%| F|  |TAMS 0x0000000673800000, 0x0000000673800000| Untracked 
| 463|0x0000000673c00000, 0x0000000673c00000, 0x0000000674000000|  0%| F|  |TAMS 0x0000000673c00000, 0x0000000673c00000| Untracked 
| 464|0x0000000674000000, 0x0000000674000000, 0x0000000674400000|  0%| F|  |TAMS 0x0000000674000000, 0x0000000674000000| Untracked 
| 465|0x0000000674400000, 0x0000000674400000, 0x0000000674800000|  0%| F|  |TAMS 0x0000000674400000, 0x0000000674400000| Untracked 
| 466|0x0000000674800000, 0x0000000674800000, 0x0000000674c00000|  0%| F|  |TAMS 0x0000000674800000, 0x0000000674800000| Untracked 
| 467|0x0000000674c00000, 0x0000000674c00000, 0x0000000675000000|  0%| F|  |TAMS 0x0000000674c00000, 0x0000000674c00000| Untracked 
| 468|0x0000000675000000, 0x0000000675000000, 0x0000000675400000|  0%| F|  |TAMS 0x0000000675000000, 0x0000000675000000| Untracked 
| 469|0x0000000675400000, 0x0000000675400000, 0x0000000675800000|  0%| F|  |TAMS 0x0000000675400000, 0x0000000675400000| Untracked 
| 470|0x0000000675800000, 0x0000000675800000, 0x0000000675c00000|  0%| F|  |TAMS 0x0000000675800000, 0x0000000675800000| Untracked 
| 471|0x0000000675c00000, 0x0000000675c00000, 0x0000000676000000|  0%| F|  |TAMS 0x0000000675c00000, 0x0000000675c00000| Untracked 
| 472|0x0000000676000000, 0x0000000676000000, 0x0000000676400000|  0%| F|  |TAMS 0x0000000676000000, 0x0000000676000000| Untracked 
| 473|0x0000000676400000, 0x0000000676400000, 0x0000000676800000|  0%| F|  |TAMS 0x0000000676400000, 0x0000000676400000| Untracked 
| 474|0x0000000676800000, 0x0000000676800000, 0x0000000676c00000|  0%| F|  |TAMS 0x0000000676800000, 0x0000000676800000| Untracked 
| 475|0x0000000676c00000, 0x0000000676c00000, 0x0000000677000000|  0%| F|  |TAMS 0x0000000676c00000, 0x0000000676c00000| Untracked 
| 476|0x0000000677000000, 0x0000000677000000, 0x0000000677400000|  0%| F|  |TAMS 0x0000000677000000, 0x0000000677000000| Untracked 
| 477|0x0000000677400000, 0x0000000677400000, 0x0000000677800000|  0%| F|  |TAMS 0x0000000677400000, 0x0000000677400000| Untracked 
| 478|0x0000000677800000, 0x0000000677800000, 0x0000000677c00000|  0%| F|  |TAMS 0x0000000677800000, 0x0000000677800000| Untracked 
| 479|0x0000000677c00000, 0x0000000677c00000, 0x0000000678000000|  0%| F|  |TAMS 0x0000000677c00000, 0x0000000677c00000| Untracked 
| 480|0x0000000678000000, 0x0000000678000000, 0x0000000678400000|  0%| F|  |TAMS 0x0000000678000000, 0x0000000678000000| Untracked 
| 481|0x0000000678400000, 0x0000000678400000, 0x0000000678800000|  0%| F|  |TAMS 0x0000000678400000, 0x0000000678400000| Untracked 
| 482|0x0000000678800000, 0x0000000678800000, 0x0000000678c00000|  0%| F|  |TAMS 0x0000000678800000, 0x0000000678800000| Untracked 
| 483|0x0000000678c00000, 0x0000000678c00000, 0x0000000679000000|  0%| F|  |TAMS 0x0000000678c00000, 0x0000000678c00000| Untracked 
| 484|0x0000000679000000, 0x0000000679000000, 0x0000000679400000|  0%| F|  |TAMS 0x0000000679000000, 0x0000000679000000| Untracked 
| 485|0x0000000679400000, 0x0000000679400000, 0x0000000679800000|  0%| F|  |TAMS 0x0000000679400000, 0x0000000679400000| Untracked 
| 486|0x0000000679800000, 0x0000000679800000, 0x0000000679c00000|  0%| F|  |TAMS 0x0000000679800000, 0x0000000679800000| Untracked 
| 487|0x0000000679c00000, 0x0000000679c00000, 0x000000067a000000|  0%| F|  |TAMS 0x0000000679c00000, 0x0000000679c00000| Untracked 
| 488|0x000000067a000000, 0x000000067a000000, 0x000000067a400000|  0%| F|  |TAMS 0x000000067a000000, 0x000000067a000000| Untracked 
| 489|0x000000067a400000, 0x000000067a400000, 0x000000067a800000|  0%| F|  |TAMS 0x000000067a400000, 0x000000067a400000| Untracked 
| 490|0x000000067a800000, 0x000000067a800000, 0x000000067ac00000|  0%| F|  |TAMS 0x000000067a800000, 0x000000067a800000| Untracked 
| 491|0x000000067ac00000, 0x000000067ac00000, 0x000000067b000000|  0%| F|  |TAMS 0x000000067ac00000, 0x000000067ac00000| Untracked 
| 492|0x000000067b000000, 0x000000067b000000, 0x000000067b400000|  0%| F|  |TAMS 0x000000067b000000, 0x000000067b000000| Untracked 
| 493|0x000000067b400000, 0x000000067b400000, 0x000000067b800000|  0%| F|  |TAMS 0x000000067b400000, 0x000000067b400000| Untracked 
| 494|0x000000067b800000, 0x000000067b800000, 0x000000067bc00000|  0%| F|  |TAMS 0x000000067b800000, 0x000000067b800000| Untracked 
| 495|0x000000067bc00000, 0x000000067bc00000, 0x000000067c000000|  0%| F|  |TAMS 0x000000067bc00000, 0x000000067bc00000| Untracked 
| 496|0x000000067c000000, 0x000000067c000000, 0x000000067c400000|  0%| F|  |TAMS 0x000000067c000000, 0x000000067c000000| Untracked 
| 497|0x000000067c400000, 0x000000067c400000, 0x000000067c800000|  0%| F|  |TAMS 0x000000067c400000, 0x000000067c400000| Untracked 
| 498|0x000000067c800000, 0x000000067c800000, 0x000000067cc00000|  0%| F|  |TAMS 0x000000067c800000, 0x000000067c800000| Untracked 
| 499|0x000000067cc00000, 0x000000067cc00000, 0x000000067d000000|  0%| F|  |TAMS 0x000000067cc00000, 0x000000067cc00000| Untracked 
| 500|0x000000067d000000, 0x000000067d000000, 0x000000067d400000|  0%| F|  |TAMS 0x000000067d000000, 0x000000067d000000| Untracked 
| 501|0x000000067d400000, 0x000000067d400000, 0x000000067d800000|  0%| F|  |TAMS 0x000000067d400000, 0x000000067d400000| Untracked 
| 502|0x000000067d800000, 0x000000067d800000, 0x000000067dc00000|  0%| F|  |TAMS 0x000000067d800000, 0x000000067d800000| Untracked 
| 503|0x000000067dc00000, 0x000000067dc00000, 0x000000067e000000|  0%| F|  |TAMS 0x000000067dc00000, 0x000000067dc00000| Untracked 
| 504|0x000000067e000000, 0x000000067e000000, 0x000000067e400000|  0%| F|  |TAMS 0x000000067e000000, 0x000000067e000000| Untracked 
| 505|0x000000067e400000, 0x000000067e400000, 0x000000067e800000|  0%| F|  |TAMS 0x000000067e400000, 0x000000067e400000| Untracked 
| 506|0x000000067e800000, 0x000000067e800000, 0x000000067ec00000|  0%| F|  |TAMS 0x000000067e800000, 0x000000067e800000| Untracked 
| 507|0x000000067ec00000, 0x000000067ec00000, 0x000000067f000000|  0%| F|  |TAMS 0x000000067ec00000, 0x000000067ec00000| Untracked 
| 508|0x000000067f000000, 0x000000067f000000, 0x000000067f400000|  0%| F|  |TAMS 0x000000067f000000, 0x000000067f000000| Untracked 
| 509|0x000000067f400000, 0x000000067f400000, 0x000000067f800000|  0%| F|  |TAMS 0x000000067f400000, 0x000000067f400000| Untracked 
| 510|0x000000067f800000, 0x000000067f800000, 0x000000067fc00000|  0%| F|  |TAMS 0x000000067f800000, 0x000000067f800000| Untracked 
| 511|0x000000067fc00000, 0x000000067fc00000, 0x0000000680000000|  0%| F|  |TAMS 0x000000067fc00000, 0x000000067fc00000| Untracked 
| 512|0x0000000680000000, 0x0000000680000000, 0x0000000680400000|  0%| F|  |TAMS 0x0000000680000000, 0x0000000680000000| Untracked 
| 513|0x0000000680400000, 0x0000000680400000, 0x0000000680800000|  0%| F|  |TAMS 0x0000000680400000, 0x0000000680400000| Untracked 
| 514|0x0000000680800000, 0x0000000680800000, 0x0000000680c00000|  0%| F|  |TAMS 0x0000000680800000, 0x0000000680800000| Untracked 
| 515|0x0000000680c00000, 0x0000000680c00000, 0x0000000681000000|  0%| F|  |TAMS 0x0000000680c00000, 0x0000000680c00000| Untracked 
| 516|0x0000000681000000, 0x0000000681000000, 0x0000000681400000|  0%| F|  |TAMS 0x0000000681000000, 0x0000000681000000| Untracked 
| 517|0x0000000681400000, 0x0000000681400000, 0x0000000681800000|  0%| F|  |TAMS 0x0000000681400000, 0x0000000681400000| Untracked 
| 518|0x0000000681800000, 0x0000000681800000, 0x0000000681c00000|  0%| F|  |TAMS 0x0000000681800000, 0x0000000681800000| Untracked 
| 519|0x0000000681c00000, 0x0000000681c00000, 0x0000000682000000|  0%| F|  |TAMS 0x0000000681c00000, 0x0000000681c00000| Untracked 
| 520|0x0000000682000000, 0x0000000682000000, 0x0000000682400000|  0%| F|  |TAMS 0x0000000682000000, 0x0000000682000000| Untracked 
| 521|0x0000000682400000, 0x0000000682400000, 0x0000000682800000|  0%| F|  |TAMS 0x0000000682400000, 0x0000000682400000| Untracked 
| 522|0x0000000682800000, 0x0000000682800000, 0x0000000682c00000|  0%| F|  |TAMS 0x0000000682800000, 0x0000000682800000| Untracked 
| 523|0x0000000682c00000, 0x0000000682c00000, 0x0000000683000000|  0%| F|  |TAMS 0x0000000682c00000, 0x0000000682c00000| Untracked 
| 524|0x0000000683000000, 0x0000000683000000, 0x0000000683400000|  0%| F|  |TAMS 0x0000000683000000, 0x0000000683000000| Untracked 
| 525|0x0000000683400000, 0x0000000683400000, 0x0000000683800000|  0%| F|  |TAMS 0x0000000683400000, 0x0000000683400000| Untracked 
| 526|0x0000000683800000, 0x0000000683800000, 0x0000000683c00000|  0%| F|  |TAMS 0x0000000683800000, 0x0000000683800000| Untracked 
| 527|0x0000000683c00000, 0x0000000683c00000, 0x0000000684000000|  0%| F|  |TAMS 0x0000000683c00000, 0x0000000683c00000| Untracked 
| 528|0x0000000684000000, 0x0000000684000000, 0x0000000684400000|  0%| F|  |TAMS 0x0000000684000000, 0x0000000684000000| Untracked 
| 529|0x0000000684400000, 0x0000000684400000, 0x0000000684800000|  0%| F|  |TAMS 0x0000000684400000, 0x0000000684400000| Untracked 
| 530|0x0000000684800000, 0x0000000684800000, 0x0000000684c00000|  0%| F|  |TAMS 0x0000000684800000, 0x0000000684800000| Untracked 
| 531|0x0000000684c00000, 0x0000000684c00000, 0x0000000685000000|  0%| F|  |TAMS 0x0000000684c00000, 0x0000000684c00000| Untracked 
| 532|0x0000000685000000, 0x0000000685000000, 0x0000000685400000|  0%| F|  |TAMS 0x0000000685000000, 0x0000000685000000| Untracked 
| 533|0x0000000685400000, 0x0000000685400000, 0x0000000685800000|  0%| F|  |TAMS 0x0000000685400000, 0x0000000685400000| Untracked 
| 534|0x0000000685800000, 0x0000000685800000, 0x0000000685c00000|  0%| F|  |TAMS 0x0000000685800000, 0x0000000685800000| Untracked 
| 535|0x0000000685c00000, 0x0000000685c00000, 0x0000000686000000|  0%| F|  |TAMS 0x0000000685c00000, 0x0000000685c00000| Untracked 
| 536|0x0000000686000000, 0x0000000686000000, 0x0000000686400000|  0%| F|  |TAMS 0x0000000686000000, 0x0000000686000000| Untracked 
| 537|0x0000000686400000, 0x0000000686400000, 0x0000000686800000|  0%| F|  |TAMS 0x0000000686400000, 0x0000000686400000| Untracked 
| 538|0x0000000686800000, 0x0000000686800000, 0x0000000686c00000|  0%| F|  |TAMS 0x0000000686800000, 0x0000000686800000| Untracked 
| 539|0x0000000686c00000, 0x0000000686c00000, 0x0000000687000000|  0%| F|  |TAMS 0x0000000686c00000, 0x0000000686c00000| Untracked 
| 540|0x0000000687000000, 0x0000000687000000, 0x0000000687400000|  0%| F|  |TAMS 0x0000000687000000, 0x0000000687000000| Untracked 
| 541|0x0000000687400000, 0x0000000687400000, 0x0000000687800000|  0%| F|  |TAMS 0x0000000687400000, 0x0000000687400000| Untracked 
| 542|0x0000000687800000, 0x0000000687800000, 0x0000000687c00000|  0%| F|  |TAMS 0x0000000687800000, 0x0000000687800000| Untracked 
| 543|0x0000000687c00000, 0x0000000687c00000, 0x0000000688000000|  0%| F|  |TAMS 0x0000000687c00000, 0x0000000687c00000| Untracked 
| 544|0x0000000688000000, 0x0000000688000000, 0x0000000688400000|  0%| F|  |TAMS 0x0000000688000000, 0x0000000688000000| Untracked 
| 545|0x0000000688400000, 0x0000000688400000, 0x0000000688800000|  0%| F|  |TAMS 0x0000000688400000, 0x0000000688400000| Untracked 
| 546|0x0000000688800000, 0x0000000688800000, 0x0000000688c00000|  0%| F|  |TAMS 0x0000000688800000, 0x0000000688800000| Untracked 
| 547|0x0000000688c00000, 0x0000000688c00000, 0x0000000689000000|  0%| F|  |TAMS 0x0000000688c00000, 0x0000000688c00000| Untracked 
| 548|0x0000000689000000, 0x0000000689000000, 0x0000000689400000|  0%| F|  |TAMS 0x0000000689000000, 0x0000000689000000| Untracked 
| 549|0x0000000689400000, 0x0000000689400000, 0x0000000689800000|  0%| F|  |TAMS 0x0000000689400000, 0x0000000689400000| Untracked 
| 550|0x0000000689800000, 0x0000000689800000, 0x0000000689c00000|  0%| F|  |TAMS 0x0000000689800000, 0x0000000689800000| Untracked 
| 551|0x0000000689c00000, 0x0000000689c00000, 0x000000068a000000|  0%| F|  |TAMS 0x0000000689c00000, 0x0000000689c00000| Untracked 
| 552|0x000000068a000000, 0x000000068a000000, 0x000000068a400000|  0%| F|  |TAMS 0x000000068a000000, 0x000000068a000000| Untracked 
| 553|0x000000068a400000, 0x000000068a400000, 0x000000068a800000|  0%| F|  |TAMS 0x000000068a400000, 0x000000068a400000| Untracked 
| 554|0x000000068a800000, 0x000000068a800000, 0x000000068ac00000|  0%| F|  |TAMS 0x000000068a800000, 0x000000068a800000| Untracked 
| 555|0x000000068ac00000, 0x000000068ac00000, 0x000000068b000000|  0%| F|  |TAMS 0x000000068ac00000, 0x000000068ac00000| Untracked 
| 556|0x000000068b000000, 0x000000068b000000, 0x000000068b400000|  0%| F|  |TAMS 0x000000068b000000, 0x000000068b000000| Untracked 
| 557|0x000000068b400000, 0x000000068b400000, 0x000000068b800000|  0%| F|  |TAMS 0x000000068b400000, 0x000000068b400000| Untracked 
| 558|0x000000068b800000, 0x000000068b800000, 0x000000068bc00000|  0%| F|  |TAMS 0x000000068b800000, 0x000000068b800000| Untracked 
| 559|0x000000068bc00000, 0x000000068bc00000, 0x000000068c000000|  0%| F|  |TAMS 0x000000068bc00000, 0x000000068bc00000| Untracked 
| 560|0x000000068c000000, 0x000000068c000000, 0x000000068c400000|  0%| F|  |TAMS 0x000000068c000000, 0x000000068c000000| Untracked 
| 561|0x000000068c400000, 0x000000068c400000, 0x000000068c800000|  0%| F|  |TAMS 0x000000068c400000, 0x000000068c400000| Untracked 
| 562|0x000000068c800000, 0x000000068c800000, 0x000000068cc00000|  0%| F|  |TAMS 0x000000068c800000, 0x000000068c800000| Untracked 
| 563|0x000000068cc00000, 0x000000068cc00000, 0x000000068d000000|  0%| F|  |TAMS 0x000000068cc00000, 0x000000068cc00000| Untracked 
| 564|0x000000068d000000, 0x000000068d000000, 0x000000068d400000|  0%| F|  |TAMS 0x000000068d000000, 0x000000068d000000| Untracked 
| 565|0x000000068d400000, 0x000000068d400000, 0x000000068d800000|  0%| F|  |TAMS 0x000000068d400000, 0x000000068d400000| Untracked 
| 566|0x000000068d800000, 0x000000068d800000, 0x000000068dc00000|  0%| F|  |TAMS 0x000000068d800000, 0x000000068d800000| Untracked 
| 567|0x000000068dc00000, 0x000000068dc00000, 0x000000068e000000|  0%| F|  |TAMS 0x000000068dc00000, 0x000000068dc00000| Untracked 
| 568|0x000000068e000000, 0x000000068e000000, 0x000000068e400000|  0%| F|  |TAMS 0x000000068e000000, 0x000000068e000000| Untracked 
| 569|0x000000068e400000, 0x000000068e400000, 0x000000068e800000|  0%| F|  |TAMS 0x000000068e400000, 0x000000068e400000| Untracked 
| 570|0x000000068e800000, 0x000000068e800000, 0x000000068ec00000|  0%| F|  |TAMS 0x000000068e800000, 0x000000068e800000| Untracked 
| 571|0x000000068ec00000, 0x000000068ec00000, 0x000000068f000000|  0%| F|  |TAMS 0x000000068ec00000, 0x000000068ec00000| Untracked 
| 572|0x000000068f000000, 0x000000068f000000, 0x000000068f400000|  0%| F|  |TAMS 0x000000068f000000, 0x000000068f000000| Untracked 
| 573|0x000000068f400000, 0x000000068f400000, 0x000000068f800000|  0%| F|  |TAMS 0x000000068f400000, 0x000000068f400000| Untracked 
| 574|0x000000068f800000, 0x000000068f800000, 0x000000068fc00000|  0%| F|  |TAMS 0x000000068f800000, 0x000000068f800000| Untracked 
| 575|0x000000068fc00000, 0x000000068fc00000, 0x0000000690000000|  0%| F|  |TAMS 0x000000068fc00000, 0x000000068fc00000| Untracked 
| 576|0x0000000690000000, 0x0000000690000000, 0x0000000690400000|  0%| F|  |TAMS 0x0000000690000000, 0x0000000690000000| Untracked 
| 577|0x0000000690400000, 0x0000000690400000, 0x0000000690800000|  0%| F|  |TAMS 0x0000000690400000, 0x0000000690400000| Untracked 
| 578|0x0000000690800000, 0x0000000690800000, 0x0000000690c00000|  0%| F|  |TAMS 0x0000000690800000, 0x0000000690800000| Untracked 
| 579|0x0000000690c00000, 0x0000000690c00000, 0x0000000691000000|  0%| F|  |TAMS 0x0000000690c00000, 0x0000000690c00000| Untracked 
| 580|0x0000000691000000, 0x0000000691000000, 0x0000000691400000|  0%| F|  |TAMS 0x0000000691000000, 0x0000000691000000| Untracked 
| 581|0x0000000691400000, 0x0000000691400000, 0x0000000691800000|  0%| F|  |TAMS 0x0000000691400000, 0x0000000691400000| Untracked 
| 582|0x0000000691800000, 0x0000000691800000, 0x0000000691c00000|  0%| F|  |TAMS 0x0000000691800000, 0x0000000691800000| Untracked 
| 583|0x0000000691c00000, 0x0000000691c00000, 0x0000000692000000|  0%| F|  |TAMS 0x0000000691c00000, 0x0000000691c00000| Untracked 
| 584|0x0000000692000000, 0x0000000692000000, 0x0000000692400000|  0%| F|  |TAMS 0x0000000692000000, 0x0000000692000000| Untracked 
| 585|0x0000000692400000, 0x0000000692400000, 0x0000000692800000|  0%| F|  |TAMS 0x0000000692400000, 0x0000000692400000| Untracked 
| 586|0x0000000692800000, 0x0000000692800000, 0x0000000692c00000|  0%| F|  |TAMS 0x0000000692800000, 0x0000000692800000| Untracked 
| 587|0x0000000692c00000, 0x0000000692c00000, 0x0000000693000000|  0%| F|  |TAMS 0x0000000692c00000, 0x0000000692c00000| Untracked 
| 588|0x0000000693000000, 0x0000000693000000, 0x0000000693400000|  0%| F|  |TAMS 0x0000000693000000, 0x0000000693000000| Untracked 
| 589|0x0000000693400000, 0x0000000693400000, 0x0000000693800000|  0%| F|  |TAMS 0x0000000693400000, 0x0000000693400000| Untracked 
| 590|0x0000000693800000, 0x0000000693800000, 0x0000000693c00000|  0%| F|  |TAMS 0x0000000693800000, 0x0000000693800000| Untracked 
| 591|0x0000000693c00000, 0x0000000693c00000, 0x0000000694000000|  0%| F|  |TAMS 0x0000000693c00000, 0x0000000693c00000| Untracked 
| 592|0x0000000694000000, 0x0000000694000000, 0x0000000694400000|  0%| F|  |TAMS 0x0000000694000000, 0x0000000694000000| Untracked 
| 593|0x0000000694400000, 0x0000000694400000, 0x0000000694800000|  0%| F|  |TAMS 0x0000000694400000, 0x0000000694400000| Untracked 
| 594|0x0000000694800000, 0x0000000694800000, 0x0000000694c00000|  0%| F|  |TAMS 0x0000000694800000, 0x0000000694800000| Untracked 
| 595|0x0000000694c00000, 0x0000000694c00000, 0x0000000695000000|  0%| F|  |TAMS 0x0000000694c00000, 0x0000000694c00000| Untracked 
| 596|0x0000000695000000, 0x0000000695000000, 0x0000000695400000|  0%| F|  |TAMS 0x0000000695000000, 0x0000000695000000| Untracked 
| 597|0x0000000695400000, 0x0000000695400000, 0x0000000695800000|  0%| F|  |TAMS 0x0000000695400000, 0x0000000695400000| Untracked 
| 598|0x0000000695800000, 0x0000000695800000, 0x0000000695c00000|  0%| F|  |TAMS 0x0000000695800000, 0x0000000695800000| Untracked 
| 599|0x0000000695c00000, 0x0000000695c00000, 0x0000000696000000|  0%| F|  |TAMS 0x0000000695c00000, 0x0000000695c00000| Untracked 
| 600|0x0000000696000000, 0x0000000696000000, 0x0000000696400000|  0%| F|  |TAMS 0x0000000696000000, 0x0000000696000000| Untracked 
| 601|0x0000000696400000, 0x0000000696400000, 0x0000000696800000|  0%| F|  |TAMS 0x0000000696400000, 0x0000000696400000| Untracked 
| 602|0x0000000696800000, 0x0000000696800000, 0x0000000696c00000|  0%| F|  |TAMS 0x0000000696800000, 0x0000000696800000| Untracked 
| 603|0x0000000696c00000, 0x0000000696c00000, 0x0000000697000000|  0%| F|  |TAMS 0x0000000696c00000, 0x0000000696c00000| Untracked 
| 604|0x0000000697000000, 0x0000000697000000, 0x0000000697400000|  0%| F|  |TAMS 0x0000000697000000, 0x0000000697000000| Untracked 
| 605|0x0000000697400000, 0x0000000697400000, 0x0000000697800000|  0%| F|  |TAMS 0x0000000697400000, 0x0000000697400000| Untracked 
| 606|0x0000000697800000, 0x0000000697800000, 0x0000000697c00000|  0%| F|  |TAMS 0x0000000697800000, 0x0000000697800000| Untracked 
| 607|0x0000000697c00000, 0x0000000697c00000, 0x0000000698000000|  0%| F|  |TAMS 0x0000000697c00000, 0x0000000697c00000| Untracked 
| 608|0x0000000698000000, 0x0000000698000000, 0x0000000698400000|  0%| F|  |TAMS 0x0000000698000000, 0x0000000698000000| Untracked 
| 609|0x0000000698400000, 0x0000000698400000, 0x0000000698800000|  0%| F|  |TAMS 0x0000000698400000, 0x0000000698400000| Untracked 
| 610|0x0000000698800000, 0x0000000698800000, 0x0000000698c00000|  0%| F|  |TAMS 0x0000000698800000, 0x0000000698800000| Untracked 
| 611|0x0000000698c00000, 0x0000000698c00000, 0x0000000699000000|  0%| F|  |TAMS 0x0000000698c00000, 0x0000000698c00000| Untracked 
| 612|0x0000000699000000, 0x0000000699000000, 0x0000000699400000|  0%| F|  |TAMS 0x0000000699000000, 0x0000000699000000| Untracked 
| 613|0x0000000699400000, 0x0000000699400000, 0x0000000699800000|  0%| F|  |TAMS 0x0000000699400000, 0x0000000699400000| Untracked 
| 614|0x0000000699800000, 0x0000000699800000, 0x0000000699c00000|  0%| F|  |TAMS 0x0000000699800000, 0x0000000699800000| Untracked 
| 615|0x0000000699c00000, 0x0000000699c00000, 0x000000069a000000|  0%| F|  |TAMS 0x0000000699c00000, 0x0000000699c00000| Untracked 
| 616|0x000000069a000000, 0x000000069a000000, 0x000000069a400000|  0%| F|  |TAMS 0x000000069a000000, 0x000000069a000000| Untracked 
| 617|0x000000069a400000, 0x000000069a400000, 0x000000069a800000|  0%| F|  |TAMS 0x000000069a400000, 0x000000069a400000| Untracked 
| 618|0x000000069a800000, 0x000000069a800000, 0x000000069ac00000|  0%| F|  |TAMS 0x000000069a800000, 0x000000069a800000| Untracked 
| 619|0x000000069ac00000, 0x000000069ac00000, 0x000000069b000000|  0%| F|  |TAMS 0x000000069ac00000, 0x000000069ac00000| Untracked 
| 620|0x000000069b000000, 0x000000069b000000, 0x000000069b400000|  0%| F|  |TAMS 0x000000069b000000, 0x000000069b000000| Untracked 
| 621|0x000000069b400000, 0x000000069b400000, 0x000000069b800000|  0%| F|  |TAMS 0x000000069b400000, 0x000000069b400000| Untracked 
| 622|0x000000069b800000, 0x000000069b800000, 0x000000069bc00000|  0%| F|  |TAMS 0x000000069b800000, 0x000000069b800000| Untracked 
| 623|0x000000069bc00000, 0x000000069bc00000, 0x000000069c000000|  0%| F|  |TAMS 0x000000069bc00000, 0x000000069bc00000| Untracked 
| 624|0x000000069c000000, 0x000000069c000000, 0x000000069c400000|  0%| F|  |TAMS 0x000000069c000000, 0x000000069c000000| Untracked 
| 625|0x000000069c400000, 0x000000069c400000, 0x000000069c800000|  0%| F|  |TAMS 0x000000069c400000, 0x000000069c400000| Untracked 
| 626|0x000000069c800000, 0x000000069c800000, 0x000000069cc00000|  0%| F|  |TAMS 0x000000069c800000, 0x000000069c800000| Untracked 
| 627|0x000000069cc00000, 0x000000069cc00000, 0x000000069d000000|  0%| F|  |TAMS 0x000000069cc00000, 0x000000069cc00000| Untracked 
| 628|0x000000069d000000, 0x000000069d000000, 0x000000069d400000|  0%| F|  |TAMS 0x000000069d000000, 0x000000069d000000| Untracked 
| 629|0x000000069d400000, 0x000000069d400000, 0x000000069d800000|  0%| F|  |TAMS 0x000000069d400000, 0x000000069d400000| Untracked 
| 630|0x000000069d800000, 0x000000069d800000, 0x000000069dc00000|  0%| F|  |TAMS 0x000000069d800000, 0x000000069d800000| Untracked 
| 631|0x000000069dc00000, 0x000000069dc00000, 0x000000069e000000|  0%| F|  |TAMS 0x000000069dc00000, 0x000000069dc00000| Untracked 
| 632|0x000000069e000000, 0x000000069e000000, 0x000000069e400000|  0%| F|  |TAMS 0x000000069e000000, 0x000000069e000000| Untracked 
| 633|0x000000069e400000, 0x000000069e400000, 0x000000069e800000|  0%| F|  |TAMS 0x000000069e400000, 0x000000069e400000| Untracked 
| 634|0x000000069e800000, 0x000000069e800000, 0x000000069ec00000|  0%| F|  |TAMS 0x000000069e800000, 0x000000069e800000| Untracked 
| 635|0x000000069ec00000, 0x000000069ec00000, 0x000000069f000000|  0%| F|  |TAMS 0x000000069ec00000, 0x000000069ec00000| Untracked 
| 636|0x000000069f000000, 0x000000069f000000, 0x000000069f400000|  0%| F|  |TAMS 0x000000069f000000, 0x000000069f000000| Untracked 
| 637|0x000000069f400000, 0x000000069f400000, 0x000000069f800000|  0%| F|  |TAMS 0x000000069f400000, 0x000000069f400000| Untracked 
| 638|0x000000069f800000, 0x000000069f800000, 0x000000069fc00000|  0%| F|  |TAMS 0x000000069f800000, 0x000000069f800000| Untracked 
| 639|0x000000069fc00000, 0x000000069fc00000, 0x00000006a0000000|  0%| F|  |TAMS 0x000000069fc00000, 0x000000069fc00000| Untracked 
| 640|0x00000006a0000000, 0x00000006a0000000, 0x00000006a0400000|  0%| F|  |TAMS 0x00000006a0000000, 0x00000006a0000000| Untracked 
| 641|0x00000006a0400000, 0x00000006a0400000, 0x00000006a0800000|  0%| F|  |TAMS 0x00000006a0400000, 0x00000006a0400000| Untracked 
| 642|0x00000006a0800000, 0x00000006a0800000, 0x00000006a0c00000|  0%| F|  |TAMS 0x00000006a0800000, 0x00000006a0800000| Untracked 
| 643|0x00000006a0c00000, 0x00000006a0c00000, 0x00000006a1000000|  0%| F|  |TAMS 0x00000006a0c00000, 0x00000006a0c00000| Untracked 
| 644|0x00000006a1000000, 0x00000006a1000000, 0x00000006a1400000|  0%| F|  |TAMS 0x00000006a1000000, 0x00000006a1000000| Untracked 
| 645|0x00000006a1400000, 0x00000006a1400000, 0x00000006a1800000|  0%| F|  |TAMS 0x00000006a1400000, 0x00000006a1400000| Untracked 
| 646|0x00000006a1800000, 0x00000006a1800000, 0x00000006a1c00000|  0%| F|  |TAMS 0x00000006a1800000, 0x00000006a1800000| Untracked 
| 647|0x00000006a1c00000, 0x00000006a1c00000, 0x00000006a2000000|  0%| F|  |TAMS 0x00000006a1c00000, 0x00000006a1c00000| Untracked 
| 648|0x00000006a2000000, 0x00000006a2000000, 0x00000006a2400000|  0%| F|  |TAMS 0x00000006a2000000, 0x00000006a2000000| Untracked 
| 649|0x00000006a2400000, 0x00000006a2400000, 0x00000006a2800000|  0%| F|  |TAMS 0x00000006a2400000, 0x00000006a2400000| Untracked 
| 650|0x00000006a2800000, 0x00000006a2800000, 0x00000006a2c00000|  0%| F|  |TAMS 0x00000006a2800000, 0x00000006a2800000| Untracked 
| 651|0x00000006a2c00000, 0x00000006a2c00000, 0x00000006a3000000|  0%| F|  |TAMS 0x00000006a2c00000, 0x00000006a2c00000| Untracked 
| 652|0x00000006a3000000, 0x00000006a3000000, 0x00000006a3400000|  0%| F|  |TAMS 0x00000006a3000000, 0x00000006a3000000| Untracked 
| 653|0x00000006a3400000, 0x00000006a3400000, 0x00000006a3800000|  0%| F|  |TAMS 0x00000006a3400000, 0x00000006a3400000| Untracked 
| 654|0x00000006a3800000, 0x00000006a3800000, 0x00000006a3c00000|  0%| F|  |TAMS 0x00000006a3800000, 0x00000006a3800000| Untracked 
| 655|0x00000006a3c00000, 0x00000006a3c00000, 0x00000006a4000000|  0%| F|  |TAMS 0x00000006a3c00000, 0x00000006a3c00000| Untracked 
| 656|0x00000006a4000000, 0x00000006a4000000, 0x00000006a4400000|  0%| F|  |TAMS 0x00000006a4000000, 0x00000006a4000000| Untracked 
| 657|0x00000006a4400000, 0x00000006a4400000, 0x00000006a4800000|  0%| F|  |TAMS 0x00000006a4400000, 0x00000006a4400000| Untracked 
| 658|0x00000006a4800000, 0x00000006a4800000, 0x00000006a4c00000|  0%| F|  |TAMS 0x00000006a4800000, 0x00000006a4800000| Untracked 
| 659|0x00000006a4c00000, 0x00000006a4c00000, 0x00000006a5000000|  0%| F|  |TAMS 0x00000006a4c00000, 0x00000006a4c00000| Untracked 
| 660|0x00000006a5000000, 0x00000006a5000000, 0x00000006a5400000|  0%| F|  |TAMS 0x00000006a5000000, 0x00000006a5000000| Untracked 
| 661|0x00000006a5400000, 0x00000006a5400000, 0x00000006a5800000|  0%| F|  |TAMS 0x00000006a5400000, 0x00000006a5400000| Untracked 
| 662|0x00000006a5800000, 0x00000006a5800000, 0x00000006a5c00000|  0%| F|  |TAMS 0x00000006a5800000, 0x00000006a5800000| Untracked 
| 663|0x00000006a5c00000, 0x00000006a5c00000, 0x00000006a6000000|  0%| F|  |TAMS 0x00000006a5c00000, 0x00000006a5c00000| Untracked 
| 664|0x00000006a6000000, 0x00000006a6000000, 0x00000006a6400000|  0%| F|  |TAMS 0x00000006a6000000, 0x00000006a6000000| Untracked 
| 665|0x00000006a6400000, 0x00000006a6400000, 0x00000006a6800000|  0%| F|  |TAMS 0x00000006a6400000, 0x00000006a6400000| Untracked 
| 666|0x00000006a6800000, 0x00000006a6800000, 0x00000006a6c00000|  0%| F|  |TAMS 0x00000006a6800000, 0x00000006a6800000| Untracked 
| 667|0x00000006a6c00000, 0x00000006a6c00000, 0x00000006a7000000|  0%| F|  |TAMS 0x00000006a6c00000, 0x00000006a6c00000| Untracked 
| 668|0x00000006a7000000, 0x00000006a7000000, 0x00000006a7400000|  0%| F|  |TAMS 0x00000006a7000000, 0x00000006a7000000| Untracked 
| 669|0x00000006a7400000, 0x00000006a7400000, 0x00000006a7800000|  0%| F|  |TAMS 0x00000006a7400000, 0x00000006a7400000| Untracked 
| 670|0x00000006a7800000, 0x00000006a7800000, 0x00000006a7c00000|  0%| F|  |TAMS 0x00000006a7800000, 0x00000006a7800000| Untracked 
| 671|0x00000006a7c00000, 0x00000006a7c00000, 0x00000006a8000000|  0%| F|  |TAMS 0x00000006a7c00000, 0x00000006a7c00000| Untracked 
| 672|0x00000006a8000000, 0x00000006a8000000, 0x00000006a8400000|  0%| F|  |TAMS 0x00000006a8000000, 0x00000006a8000000| Untracked 
| 673|0x00000006a8400000, 0x00000006a8400000, 0x00000006a8800000|  0%| F|  |TAMS 0x00000006a8400000, 0x00000006a8400000| Untracked 
| 674|0x00000006a8800000, 0x00000006a8800000, 0x00000006a8c00000|  0%| F|  |TAMS 0x00000006a8800000, 0x00000006a8800000| Untracked 
| 675|0x00000006a8c00000, 0x00000006a8c00000, 0x00000006a9000000|  0%| F|  |TAMS 0x00000006a8c00000, 0x00000006a8c00000| Untracked 
| 676|0x00000006a9000000, 0x00000006a9000000, 0x00000006a9400000|  0%| F|  |TAMS 0x00000006a9000000, 0x00000006a9000000| Untracked 
| 677|0x00000006a9400000, 0x00000006a9400000, 0x00000006a9800000|  0%| F|  |TAMS 0x00000006a9400000, 0x00000006a9400000| Untracked 
| 678|0x00000006a9800000, 0x00000006a9800000, 0x00000006a9c00000|  0%| F|  |TAMS 0x00000006a9800000, 0x00000006a9800000| Untracked 
| 679|0x00000006a9c00000, 0x00000006a9c00000, 0x00000006aa000000|  0%| F|  |TAMS 0x00000006a9c00000, 0x00000006a9c00000| Untracked 
| 680|0x00000006aa000000, 0x00000006aa000000, 0x00000006aa400000|  0%| F|  |TAMS 0x00000006aa000000, 0x00000006aa000000| Untracked 
| 681|0x00000006aa400000, 0x00000006aa400000, 0x00000006aa800000|  0%| F|  |TAMS 0x00000006aa400000, 0x00000006aa400000| Untracked 
| 682|0x00000006aa800000, 0x00000006aa800000, 0x00000006aac00000|  0%| F|  |TAMS 0x00000006aa800000, 0x00000006aa800000| Untracked 
| 683|0x00000006aac00000, 0x00000006aac00000, 0x00000006ab000000|  0%| F|  |TAMS 0x00000006aac00000, 0x00000006aac00000| Untracked 
| 684|0x00000006ab000000, 0x00000006ab000000, 0x00000006ab400000|  0%| F|  |TAMS 0x00000006ab000000, 0x00000006ab000000| Untracked 
| 685|0x00000006ab400000, 0x00000006ab400000, 0x00000006ab800000|  0%| F|  |TAMS 0x00000006ab400000, 0x00000006ab400000| Untracked 
| 686|0x00000006ab800000, 0x00000006ab800000, 0x00000006abc00000|  0%| F|  |TAMS 0x00000006ab800000, 0x00000006ab800000| Untracked 
| 687|0x00000006abc00000, 0x00000006abc00000, 0x00000006ac000000|  0%| F|  |TAMS 0x00000006abc00000, 0x00000006abc00000| Untracked 
| 688|0x00000006ac000000, 0x00000006ac000000, 0x00000006ac400000|  0%| F|  |TAMS 0x00000006ac000000, 0x00000006ac000000| Untracked 
| 689|0x00000006ac400000, 0x00000006ac400000, 0x00000006ac800000|  0%| F|  |TAMS 0x00000006ac400000, 0x00000006ac400000| Untracked 
| 690|0x00000006ac800000, 0x00000006ac800000, 0x00000006acc00000|  0%| F|  |TAMS 0x00000006ac800000, 0x00000006ac800000| Untracked 
| 691|0x00000006acc00000, 0x00000006acc00000, 0x00000006ad000000|  0%| F|  |TAMS 0x00000006acc00000, 0x00000006acc00000| Untracked 
| 692|0x00000006ad000000, 0x00000006ad000000, 0x00000006ad400000|  0%| F|  |TAMS 0x00000006ad000000, 0x00000006ad000000| Untracked 
| 693|0x00000006ad400000, 0x00000006ad400000, 0x00000006ad800000|  0%| F|  |TAMS 0x00000006ad400000, 0x00000006ad400000| Untracked 
| 694|0x00000006ad800000, 0x00000006ad800000, 0x00000006adc00000|  0%| F|  |TAMS 0x00000006ad800000, 0x00000006ad800000| Untracked 
| 695|0x00000006adc00000, 0x00000006adc00000, 0x00000006ae000000|  0%| F|  |TAMS 0x00000006adc00000, 0x00000006adc00000| Untracked 
| 696|0x00000006ae000000, 0x00000006ae000000, 0x00000006ae400000|  0%| F|  |TAMS 0x00000006ae000000, 0x00000006ae000000| Untracked 
| 697|0x00000006ae400000, 0x00000006ae400000, 0x00000006ae800000|  0%| F|  |TAMS 0x00000006ae400000, 0x00000006ae400000| Untracked 
| 698|0x00000006ae800000, 0x00000006ae800000, 0x00000006aec00000|  0%| F|  |TAMS 0x00000006ae800000, 0x00000006ae800000| Untracked 
| 699|0x00000006aec00000, 0x00000006aec00000, 0x00000006af000000|  0%| F|  |TAMS 0x00000006aec00000, 0x00000006aec00000| Untracked 
| 700|0x00000006af000000, 0x00000006af000000, 0x00000006af400000|  0%| F|  |TAMS 0x00000006af000000, 0x00000006af000000| Untracked 
| 701|0x00000006af400000, 0x00000006af400000, 0x00000006af800000|  0%| F|  |TAMS 0x00000006af400000, 0x00000006af400000| Untracked 
| 702|0x00000006af800000, 0x00000006af800000, 0x00000006afc00000|  0%| F|  |TAMS 0x00000006af800000, 0x00000006af800000| Untracked 
| 703|0x00000006afc00000, 0x00000006afc00000, 0x00000006b0000000|  0%| F|  |TAMS 0x00000006afc00000, 0x00000006afc00000| Untracked 
| 704|0x00000006b0000000, 0x00000006b0000000, 0x00000006b0400000|  0%| F|  |TAMS 0x00000006b0000000, 0x00000006b0000000| Untracked 
| 705|0x00000006b0400000, 0x00000006b0400000, 0x00000006b0800000|  0%| F|  |TAMS 0x00000006b0400000, 0x00000006b0400000| Untracked 
| 706|0x00000006b0800000, 0x00000006b0800000, 0x00000006b0c00000|  0%| F|  |TAMS 0x00000006b0800000, 0x00000006b0800000| Untracked 
| 707|0x00000006b0c00000, 0x00000006b0c00000, 0x00000006b1000000|  0%| F|  |TAMS 0x00000006b0c00000, 0x00000006b0c00000| Untracked 
| 708|0x00000006b1000000, 0x00000006b1000000, 0x00000006b1400000|  0%| F|  |TAMS 0x00000006b1000000, 0x00000006b1000000| Untracked 
| 709|0x00000006b1400000, 0x00000006b1400000, 0x00000006b1800000|  0%| F|  |TAMS 0x00000006b1400000, 0x00000006b1400000| Untracked 
| 710|0x00000006b1800000, 0x00000006b1800000, 0x00000006b1c00000|  0%| F|  |TAMS 0x00000006b1800000, 0x00000006b1800000| Untracked 
| 711|0x00000006b1c00000, 0x00000006b1c00000, 0x00000006b2000000|  0%| F|  |TAMS 0x00000006b1c00000, 0x00000006b1c00000| Untracked 
| 712|0x00000006b2000000, 0x00000006b2000000, 0x00000006b2400000|  0%| F|  |TAMS 0x00000006b2000000, 0x00000006b2000000| Untracked 
| 713|0x00000006b2400000, 0x00000006b25b1c30, 0x00000006b2800000| 42%| S|CS|TAMS 0x00000006b2400000, 0x00000006b2400000| Complete 
| 714|0x00000006b2800000, 0x00000006b2c00000, 0x00000006b2c00000|100%| S|CS|TAMS 0x00000006b2800000, 0x00000006b2800000| Complete 
| 715|0x00000006b2c00000, 0x00000006b3000000, 0x00000006b3000000|100%| S|CS|TAMS 0x00000006b2c00000, 0x00000006b2c00000| Complete 
| 716|0x00000006b3000000, 0x00000006b3400000, 0x00000006b3400000|100%| S|CS|TAMS 0x00000006b3000000, 0x00000006b3000000| Complete 
| 717|0x00000006b3400000, 0x00000006b3800000, 0x00000006b3800000|100%| S|CS|TAMS 0x00000006b3400000, 0x00000006b3400000| Complete 
| 718|0x00000006b3800000, 0x00000006b3c00000, 0x00000006b3c00000|100%| S|CS|TAMS 0x00000006b3800000, 0x00000006b3800000| Complete 
| 719|0x00000006b3c00000, 0x00000006b3c00000, 0x00000006b4000000|  0%| F|  |TAMS 0x00000006b3c00000, 0x00000006b3c00000| Untracked 
| 720|0x00000006b4000000, 0x00000006b4000000, 0x00000006b4400000|  0%| F|  |TAMS 0x00000006b4000000, 0x00000006b4000000| Untracked 
| 721|0x00000006b4400000, 0x00000006b4400000, 0x00000006b4800000|  0%| F|  |TAMS 0x00000006b4400000, 0x00000006b4400000| Untracked 
| 722|0x00000006b4800000, 0x00000006b4800000, 0x00000006b4c00000|  0%| F|  |TAMS 0x00000006b4800000, 0x00000006b4800000| Untracked 
| 723|0x00000006b4c00000, 0x00000006b4c00000, 0x00000006b5000000|  0%| F|  |TAMS 0x00000006b4c00000, 0x00000006b4c00000| Untracked 
| 724|0x00000006b5000000, 0x00000006b5000000, 0x00000006b5400000|  0%| F|  |TAMS 0x00000006b5000000, 0x00000006b5000000| Untracked 
| 725|0x00000006b5400000, 0x00000006b5400000, 0x00000006b5800000|  0%| F|  |TAMS 0x00000006b5400000, 0x00000006b5400000| Untracked 
| 726|0x00000006b5800000, 0x00000006b5800000, 0x00000006b5c00000|  0%| F|  |TAMS 0x00000006b5800000, 0x00000006b5800000| Untracked 
| 727|0x00000006b5c00000, 0x00000006b5c00000, 0x00000006b6000000|  0%| F|  |TAMS 0x00000006b5c00000, 0x00000006b5c00000| Untracked 
| 728|0x00000006b6000000, 0x00000006b6000000, 0x00000006b6400000|  0%| F|  |TAMS 0x00000006b6000000, 0x00000006b6000000| Untracked 
| 729|0x00000006b6400000, 0x00000006b6400000, 0x00000006b6800000|  0%| F|  |TAMS 0x00000006b6400000, 0x00000006b6400000| Untracked 
| 730|0x00000006b6800000, 0x00000006b6800000, 0x00000006b6c00000|  0%| F|  |TAMS 0x00000006b6800000, 0x00000006b6800000| Untracked 
| 731|0x00000006b6c00000, 0x00000006b6c00000, 0x00000006b7000000|  0%| F|  |TAMS 0x00000006b6c00000, 0x00000006b6c00000| Untracked 
| 732|0x00000006b7000000, 0x00000006b7000000, 0x00000006b7400000|  0%| F|  |TAMS 0x00000006b7000000, 0x00000006b7000000| Untracked 
| 733|0x00000006b7400000, 0x00000006b7400000, 0x00000006b7800000|  0%| F|  |TAMS 0x00000006b7400000, 0x00000006b7400000| Untracked 
| 734|0x00000006b7800000, 0x00000006b7800000, 0x00000006b7c00000|  0%| F|  |TAMS 0x00000006b7800000, 0x00000006b7800000| Untracked 
| 735|0x00000006b7c00000, 0x00000006b7c00000, 0x00000006b8000000|  0%| F|  |TAMS 0x00000006b7c00000, 0x00000006b7c00000| Untracked 
| 736|0x00000006b8000000, 0x00000006b8000000, 0x00000006b8400000|  0%| F|  |TAMS 0x00000006b8000000, 0x00000006b8000000| Untracked 
| 737|0x00000006b8400000, 0x00000006b8400000, 0x00000006b8800000|  0%| F|  |TAMS 0x00000006b8400000, 0x00000006b8400000| Untracked 
| 738|0x00000006b8800000, 0x00000006b8800000, 0x00000006b8c00000|  0%| F|  |TAMS 0x00000006b8800000, 0x00000006b8800000| Untracked 
| 739|0x00000006b8c00000, 0x00000006b8c00000, 0x00000006b9000000|  0%| F|  |TAMS 0x00000006b8c00000, 0x00000006b8c00000| Untracked 
| 740|0x00000006b9000000, 0x00000006b9000000, 0x00000006b9400000|  0%| F|  |TAMS 0x00000006b9000000, 0x00000006b9000000| Untracked 
| 741|0x00000006b9400000, 0x00000006b9400000, 0x00000006b9800000|  0%| F|  |TAMS 0x00000006b9400000, 0x00000006b9400000| Untracked 
| 742|0x00000006b9800000, 0x00000006b9800000, 0x00000006b9c00000|  0%| F|  |TAMS 0x00000006b9800000, 0x00000006b9800000| Untracked 
| 743|0x00000006b9c00000, 0x00000006b9c00000, 0x00000006ba000000|  0%| F|  |TAMS 0x00000006b9c00000, 0x00000006b9c00000| Untracked 
| 744|0x00000006ba000000, 0x00000006ba000000, 0x00000006ba400000|  0%| F|  |TAMS 0x00000006ba000000, 0x00000006ba000000| Untracked 
| 745|0x00000006ba400000, 0x00000006ba400000, 0x00000006ba800000|  0%| F|  |TAMS 0x00000006ba400000, 0x00000006ba400000| Untracked 
| 746|0x00000006ba800000, 0x00000006ba800000, 0x00000006bac00000|  0%| F|  |TAMS 0x00000006ba800000, 0x00000006ba800000| Untracked 
| 747|0x00000006bac00000, 0x00000006bac00000, 0x00000006bb000000|  0%| F|  |TAMS 0x00000006bac00000, 0x00000006bac00000| Untracked 
| 748|0x00000006bb000000, 0x00000006bb000000, 0x00000006bb400000|  0%| F|  |TAMS 0x00000006bb000000, 0x00000006bb000000| Untracked 
| 749|0x00000006bb400000, 0x00000006bb400000, 0x00000006bb800000|  0%| F|  |TAMS 0x00000006bb400000, 0x00000006bb400000| Untracked 
| 750|0x00000006bb800000, 0x00000006bb800000, 0x00000006bbc00000|  0%| F|  |TAMS 0x00000006bb800000, 0x00000006bb800000| Untracked 
| 751|0x00000006bbc00000, 0x00000006bbc00000, 0x00000006bc000000|  0%| F|  |TAMS 0x00000006bbc00000, 0x00000006bbc00000| Untracked 
| 752|0x00000006bc000000, 0x00000006bc000000, 0x00000006bc400000|  0%| F|  |TAMS 0x00000006bc000000, 0x00000006bc000000| Untracked 
| 753|0x00000006bc400000, 0x00000006bc400000, 0x00000006bc800000|  0%| F|  |TAMS 0x00000006bc400000, 0x00000006bc400000| Untracked 
| 754|0x00000006bc800000, 0x00000006bc800000, 0x00000006bcc00000|  0%| F|  |TAMS 0x00000006bc800000, 0x00000006bc800000| Untracked 
| 755|0x00000006bcc00000, 0x00000006bcc00000, 0x00000006bd000000|  0%| F|  |TAMS 0x00000006bcc00000, 0x00000006bcc00000| Untracked 
| 756|0x00000006bd000000, 0x00000006bd000000, 0x00000006bd400000|  0%| F|  |TAMS 0x00000006bd000000, 0x00000006bd000000| Untracked 
| 757|0x00000006bd400000, 0x00000006bd400000, 0x00000006bd800000|  0%| F|  |TAMS 0x00000006bd400000, 0x00000006bd400000| Untracked 
| 758|0x00000006bd800000, 0x00000006bd800000, 0x00000006bdc00000|  0%| F|  |TAMS 0x00000006bd800000, 0x00000006bd800000| Untracked 
| 759|0x00000006bdc00000, 0x00000006bdc00000, 0x00000006be000000|  0%| F|  |TAMS 0x00000006bdc00000, 0x00000006bdc00000| Untracked 
| 760|0x00000006be000000, 0x00000006be000000, 0x00000006be400000|  0%| F|  |TAMS 0x00000006be000000, 0x00000006be000000| Untracked 
| 761|0x00000006be400000, 0x00000006be400000, 0x00000006be800000|  0%| F|  |TAMS 0x00000006be400000, 0x00000006be400000| Untracked 
| 762|0x00000006be800000, 0x00000006be800000, 0x00000006bec00000|  0%| F|  |TAMS 0x00000006be800000, 0x00000006be800000| Untracked 
| 763|0x00000006bec00000, 0x00000006bec00000, 0x00000006bf000000|  0%| F|  |TAMS 0x00000006bec00000, 0x00000006bec00000| Untracked 
| 764|0x00000006bf000000, 0x00000006bf000000, 0x00000006bf400000|  0%| F|  |TAMS 0x00000006bf000000, 0x00000006bf000000| Untracked 
| 765|0x00000006bf400000, 0x00000006bf400000, 0x00000006bf800000|  0%| F|  |TAMS 0x00000006bf400000, 0x00000006bf400000| Untracked 
| 766|0x00000006bf800000, 0x00000006bf800000, 0x00000006bfc00000|  0%| F|  |TAMS 0x00000006bf800000, 0x00000006bf800000| Untracked 
| 767|0x00000006bfc00000, 0x00000006bfc00000, 0x00000006c0000000|  0%| F|  |TAMS 0x00000006bfc00000, 0x00000006bfc00000| Untracked 
| 768|0x00000006c0000000, 0x00000006c0000000, 0x00000006c0400000|  0%| F|  |TAMS 0x00000006c0000000, 0x00000006c0000000| Untracked 
| 769|0x00000006c0400000, 0x00000006c0400000, 0x00000006c0800000|  0%| F|  |TAMS 0x00000006c0400000, 0x00000006c0400000| Untracked 
| 770|0x00000006c0800000, 0x00000006c0800000, 0x00000006c0c00000|  0%| F|  |TAMS 0x00000006c0800000, 0x00000006c0800000| Untracked 
| 771|0x00000006c0c00000, 0x00000006c0c00000, 0x00000006c1000000|  0%| F|  |TAMS 0x00000006c0c00000, 0x00000006c0c00000| Untracked 
| 772|0x00000006c1000000, 0x00000006c1000000, 0x00000006c1400000|  0%| F|  |TAMS 0x00000006c1000000, 0x00000006c1000000| Untracked 
| 773|0x00000006c1400000, 0x00000006c1400000, 0x00000006c1800000|  0%| F|  |TAMS 0x00000006c1400000, 0x00000006c1400000| Untracked 
| 774|0x00000006c1800000, 0x00000006c1800000, 0x00000006c1c00000|  0%| F|  |TAMS 0x00000006c1800000, 0x00000006c1800000| Untracked 
| 775|0x00000006c1c00000, 0x00000006c1c00000, 0x00000006c2000000|  0%| F|  |TAMS 0x00000006c1c00000, 0x00000006c1c00000| Untracked 
| 776|0x00000006c2000000, 0x00000006c2000000, 0x00000006c2400000|  0%| F|  |TAMS 0x00000006c2000000, 0x00000006c2000000| Untracked 
| 777|0x00000006c2400000, 0x00000006c2400000, 0x00000006c2800000|  0%| F|  |TAMS 0x00000006c2400000, 0x00000006c2400000| Untracked 
| 778|0x00000006c2800000, 0x00000006c2800000, 0x00000006c2c00000|  0%| F|  |TAMS 0x00000006c2800000, 0x00000006c2800000| Untracked 
| 779|0x00000006c2c00000, 0x00000006c2c00000, 0x00000006c3000000|  0%| F|  |TAMS 0x00000006c2c00000, 0x00000006c2c00000| Untracked 
| 780|0x00000006c3000000, 0x00000006c3000000, 0x00000006c3400000|  0%| F|  |TAMS 0x00000006c3000000, 0x00000006c3000000| Untracked 
| 781|0x00000006c3400000, 0x00000006c3400000, 0x00000006c3800000|  0%| F|  |TAMS 0x00000006c3400000, 0x00000006c3400000| Untracked 
| 782|0x00000006c3800000, 0x00000006c3800000, 0x00000006c3c00000|  0%| F|  |TAMS 0x00000006c3800000, 0x00000006c3800000| Untracked 
| 783|0x00000006c3c00000, 0x00000006c3c00000, 0x00000006c4000000|  0%| F|  |TAMS 0x00000006c3c00000, 0x00000006c3c00000| Untracked 
| 784|0x00000006c4000000, 0x00000006c4000000, 0x00000006c4400000|  0%| F|  |TAMS 0x00000006c4000000, 0x00000006c4000000| Untracked 
| 785|0x00000006c4400000, 0x00000006c4400000, 0x00000006c4800000|  0%| F|  |TAMS 0x00000006c4400000, 0x00000006c4400000| Untracked 
| 786|0x00000006c4800000, 0x00000006c4800000, 0x00000006c4c00000|  0%| F|  |TAMS 0x00000006c4800000, 0x00000006c4800000| Untracked 
| 787|0x00000006c4c00000, 0x00000006c4c00000, 0x00000006c5000000|  0%| F|  |TAMS 0x00000006c4c00000, 0x00000006c4c00000| Untracked 
| 788|0x00000006c5000000, 0x00000006c5000000, 0x00000006c5400000|  0%| F|  |TAMS 0x00000006c5000000, 0x00000006c5000000| Untracked 
| 789|0x00000006c5400000, 0x00000006c5400000, 0x00000006c5800000|  0%| F|  |TAMS 0x00000006c5400000, 0x00000006c5400000| Untracked 
| 790|0x00000006c5800000, 0x00000006c5800000, 0x00000006c5c00000|  0%| F|  |TAMS 0x00000006c5800000, 0x00000006c5800000| Untracked 
| 791|0x00000006c5c00000, 0x00000006c5c00000, 0x00000006c6000000|  0%| F|  |TAMS 0x00000006c5c00000, 0x00000006c5c00000| Untracked 
| 792|0x00000006c6000000, 0x00000006c6000000, 0x00000006c6400000|  0%| F|  |TAMS 0x00000006c6000000, 0x00000006c6000000| Untracked 
| 793|0x00000006c6400000, 0x00000006c6400000, 0x00000006c6800000|  0%| F|  |TAMS 0x00000006c6400000, 0x00000006c6400000| Untracked 
| 794|0x00000006c6800000, 0x00000006c6800000, 0x00000006c6c00000|  0%| F|  |TAMS 0x00000006c6800000, 0x00000006c6800000| Untracked 
| 795|0x00000006c6c00000, 0x00000006c6c00000, 0x00000006c7000000|  0%| F|  |TAMS 0x00000006c6c00000, 0x00000006c6c00000| Untracked 
| 796|0x00000006c7000000, 0x00000006c7000000, 0x00000006c7400000|  0%| F|  |TAMS 0x00000006c7000000, 0x00000006c7000000| Untracked 
| 797|0x00000006c7400000, 0x00000006c7400000, 0x00000006c7800000|  0%| F|  |TAMS 0x00000006c7400000, 0x00000006c7400000| Untracked 
| 798|0x00000006c7800000, 0x00000006c7800000, 0x00000006c7c00000|  0%| F|  |TAMS 0x00000006c7800000, 0x00000006c7800000| Untracked 
| 799|0x00000006c7c00000, 0x00000006c7c00000, 0x00000006c8000000|  0%| F|  |TAMS 0x00000006c7c00000, 0x00000006c7c00000| Untracked 
| 800|0x00000006c8000000, 0x00000006c8000000, 0x00000006c8400000|  0%| F|  |TAMS 0x00000006c8000000, 0x00000006c8000000| Untracked 
| 801|0x00000006c8400000, 0x00000006c8400000, 0x00000006c8800000|  0%| F|  |TAMS 0x00000006c8400000, 0x00000006c8400000| Untracked 
| 802|0x00000006c8800000, 0x00000006c8800000, 0x00000006c8c00000|  0%| F|  |TAMS 0x00000006c8800000, 0x00000006c8800000| Untracked 
| 803|0x00000006c8c00000, 0x00000006c8c00000, 0x00000006c9000000|  0%| F|  |TAMS 0x00000006c8c00000, 0x00000006c8c00000| Untracked 
| 804|0x00000006c9000000, 0x00000006c9000000, 0x00000006c9400000|  0%| F|  |TAMS 0x00000006c9000000, 0x00000006c9000000| Untracked 
| 805|0x00000006c9400000, 0x00000006c9400000, 0x00000006c9800000|  0%| F|  |TAMS 0x00000006c9400000, 0x00000006c9400000| Untracked 
| 806|0x00000006c9800000, 0x00000006c9800000, 0x00000006c9c00000|  0%| F|  |TAMS 0x00000006c9800000, 0x00000006c9800000| Untracked 
| 807|0x00000006c9c00000, 0x00000006c9c00000, 0x00000006ca000000|  0%| F|  |TAMS 0x00000006c9c00000, 0x00000006c9c00000| Untracked 
| 808|0x00000006ca000000, 0x00000006ca000000, 0x00000006ca400000|  0%| F|  |TAMS 0x00000006ca000000, 0x00000006ca000000| Untracked 
| 809|0x00000006ca400000, 0x00000006ca400000, 0x00000006ca800000|  0%| F|  |TAMS 0x00000006ca400000, 0x00000006ca400000| Untracked 
| 810|0x00000006ca800000, 0x00000006ca800000, 0x00000006cac00000|  0%| F|  |TAMS 0x00000006ca800000, 0x00000006ca800000| Untracked 
| 811|0x00000006cac00000, 0x00000006cac00000, 0x00000006cb000000|  0%| F|  |TAMS 0x00000006cac00000, 0x00000006cac00000| Untracked 
| 812|0x00000006cb000000, 0x00000006cb000000, 0x00000006cb400000|  0%| F|  |TAMS 0x00000006cb000000, 0x00000006cb000000| Untracked 
| 813|0x00000006cb400000, 0x00000006cb400000, 0x00000006cb800000|  0%| F|  |TAMS 0x00000006cb400000, 0x00000006cb400000| Untracked 
| 814|0x00000006cb800000, 0x00000006cb800000, 0x00000006cbc00000|  0%| F|  |TAMS 0x00000006cb800000, 0x00000006cb800000| Untracked 
| 815|0x00000006cbc00000, 0x00000006cbc00000, 0x00000006cc000000|  0%| F|  |TAMS 0x00000006cbc00000, 0x00000006cbc00000| Untracked 
| 816|0x00000006cc000000, 0x00000006cc000000, 0x00000006cc400000|  0%| F|  |TAMS 0x00000006cc000000, 0x00000006cc000000| Untracked 
| 817|0x00000006cc400000, 0x00000006cc400000, 0x00000006cc800000|  0%| F|  |TAMS 0x00000006cc400000, 0x00000006cc400000| Untracked 
| 818|0x00000006cc800000, 0x00000006cc800000, 0x00000006ccc00000|  0%| F|  |TAMS 0x00000006cc800000, 0x00000006cc800000| Untracked 
| 819|0x00000006ccc00000, 0x00000006ccc00000, 0x00000006cd000000|  0%| F|  |TAMS 0x00000006ccc00000, 0x00000006ccc00000| Untracked 
| 820|0x00000006cd000000, 0x00000006cd000000, 0x00000006cd400000|  0%| F|  |TAMS 0x00000006cd000000, 0x00000006cd000000| Untracked 
| 821|0x00000006cd400000, 0x00000006cd400000, 0x00000006cd800000|  0%| F|  |TAMS 0x00000006cd400000, 0x00000006cd400000| Untracked 
| 822|0x00000006cd800000, 0x00000006cd800000, 0x00000006cdc00000|  0%| F|  |TAMS 0x00000006cd800000, 0x00000006cd800000| Untracked 
| 823|0x00000006cdc00000, 0x00000006cdc00000, 0x00000006ce000000|  0%| F|  |TAMS 0x00000006cdc00000, 0x00000006cdc00000| Untracked 
| 824|0x00000006ce000000, 0x00000006ce000000, 0x00000006ce400000|  0%| F|  |TAMS 0x00000006ce000000, 0x00000006ce000000| Untracked 
| 825|0x00000006ce400000, 0x00000006ce400000, 0x00000006ce800000|  0%| F|  |TAMS 0x00000006ce400000, 0x00000006ce400000| Untracked 
| 826|0x00000006ce800000, 0x00000006ce800000, 0x00000006cec00000|  0%| F|  |TAMS 0x00000006ce800000, 0x00000006ce800000| Untracked 
| 827|0x00000006cec00000, 0x00000006cec00000, 0x00000006cf000000|  0%| F|  |TAMS 0x00000006cec00000, 0x00000006cec00000| Untracked 
| 828|0x00000006cf000000, 0x00000006cf000000, 0x00000006cf400000|  0%| F|  |TAMS 0x00000006cf000000, 0x00000006cf000000| Untracked 
| 829|0x00000006cf400000, 0x00000006cf400000, 0x00000006cf800000|  0%| F|  |TAMS 0x00000006cf400000, 0x00000006cf400000| Untracked 
| 830|0x00000006cf800000, 0x00000006cf800000, 0x00000006cfc00000|  0%| F|  |TAMS 0x00000006cf800000, 0x00000006cf800000| Untracked 
| 831|0x00000006cfc00000, 0x00000006cfc00000, 0x00000006d0000000|  0%| F|  |TAMS 0x00000006cfc00000, 0x00000006cfc00000| Untracked 
| 832|0x00000006d0000000, 0x00000006d0000000, 0x00000006d0400000|  0%| F|  |TAMS 0x00000006d0000000, 0x00000006d0000000| Untracked 
| 833|0x00000006d0400000, 0x00000006d0400000, 0x00000006d0800000|  0%| F|  |TAMS 0x00000006d0400000, 0x00000006d0400000| Untracked 
| 834|0x00000006d0800000, 0x00000006d0800000, 0x00000006d0c00000|  0%| F|  |TAMS 0x00000006d0800000, 0x00000006d0800000| Untracked 
| 835|0x00000006d0c00000, 0x00000006d0c00000, 0x00000006d1000000|  0%| F|  |TAMS 0x00000006d0c00000, 0x00000006d0c00000| Untracked 
| 836|0x00000006d1000000, 0x00000006d1000000, 0x00000006d1400000|  0%| F|  |TAMS 0x00000006d1000000, 0x00000006d1000000| Untracked 
| 837|0x00000006d1400000, 0x00000006d1400000, 0x00000006d1800000|  0%| F|  |TAMS 0x00000006d1400000, 0x00000006d1400000| Untracked 
| 838|0x00000006d1800000, 0x00000006d1800000, 0x00000006d1c00000|  0%| F|  |TAMS 0x00000006d1800000, 0x00000006d1800000| Untracked 
| 839|0x00000006d1c00000, 0x00000006d1c00000, 0x00000006d2000000|  0%| F|  |TAMS 0x00000006d1c00000, 0x00000006d1c00000| Untracked 
| 840|0x00000006d2000000, 0x00000006d2000000, 0x00000006d2400000|  0%| F|  |TAMS 0x00000006d2000000, 0x00000006d2000000| Untracked 
| 841|0x00000006d2400000, 0x00000006d2400000, 0x00000006d2800000|  0%| F|  |TAMS 0x00000006d2400000, 0x00000006d2400000| Untracked 
| 842|0x00000006d2800000, 0x00000006d2800000, 0x00000006d2c00000|  0%| F|  |TAMS 0x00000006d2800000, 0x00000006d2800000| Untracked 
| 843|0x00000006d2c00000, 0x00000006d2c00000, 0x00000006d3000000|  0%| F|  |TAMS 0x00000006d2c00000, 0x00000006d2c00000| Untracked 
| 844|0x00000006d3000000, 0x00000006d3000000, 0x00000006d3400000|  0%| F|  |TAMS 0x00000006d3000000, 0x00000006d3000000| Untracked 
| 845|0x00000006d3400000, 0x00000006d3400000, 0x00000006d3800000|  0%| F|  |TAMS 0x00000006d3400000, 0x00000006d3400000| Untracked 
| 846|0x00000006d3800000, 0x00000006d3800000, 0x00000006d3c00000|  0%| F|  |TAMS 0x00000006d3800000, 0x00000006d3800000| Untracked 
| 847|0x00000006d3c00000, 0x00000006d3c00000, 0x00000006d4000000|  0%| F|  |TAMS 0x00000006d3c00000, 0x00000006d3c00000| Untracked 
| 848|0x00000006d4000000, 0x00000006d4000000, 0x00000006d4400000|  0%| F|  |TAMS 0x00000006d4000000, 0x00000006d4000000| Untracked 
| 849|0x00000006d4400000, 0x00000006d4400000, 0x00000006d4800000|  0%| F|  |TAMS 0x00000006d4400000, 0x00000006d4400000| Untracked 
| 850|0x00000006d4800000, 0x00000006d4800000, 0x00000006d4c00000|  0%| F|  |TAMS 0x00000006d4800000, 0x00000006d4800000| Untracked 
| 851|0x00000006d4c00000, 0x00000006d4c00000, 0x00000006d5000000|  0%| F|  |TAMS 0x00000006d4c00000, 0x00000006d4c00000| Untracked 
| 852|0x00000006d5000000, 0x00000006d5000000, 0x00000006d5400000|  0%| F|  |TAMS 0x00000006d5000000, 0x00000006d5000000| Untracked 
| 853|0x00000006d5400000, 0x00000006d5400000, 0x00000006d5800000|  0%| F|  |TAMS 0x00000006d5400000, 0x00000006d5400000| Untracked 
| 854|0x00000006d5800000, 0x00000006d5800000, 0x00000006d5c00000|  0%| F|  |TAMS 0x00000006d5800000, 0x00000006d5800000| Untracked 
| 855|0x00000006d5c00000, 0x00000006d5c00000, 0x00000006d6000000|  0%| F|  |TAMS 0x00000006d5c00000, 0x00000006d5c00000| Untracked 
| 856|0x00000006d6000000, 0x00000006d6000000, 0x00000006d6400000|  0%| F|  |TAMS 0x00000006d6000000, 0x00000006d6000000| Untracked 
| 857|0x00000006d6400000, 0x00000006d6400000, 0x00000006d6800000|  0%| F|  |TAMS 0x00000006d6400000, 0x00000006d6400000| Untracked 
| 858|0x00000006d6800000, 0x00000006d6800000, 0x00000006d6c00000|  0%| F|  |TAMS 0x00000006d6800000, 0x00000006d6800000| Untracked 
| 859|0x00000006d6c00000, 0x00000006d6c00000, 0x00000006d7000000|  0%| F|  |TAMS 0x00000006d6c00000, 0x00000006d6c00000| Untracked 
| 860|0x00000006d7000000, 0x00000006d7000000, 0x00000006d7400000|  0%| F|  |TAMS 0x00000006d7000000, 0x00000006d7000000| Untracked 
| 861|0x00000006d7400000, 0x00000006d7400000, 0x00000006d7800000|  0%| F|  |TAMS 0x00000006d7400000, 0x00000006d7400000| Untracked 
| 862|0x00000006d7800000, 0x00000006d7800000, 0x00000006d7c00000|  0%| F|  |TAMS 0x00000006d7800000, 0x00000006d7800000| Untracked 
| 863|0x00000006d7c00000, 0x00000006d7c00000, 0x00000006d8000000|  0%| F|  |TAMS 0x00000006d7c00000, 0x00000006d7c00000| Untracked 
| 864|0x00000006d8000000, 0x00000006d8000000, 0x00000006d8400000|  0%| F|  |TAMS 0x00000006d8000000, 0x00000006d8000000| Untracked 
| 865|0x00000006d8400000, 0x00000006d8400000, 0x00000006d8800000|  0%| F|  |TAMS 0x00000006d8400000, 0x00000006d8400000| Untracked 
| 866|0x00000006d8800000, 0x00000006d8800000, 0x00000006d8c00000|  0%| F|  |TAMS 0x00000006d8800000, 0x00000006d8800000| Untracked 
| 867|0x00000006d8c00000, 0x00000006d8c00000, 0x00000006d9000000|  0%| F|  |TAMS 0x00000006d8c00000, 0x00000006d8c00000| Untracked 
| 868|0x00000006d9000000, 0x00000006d9000000, 0x00000006d9400000|  0%| F|  |TAMS 0x00000006d9000000, 0x00000006d9000000| Untracked 
| 869|0x00000006d9400000, 0x00000006d9400000, 0x00000006d9800000|  0%| F|  |TAMS 0x00000006d9400000, 0x00000006d9400000| Untracked 
| 870|0x00000006d9800000, 0x00000006d9800000, 0x00000006d9c00000|  0%| F|  |TAMS 0x00000006d9800000, 0x00000006d9800000| Untracked 
| 871|0x00000006d9c00000, 0x00000006d9c00000, 0x00000006da000000|  0%| F|  |TAMS 0x00000006d9c00000, 0x00000006d9c00000| Untracked 
| 872|0x00000006da000000, 0x00000006da000000, 0x00000006da400000|  0%| F|  |TAMS 0x00000006da000000, 0x00000006da000000| Untracked 
| 873|0x00000006da400000, 0x00000006da400000, 0x00000006da800000|  0%| F|  |TAMS 0x00000006da400000, 0x00000006da400000| Untracked 
| 874|0x00000006da800000, 0x00000006da800000, 0x00000006dac00000|  0%| F|  |TAMS 0x00000006da800000, 0x00000006da800000| Untracked 
| 875|0x00000006dac00000, 0x00000006dac00000, 0x00000006db000000|  0%| F|  |TAMS 0x00000006dac00000, 0x00000006dac00000| Untracked 
| 876|0x00000006db000000, 0x00000006db000000, 0x00000006db400000|  0%| F|  |TAMS 0x00000006db000000, 0x00000006db000000| Untracked 
| 877|0x00000006db400000, 0x00000006db400000, 0x00000006db800000|  0%| F|  |TAMS 0x00000006db400000, 0x00000006db400000| Untracked 
| 878|0x00000006db800000, 0x00000006db800000, 0x00000006dbc00000|  0%| F|  |TAMS 0x00000006db800000, 0x00000006db800000| Untracked 
| 879|0x00000006dbc00000, 0x00000006dbc00000, 0x00000006dc000000|  0%| F|  |TAMS 0x00000006dbc00000, 0x00000006dbc00000| Untracked 
| 880|0x00000006dc000000, 0x00000006dc000000, 0x00000006dc400000|  0%| F|  |TAMS 0x00000006dc000000, 0x00000006dc000000| Untracked 
| 881|0x00000006dc400000, 0x00000006dc400000, 0x00000006dc800000|  0%| F|  |TAMS 0x00000006dc400000, 0x00000006dc400000| Untracked 
| 882|0x00000006dc800000, 0x00000006dc800000, 0x00000006dcc00000|  0%| F|  |TAMS 0x00000006dc800000, 0x00000006dc800000| Untracked 
| 883|0x00000006dcc00000, 0x00000006dcc00000, 0x00000006dd000000|  0%| F|  |TAMS 0x00000006dcc00000, 0x00000006dcc00000| Untracked 
| 884|0x00000006dd000000, 0x00000006dd000000, 0x00000006dd400000|  0%| F|  |TAMS 0x00000006dd000000, 0x00000006dd000000| Untracked 
| 885|0x00000006dd400000, 0x00000006dd400000, 0x00000006dd800000|  0%| F|  |TAMS 0x00000006dd400000, 0x00000006dd400000| Untracked 
| 886|0x00000006dd800000, 0x00000006dd800000, 0x00000006ddc00000|  0%| F|  |TAMS 0x00000006dd800000, 0x00000006dd800000| Untracked 
| 887|0x00000006ddc00000, 0x00000006ddc00000, 0x00000006de000000|  0%| F|  |TAMS 0x00000006ddc00000, 0x00000006ddc00000| Untracked 
| 888|0x00000006de000000, 0x00000006de000000, 0x00000006de400000|  0%| F|  |TAMS 0x00000006de000000, 0x00000006de000000| Untracked 
| 889|0x00000006de400000, 0x00000006de400000, 0x00000006de800000|  0%| F|  |TAMS 0x00000006de400000, 0x00000006de400000| Untracked 
| 890|0x00000006de800000, 0x00000006de800000, 0x00000006dec00000|  0%| F|  |TAMS 0x00000006de800000, 0x00000006de800000| Untracked 
| 891|0x00000006dec00000, 0x00000006dec00000, 0x00000006df000000|  0%| F|  |TAMS 0x00000006dec00000, 0x00000006dec00000| Untracked 
| 892|0x00000006df000000, 0x00000006df000000, 0x00000006df400000|  0%| F|  |TAMS 0x00000006df000000, 0x00000006df000000| Untracked 
| 893|0x00000006df400000, 0x00000006df400000, 0x00000006df800000|  0%| F|  |TAMS 0x00000006df400000, 0x00000006df400000| Untracked 
| 894|0x00000006df800000, 0x00000006df800000, 0x00000006dfc00000|  0%| F|  |TAMS 0x00000006df800000, 0x00000006df800000| Untracked 
| 895|0x00000006dfc00000, 0x00000006dfc00000, 0x00000006e0000000|  0%| F|  |TAMS 0x00000006dfc00000, 0x00000006dfc00000| Untracked 
| 896|0x00000006e0000000, 0x00000006e0000000, 0x00000006e0400000|  0%| F|  |TAMS 0x00000006e0000000, 0x00000006e0000000| Untracked 
| 897|0x00000006e0400000, 0x00000006e0400000, 0x00000006e0800000|  0%| F|  |TAMS 0x00000006e0400000, 0x00000006e0400000| Untracked 
| 898|0x00000006e0800000, 0x00000006e0800000, 0x00000006e0c00000|  0%| F|  |TAMS 0x00000006e0800000, 0x00000006e0800000| Untracked 
| 899|0x00000006e0c00000, 0x00000006e0c00000, 0x00000006e1000000|  0%| F|  |TAMS 0x00000006e0c00000, 0x00000006e0c00000| Untracked 
| 900|0x00000006e1000000, 0x00000006e1000000, 0x00000006e1400000|  0%| F|  |TAMS 0x00000006e1000000, 0x00000006e1000000| Untracked 
| 901|0x00000006e1400000, 0x00000006e1400000, 0x00000006e1800000|  0%| F|  |TAMS 0x00000006e1400000, 0x00000006e1400000| Untracked 
| 902|0x00000006e1800000, 0x00000006e1800000, 0x00000006e1c00000|  0%| F|  |TAMS 0x00000006e1800000, 0x00000006e1800000| Untracked 
| 903|0x00000006e1c00000, 0x00000006e1c00000, 0x00000006e2000000|  0%| F|  |TAMS 0x00000006e1c00000, 0x00000006e1c00000| Untracked 
| 904|0x00000006e2000000, 0x00000006e2000000, 0x00000006e2400000|  0%| F|  |TAMS 0x00000006e2000000, 0x00000006e2000000| Untracked 
| 905|0x00000006e2400000, 0x00000006e2400000, 0x00000006e2800000|  0%| F|  |TAMS 0x00000006e2400000, 0x00000006e2400000| Untracked 
| 906|0x00000006e2800000, 0x00000006e2800000, 0x00000006e2c00000|  0%| F|  |TAMS 0x00000006e2800000, 0x00000006e2800000| Untracked 
| 907|0x00000006e2c00000, 0x00000006e2c00000, 0x00000006e3000000|  0%| F|  |TAMS 0x00000006e2c00000, 0x00000006e2c00000| Untracked 
| 908|0x00000006e3000000, 0x00000006e3000000, 0x00000006e3400000|  0%| F|  |TAMS 0x00000006e3000000, 0x00000006e3000000| Untracked 
| 909|0x00000006e3400000, 0x00000006e3400000, 0x00000006e3800000|  0%| F|  |TAMS 0x00000006e3400000, 0x00000006e3400000| Untracked 
| 910|0x00000006e3800000, 0x00000006e3800000, 0x00000006e3c00000|  0%| F|  |TAMS 0x00000006e3800000, 0x00000006e3800000| Untracked 
| 911|0x00000006e3c00000, 0x00000006e3c00000, 0x00000006e4000000|  0%| F|  |TAMS 0x00000006e3c00000, 0x00000006e3c00000| Untracked 
| 912|0x00000006e4000000, 0x00000006e4000000, 0x00000006e4400000|  0%| F|  |TAMS 0x00000006e4000000, 0x00000006e4000000| Untracked 
| 913|0x00000006e4400000, 0x00000006e4400000, 0x00000006e4800000|  0%| F|  |TAMS 0x00000006e4400000, 0x00000006e4400000| Untracked 
| 914|0x00000006e4800000, 0x00000006e4800000, 0x00000006e4c00000|  0%| F|  |TAMS 0x00000006e4800000, 0x00000006e4800000| Untracked 
| 915|0x00000006e4c00000, 0x00000006e4c00000, 0x00000006e5000000|  0%| F|  |TAMS 0x00000006e4c00000, 0x00000006e4c00000| Untracked 
| 916|0x00000006e5000000, 0x00000006e5000000, 0x00000006e5400000|  0%| F|  |TAMS 0x00000006e5000000, 0x00000006e5000000| Untracked 
| 917|0x00000006e5400000, 0x00000006e5400000, 0x00000006e5800000|  0%| F|  |TAMS 0x00000006e5400000, 0x00000006e5400000| Untracked 

Card table byte_map: [0x00000132b0400000,0x00000132b1400000] _byte_map_base: 0x00000132ad400000

Marking Bits (Prev, Next): (CMBitMap*) 0x0000013285453c40, (CMBitMap*) 0x0000013285453c00
 Prev Bits: [0x00000132ba400000, 0x00000132c2400000)
 Next Bits: [0x00000132b2400000, 0x00000132ba400000)

Polling page: 0x0000013285490000

Metaspace:

Usage:
  Non-class:    236.53 MB used.
      Class:     36.01 MB used.
       Both:    272.54 MB used.

Virtual space:
  Non-class space:      256.00 MB reserved,     237.69 MB ( 93%) committed,  4 nodes.
      Class space:        1.00 GB reserved,      37.00 MB (  4%) committed,  1 nodes.
             Both:        1.25 GB reserved,     274.69 MB ( 21%) committed. 

Chunk freelists:
   Non-Class:  1.61 MB
       Class:  10.81 MB
        Both:  12.42 MB

MaxMetaspaceSize: 4.00 GB
CompressedClassSpaceSize: 1.00 GB
Initial GC threshold: 21.00 MB
Current GC threshold: 408.88 MB
CDS: on
MetaspaceReclaimPolicy: balanced
 - commit_granule_bytes: 65536.
 - commit_granule_words: 8192.
 - virtual_space_node_default_size: 8388608.
 - enlarge_chunks_in_place: 1.
 - new_chunks_are_fully_committed: 0.
 - uncommit_free_chunks: 1.
 - use_allocation_guard: 0.
 - handle_deallocations: 1.


Internal statistics:

num_allocs_failed_limit: 12.
num_arena_births: 3612.
num_arena_deaths: 152.
num_vsnodes_births: 5.
num_vsnodes_deaths: 0.
num_space_committed: 4394.
num_space_uncommitted: 2.
num_chunks_returned_to_freelist: 258.
num_chunks_taken_from_freelist: 16292.
num_chunk_merges: 65.
num_chunk_splits: 10604.
num_chunks_enlarged: 6625.
num_inconsistent_stats: 0.

CodeHeap 'non-profiled nmethods': size=259264Kb used=22876Kb max_used=22974Kb free=236387Kb
 bounds [0x000001329e830000, 0x000001329fea0000, 0x00000132ae560000]
CodeHeap 'profiled nmethods': size=259264Kb used=74709Kb max_used=74855Kb free=184554Kb
 bounds [0x000001328e560000, 0x0000013292e90000, 0x000001329e290000]
CodeHeap 'non-nmethods': size=5760Kb used=2783Kb max_used=2876Kb free=2976Kb
 bounds [0x000001329e290000, 0x000001329e570000, 0x000001329e830000]
 total_blobs=37043 nmethods=35669 adapters=1283
 compilation: enabled
              stopped_count=0, restarted_count=0
 full_count=0

Compilation events (20 events):
Event: 290.370 Thread 0x00000132c5156230 nmethod 48743 0x0000013291b0dc10 code [0x0000013291b0dee0, 0x0000013291b0f448]
Event: 290.370 Thread 0x00000132c5156230 48747       3       com.android.tools.r8.internal.ei4::a (19 bytes)
Event: 290.371 Thread 0x00000132c5156230 nmethod 48747 0x0000013291146690 code [0x0000013291146860, 0x0000013291146cc8]
Event: 290.371 Thread 0x00000132c5156230 48752       2       com.android.tools.r8.internal.kz::e (2 bytes)
Event: 290.371 Thread 0x00000132c5156230 nmethod 48752 0x0000013291196190 code [0x0000013291196320, 0x0000013291196438]
Event: 290.371 Thread 0x00000132c5156230 48746       2       com.android.tools.r8.internal.n7$$Lambda$9752/0x00000132c94a3378::<init> (38 bytes)
Event: 290.371 Thread 0x00000132c5156230 nmethod 48746 0x00000132914ce490 code [0x00000132914ce640, 0x00000132914ce938]
Event: 290.371 Thread 0x00000132c5156230 48745       2       com.android.tools.r8.internal.tq0::a (75 bytes)
Event: 290.372 Thread 0x00000132c5156230 nmethod 48745 0x0000013291363a90 code [0x0000013291363c60, 0x0000013291363f08]
Event: 290.372 Thread 0x00000132c5156230 48753       2       com.android.tools.r8.internal.oz::b (327 bytes)
Event: 290.374 Thread 0x00000132c5156230 nmethod 48753 0x00000132919f7d10 code [0x00000132919f7fc0, 0x00000132919f8748]
Event: 290.374 Thread 0x00000132c5156230 48754       2       com.android.tools.r8.internal.oz::a (79 bytes)
Event: 290.374 Thread 0x00000132c5156230 nmethod 48754 0x00000132919acf10 code [0x00000132919ad100, 0x00000132919ad4b8]
Event: 290.374 Thread 0x00000132c5156230 48755       2       com.android.tools.r8.internal.oz::s (44 bytes)
Event: 290.375 Thread 0x00000132c5156230 nmethod 48755 0x00000132911dd110 code [0x00000132911dd2a0, 0x00000132911dd3b8]
Event: 290.375 Thread 0x00000132c5156230 48756       2       com.android.tools.r8.internal.oz::b (35 bytes)
Event: 290.375 Thread 0x00000132c5156230 nmethod 48756 0x000001329110e490 code [0x000001329110e640, 0x000001329110e808]
Event: 290.375 Thread 0x00000132c5156230 48742       2       com.android.tools.r8.internal.ho1::a (103 bytes)
Event: 290.376 Thread 0x00000132c5156230 nmethod 48742 0x00000132919e3290 code [0x00000132919e3480, 0x00000132919e38c8]
Event: 290.376 Thread 0x00000132c5156230 48757       2       com.android.tools.r8.internal.n7::a (329 bytes)

GC Heap History (20 events):
Event: 260.785 GC heap after
{Heap after GC invocations=111 (full 0):
 garbage-first heap   total 3760128K, used 679487K [0x0000000600000000, 0x0000000800000000)
  region size 4096K, 4 young (16384K), 4 survivors (16384K)
 Metaspace       used 248705K, committed 250752K, reserved 1310720K
  class space    used 32721K, committed 33664K, reserved 1048576K
}
Event: 264.485 GC heap before
{Heap before GC invocations=111 (full 0):
 garbage-first heap   total 3760128K, used 1220159K [0x0000000600000000, 0x0000000800000000)
  region size 4096K, 136 young (557056K), 4 survivors (16384K)
 Metaspace       used 249032K, committed 251072K, reserved 1310720K
  class space    used 32751K, committed 33728K, reserved 1048576K
}
Event: 264.575 GC heap after
{Heap after GC invocations=112 (full 0):
 garbage-first heap   total 3760128K, used 697398K [0x0000000600000000, 0x0000000800000000)
  region size 4096K, 8 young (32768K), 8 survivors (32768K)
 Metaspace       used 249032K, committed 251072K, reserved 1310720K
  class space    used 32751K, committed 33728K, reserved 1048576K
}
Event: 267.774 GC heap before
{Heap before GC invocations=112 (full 0):
 garbage-first heap   total 3522560K, used 1115190K [0x0000000600000000, 0x0000000800000000)
  region size 4096K, 110 young (450560K), 8 survivors (32768K)
 Metaspace       used 248948K, committed 251200K, reserved 1310720K
  class space    used 32735K, committed 33728K, reserved 1048576K
}
Event: 267.860 GC heap after
{Heap after GC invocations=113 (full 0):
 garbage-first heap   total 3522560K, used 708968K [0x0000000600000000, 0x0000000800000000)
  region size 4096K, 5 young (20480K), 5 survivors (20480K)
 Metaspace       used 248948K, committed 251200K, reserved 1310720K
  class space    used 32735K, committed 33728K, reserved 1048576K
}
Event: 271.068 GC heap before
{Heap before GC invocations=114 (full 0):
 garbage-first heap   total 3522560K, used 1323368K [0x0000000600000000, 0x0000000800000000)
  region size 4096K, 155 young (634880K), 5 survivors (20480K)
 Metaspace       used 250520K, committed 252544K, reserved 1310720K
  class space    used 33002K, committed 33920K, reserved 1048576K
}
Event: 271.228 GC heap after
{Heap after GC invocations=115 (full 0):
 garbage-first heap   total 3522560K, used 728678K [0x0000000600000000, 0x0000000800000000)
  region size 4096K, 10 young (40960K), 10 survivors (40960K)
 Metaspace       used 250520K, committed 252544K, reserved 1310720K
  class space    used 33002K, committed 33920K, reserved 1048576K
}
Event: 271.442 GC heap before
{Heap before GC invocations=115 (full 0):
 garbage-first heap   total 3522560K, used 863846K [0x0000000600000000, 0x0000000800000000)
  region size 4096K, 43 young (176128K), 10 survivors (40960K)
 Metaspace       used 250522K, committed 252544K, reserved 1310720K
  class space    used 33002K, committed 33920K, reserved 1048576K
}
Event: 271.675 GC heap after
{Heap after GC invocations=116 (full 0):
 garbage-first heap   total 3522560K, used 705817K [0x0000000600000000, 0x0000000800000000)
  region size 4096K, 2 young (8192K), 2 survivors (8192K)
 Metaspace       used 250522K, committed 252544K, reserved 1310720K
  class space    used 33002K, committed 33920K, reserved 1048576K
}
Event: 276.401 GC heap before
{Heap before GC invocations=116 (full 0):
 garbage-first heap   total 3522560K, used 1373465K [0x0000000600000000, 0x0000000800000000)
  region size 4096K, 163 young (667648K), 2 survivors (8192K)
 Metaspace       used 255218K, committed 257280K, reserved 1310720K
  class space    used 33771K, committed 34752K, reserved 1048576K
}
Event: 276.492 GC heap after
{Heap after GC invocations=117 (full 0):
 garbage-first heap   total 3522560K, used 742463K [0x0000000600000000, 0x0000000800000000)
  region size 4096K, 10 young (40960K), 10 survivors (40960K)
 Metaspace       used 255218K, committed 257280K, reserved 1310720K
  class space    used 33771K, committed 34752K, reserved 1048576K
}
Event: 279.692 GC heap before
{Heap before GC invocations=117 (full 0):
 garbage-first heap   total 3522560K, used 1066047K [0x0000000600000000, 0x0000000800000000)
  region size 4096K, 90 young (368640K), 10 survivors (40960K)
 Metaspace       used 259070K, committed 261184K, reserved 1310720K
  class space    used 34334K, committed 35328K, reserved 1048576K
}
Event: 279.809 GC heap after
{Heap after GC invocations=118 (full 0):
 garbage-first heap   total 3522560K, used 761543K [0x0000000600000000, 0x0000000800000000)
  region size 4096K, 6 young (24576K), 6 survivors (24576K)
 Metaspace       used 259070K, committed 261184K, reserved 1310720K
  class space    used 34334K, committed 35328K, reserved 1048576K
}
Event: 285.794 GC heap before
{Heap before GC invocations=118 (full 0):
 garbage-first heap   total 3522560K, used 1466055K [0x0000000600000000, 0x0000000800000000)
  region size 4096K, 179 young (733184K), 6 survivors (24576K)
 Metaspace       used 272824K, committed 275008K, reserved 1310720K
  class space    used 36281K, committed 37312K, reserved 1048576K
}
Event: 285.874 GC heap after
{Heap after GC invocations=119 (full 0):
 garbage-first heap   total 3522560K, used 777320K [0x0000000600000000, 0x0000000800000000)
  region size 4096K, 9 young (36864K), 9 survivors (36864K)
 Metaspace       used 272824K, committed 275008K, reserved 1310720K
  class space    used 36281K, committed 37312K, reserved 1048576K
}
Event: 287.330 GC heap before
{Heap before GC invocations=119 (full 0):
 garbage-first heap   total 3522560K, used 1436776K [0x0000000600000000, 0x0000000800000000)
  region size 4096K, 170 young (696320K), 9 survivors (36864K)
 Metaspace       used 275570K, committed 277760K, reserved 1310720K
  class space    used 36521K, committed 37568K, reserved 1048576K
}
Event: 287.361 GC heap after
{Heap after GC invocations=120 (full 0):
 garbage-first heap   total 3522560K, used 782597K [0x0000000600000000, 0x0000000800000000)
  region size 4096K, 11 young (45056K), 11 survivors (45056K)
 Metaspace       used 275570K, committed 277760K, reserved 1310720K
  class space    used 36521K, committed 37568K, reserved 1048576K
}
Event: 289.005 GC heap before
{Heap before GC invocations=120 (full 0):
 garbage-first heap   total 3522560K, used 1757445K [0x0000000600000000, 0x0000000800000000)
  region size 4096K, 249 young (1019904K), 11 survivors (45056K)
 Metaspace       used 277622K, committed 279808K, reserved 1310720K
  class space    used 36676K, committed 37696K, reserved 1048576K
}
Event: 289.178 GC heap after
{Heap after GC invocations=121 (full 0):
 garbage-first heap   total 3522560K, used 791772K [0x0000000600000000, 0x0000000800000000)
  region size 4096K, 13 young (53248K), 13 survivors (53248K)
 Metaspace       used 277622K, committed 279808K, reserved 1310720K
  class space    used 36676K, committed 37696K, reserved 1048576K
}
Event: 290.382 GC heap before
{Heap before GC invocations=121 (full 0):
 garbage-first heap   total 3522560K, used 1369308K [0x0000000600000000, 0x0000000800000000)
  region size 4096K, 154 young (630784K), 13 survivors (53248K)
 Metaspace       used 279078K, committed 281280K, reserved 1310720K
  class space    used 36875K, committed 37888K, reserved 1048576K
}

Dll operation events (17 events):
Event: 0.020 Loaded shared library C:\Program Files\Eclipse Adoptium\jdk-17.0.20.8-hotspot\bin\java.dll
Event: 0.039 Loaded shared library C:\Program Files\Eclipse Adoptium\jdk-17.0.20.8-hotspot\bin\jsvml.dll
Event: 0.114 Loaded shared library C:\Program Files\Eclipse Adoptium\jdk-17.0.20.8-hotspot\bin\zip.dll
Event: 0.121 Loaded shared library C:\Program Files\Eclipse Adoptium\jdk-17.0.20.8-hotspot\bin\instrument.dll
Event: 0.130 Loaded shared library C:\Program Files\Eclipse Adoptium\jdk-17.0.20.8-hotspot\bin\net.dll
Event: 0.132 Loaded shared library C:\Program Files\Eclipse Adoptium\jdk-17.0.20.8-hotspot\bin\nio.dll
Event: 0.137 Loaded shared library C:\Program Files\Eclipse Adoptium\jdk-17.0.20.8-hotspot\bin\zip.dll
Event: 0.563 Loaded shared library C:\Program Files\Eclipse Adoptium\jdk-17.0.20.8-hotspot\bin\jimage.dll
Event: 0.856 Loaded shared library C:\Program Files\Eclipse Adoptium\jdk-17.0.20.8-hotspot\bin\verify.dll
Event: 0.898 Loaded shared library C:\Users\laiba\.gradle\native\1def1411415f61bf3af743bc5b6707747c0891f09f0c88961ee8f79bc544acac\windows-amd64\native-platform.dll
Event: 0.921 Loaded shared library C:\Users\laiba\.gradle\native\0.2.8\x86_64-windows-gnu\gradle-fileevents.dll
Event: 2.949 Loaded shared library C:\Program Files\Eclipse Adoptium\jdk-17.0.20.8-hotspot\bin\management.dll
Event: 2.953 Loaded shared library C:\Program Files\Eclipse Adoptium\jdk-17.0.20.8-hotspot\bin\management_ext.dll
Event: 3.450 Loaded shared library C:\Program Files\Eclipse Adoptium\jdk-17.0.20.8-hotspot\bin\extnet.dll
Event: 3.960 Loaded shared library C:\Program Files\Eclipse Adoptium\jdk-17.0.20.8-hotspot\bin\sunmscapi.dll
Event: 180.476 Loaded shared library C:\Program Files\Eclipse Adoptium\jdk-17.0.20.8-hotspot\bin\rmi.dll
Event: 283.387 Loaded shared library C:\Program Files\Eclipse Adoptium\jdk-17.0.20.8-hotspot\bin\awt.dll

Deoptimization events (20 events):
Event: 290.053 Thread 0x0000013321bf5c80 DEOPT PACKING pc=0x000001329fcf591c sp=0x000000286f5fe630
Event: 290.053 Thread 0x0000013321bf5c80 DEOPT UNPACKING pc=0x000001329e2e69a3 sp=0x000000286f5fe628 mode 2
Event: 290.053 Thread 0x0000013321bf5c80 Uncommon trap: trap_request=0xffffffde fr.pc=0x000001329fcf591c relative=0x00000000000050fc
Event: 290.054 Thread 0x0000013321bf5c80 Uncommon trap: reason=class_check action=maybe_recompile pc=0x000001329fcf591c method=com.android.tools.r8.ir.optimize.e0.a(Lcom/android/tools/r8/internal/yk4;Lcom/android/tools/r8/internal/z51;Lcom/android/tools/r8/internal/zc;Lcom/android/tools/r8/ir/op
Event: 290.054 Thread 0x0000013321bf5c80 DEOPT PACKING pc=0x000001329fcf591c sp=0x000000286f5fe630
Event: 290.054 Thread 0x0000013321bf5c80 DEOPT UNPACKING pc=0x000001329e2e69a3 sp=0x000000286f5fe628 mode 2
Event: 290.054 Thread 0x0000013321bf24d0 DEOPT PACKING pc=0x0000013292b12873 sp=0x000000286f7fe420
Event: 290.054 Thread 0x0000013321bf24d0 DEOPT UNPACKING pc=0x000001329e2e7143 sp=0x000000286f7fd930 mode 0
Event: 290.119 Thread 0x0000013321bf24d0 DEOPT PACKING pc=0x0000013292854dcc sp=0x000000286f7fdf50
Event: 290.119 Thread 0x0000013321bf70c0 DEOPT PACKING pc=0x0000013292854dcc sp=0x000000286fafd9d0
Event: 290.119 Thread 0x0000013321bf70c0 DEOPT UNPACKING pc=0x000001329e2e7143 sp=0x000000286fafd348 mode 0
Event: 290.121 Thread 0x0000013321bf24d0 DEOPT UNPACKING pc=0x000001329e2e7143 sp=0x000000286f7fd8c8 mode 0
Event: 290.173 Thread 0x0000013321bf66a0 DEOPT PACKING pc=0x0000013292c105f1 sp=0x000000286f9fdc40
Event: 290.173 Thread 0x0000013321bf66a0 DEOPT UNPACKING pc=0x000001329e2e7143 sp=0x000000286f9fd1a0 mode 0
Event: 290.176 Thread 0x0000013321bf66a0 DEOPT PACKING pc=0x0000013292c105f1 sp=0x000000286f9fdc40
Event: 290.176 Thread 0x0000013321bf66a0 DEOPT UNPACKING pc=0x000001329e2e7143 sp=0x000000286f9fd1a0 mode 0
Event: 290.178 Thread 0x0000013321bf66a0 DEOPT PACKING pc=0x0000013292c10693 sp=0x000000286f9fdc40
Event: 290.178 Thread 0x0000013321bf66a0 DEOPT UNPACKING pc=0x000001329e2e7143 sp=0x000000286f9fd1a8 mode 0
Event: 290.186 Thread 0x0000013321bf66a0 DEOPT PACKING pc=0x0000013292c105f1 sp=0x000000286f9fdc40
Event: 290.186 Thread 0x0000013321bf66a0 DEOPT UNPACKING pc=0x000001329e2e7143 sp=0x000000286f9fd1a0 mode 0

Classes loaded (20 events):
Event: 285.498 Loading class sun/awt/AppContext$PostShutdownEventRunnable
Event: 285.498 Loading class sun/awt/AppContext$PostShutdownEventRunnable done
Event: 285.512 Loading class java/util/IdentityHashMap$IdentityHashMapSpliterator done
Event: 285.515 Loading class java/util/IdentityHashMap$EntrySpliterator done
Event: 285.515 Loading class sun/awt/AWTAutoShutdown$1
Event: 285.515 Loading class sun/awt/AWTAutoShutdown$1 done
Event: 285.516 Loading class java/awt/AWTEvent$1
Event: 285.516 Loading class sun/awt/AWTAccessor$AWTEventAccessor
Event: 285.516 Loading class sun/awt/AWTAccessor$AWTEventAccessor done
Event: 285.516 Loading class java/awt/AWTEvent$1 done
Event: 285.624 Loading class java/util/SortedSet$1
Event: 285.625 Loading class java/util/SortedSet$1 done
Event: 285.899 Loading class java/util/concurrent/ConcurrentHashMap$TreeNode
Event: 285.901 Loading class java/util/concurrent/ConcurrentHashMap$TreeNode done
Event: 285.906 Loading class java/util/concurrent/ConcurrentHashMap$TreeBin
Event: 285.920 Loading class java/util/concurrent/ConcurrentHashMap$TreeBin done
Event: 285.924 Loading class java/util/IdentityHashMap$ValueSpliterator
Event: 285.925 Loading class java/util/IdentityHashMap$ValueSpliterator done
Event: 290.065 Loading class java/util/function/ObjIntConsumer
Event: 290.092 Loading class java/util/function/ObjIntConsumer done

Classes unloaded (20 events):
Event: 266.284 Thread 0x00000132c2687470 Unloading class 0x00000132c90b9400 'java/lang/invoke/LambdaForm$DMH+0x00000132c90b9400'
Event: 266.284 Thread 0x00000132c2687470 Unloading class 0x00000132c90b8800 'java/lang/invoke/LambdaForm$DMH+0x00000132c90b8800'
Event: 266.284 Thread 0x00000132c2687470 Unloading class 0x00000132c8b8c528 'androidx/annotation/experimental/lint/AnnotationRetentionDetector$Companion'
Event: 266.284 Thread 0x00000132c2687470 Unloading class 0x00000132c8b8c000 'androidx/annotation/experimental/lint/AnnotationRetentionDetector'
Event: 266.284 Thread 0x00000132c2687470 Unloading class 0x00000132c8b8ad20 'androidx/annotation/experimental/lint/ExperimentalDetector$Companion'
Event: 266.284 Thread 0x00000132c2687470 Unloading class 0x00000132c8b8a800 'androidx/annotation/experimental/lint/ExperimentalDetector'
Event: 266.284 Thread 0x00000132c2687470 Unloading class 0x00000132c8b89400 'androidx/annotation/experimental/lint/ExperimentalIssueRegistry'
Event: 266.284 Thread 0x00000132c2687470 Unloading class 0x00000132c8b88a00 'androidx/activity/lint/ActivityResultFragmentVersionDetector$createUastHandler$1'
Event: 266.284 Thread 0x00000132c2687470 Unloading class 0x00000132c8b88800 'androidx/activity/lint/ActivityResultFragmentVersionDetector$Companion'
Event: 266.284 Thread 0x00000132c2687470 Unloading class 0x00000132c8b86260 'androidx/activity/lint/ActivityResultFragmentVersionDetector'
Event: 266.284 Thread 0x00000132c2687470 Unloading class 0x00000132c8b86000 'androidx/activity/lint/ActivityIssueRegistry'
Event: 266.284 Thread 0x00000132c2687470 Unloading class 0x00000132c8b85000 'androidx/startup/lint/EnsureInitializerMetadataDetector$Companion'
Event: 266.284 Thread 0x00000132c2687470 Unloading class 0x00000132c8b82200 'androidx/startup/lint/EnsureInitializerMetadataDetector'
Event: 266.284 Thread 0x00000132c2687470 Unloading class 0x00000132c8b82000 'androidx/startup/lint/InitializerConstructorDetector$Companion'
Event: 266.284 Thread 0x00000132c2687470 Unloading class 0x00000132c8b81260 'androidx/startup/lint/InitializerConstructorDetector'
Event: 266.284 Thread 0x00000132c2687470 Unloading class 0x00000132c8b81000 'androidx/startup/lint/StartupRuntimeIssueRegistry'
Event: 266.284 Thread 0x00000132c2687470 Unloading class 0x00000132c8b40200 'androidx/lifecycle/lint/NonNullableMutableLiveDataDetector$createUastHandler$1'
Event: 266.285 Thread 0x00000132c2687470 Unloading class 0x00000132c8b40000 'androidx/lifecycle/lint/NonNullableMutableLiveDataDetector$Companion'
Event: 266.285 Thread 0x00000132c2687470 Unloading class 0x00000132c8b38a60 'androidx/lifecycle/lint/NonNullableMutableLiveDataDetector'
Event: 266.285 Thread 0x00000132c2687470 Unloading class 0x00000132c8b38800 'androidx/lifecycle/lint/LiveDataCoreIssueRegistry'

Classes redefined (0 events):
No events

Internal exceptions (20 events):
Event: 285.596 Thread 0x0000013321bf66a0 Exception <a 'java/lang/NoSuchMethodError'{0x00000006b230cae0}: 'void java.lang.invoke.DirectMethodHandle$Holder.invokeStatic(java.lang.Object, java.lang.Object, java.lang.Object, java.lang.Object, java.lang.Object, java.lang.Object, java.lang.Object, java.lang.Object, java.lang.Object, java.lang.Object)'> (0x00000006b230cae0) 
thrown [s\src\hotspot\share\interpreter\linkResolver.cpp, line 759]
Event: 285.722 Thread 0x0000013321bf5770 Exception <a 'java/lang/NoSuchMethodError'{0x00000006abe4d290}: 'java.lang.Object java.lang.invoke.DirectMethodHandle$Holder.invokeStatic(java.lang.Object, int, java.lang.Object, int, java.lang.Object)'> (0x00000006abe4d290) 
thrown [s\src\hotspot\share\interpreter\linkResolver.cpp, line 759]
Event: 285.722 Thread 0x0000013321bf66a0 Exception <a 'java/lang/NoSuchMethodError'{0x00000006abf29760}: 'java.lang.Object java.lang.invoke.DirectMethodHandle$Holder.invokeStatic(java.lang.Object, int, java.lang.Object, int, java.lang.Object)'> (0x00000006abf29760) 
thrown [s\src\hotspot\share\interpreter\linkResolver.cpp, line 759]
Event: 285.727 Thread 0x0000013321bf4d50 Exception <a 'java/lang/NoSuchMethodError'{0x00000006ac754490}: 'java.lang.Object java.lang.invoke.DirectMethodHandle$Holder.invokeStatic(java.lang.Object, int, java.lang.Object)'> (0x00000006ac754490) 
thrown [s\src\hotspot\share\interpreter\linkResolver.cpp, line 759]
Event: 285.727 Thread 0x0000013321bef740 Exception <a 'java/lang/NoSuchMethodError'{0x00000006ab37ae10}: 'java.lang.Object java.lang.invoke.DirectMethodHandle$Holder.invokeStatic(java.lang.Object, int, int, java.lang.Object)'> (0x00000006ab37ae10) 
thrown [s\src\hotspot\share\interpreter\linkResolver.cpp, line 759]
Event: 285.749 Thread 0x0000013321bef740 Exception <a 'java/lang/NoSuchMethodError'{0x00000006ab397f48}: 'java.lang.Object java.lang.invoke.DirectMethodHandle$Holder.newInvokeSpecial(java.lang.Object, java.lang.Object, java.lang.Object, int, int)'> (0x00000006ab397f48) 
thrown [s\src\hotspot\share\interpreter\linkResolver.cpp, line 759]
Event: 285.750 Thread 0x0000013321bef740 Exception <a 'java/lang/NoSuchMethodError'{0x00000006ab39c000}: 'java.lang.Object java.lang.invoke.DirectMethodHandle$Holder.invokeSpecial(java.lang.Object, java.lang.Object, java.lang.Object, java.lang.Object, int, int)'> (0x00000006ab39c000) 
thrown [s\src\hotspot\share\interpreter\linkResolver.cpp, line 759]
Event: 285.958 Thread 0x0000013321bf3400 Exception <a 'java/lang/NoSuchMethodError'{0x00000006e3e0ea08}: 'java.lang.Object java.lang.invoke.DirectMethodHandle$Holder.newInvokeSpecial(java.lang.Object, java.lang.Object, java.lang.Object, java.lang.Object, int, java.lang.Object, java.lang.Object)'> (0x00000006e3e0ea08) 
thrown [s\src\hotspot\share\interpreter\linkResolver.cpp, line 759]
Event: 285.960 Thread 0x0000013321bf3400 Exception <a 'java/lang/NoSuchMethodError'{0x00000006e3e13660}: 'java.lang.Object java.lang.invoke.DirectMethodHandle$Holder.invokeSpecial(java.lang.Object, java.lang.Object, java.lang.Object, java.lang.Object, java.lang.Object, int, java.lang.Object, java.lang.Object)'> (0x00000006e3e13660) 
thrown [s\src\hotspot\share\interpreter\linkResolver.cpp, line 759]
Event: 287.247 Thread 0x000001330fa7a420 Exception <a 'java/lang/NoSuchMethodError'{0x00000006b833ffc8}: 'java.lang.Object java.lang.invoke.DirectMethodHandle$Holder.invokeStatic(java.lang.Object, java.lang.Object, java.lang.Object, int, java.lang.Object, java.lang.Object, java.lang.Object)'> (0x00000006b833ffc8) 
thrown [s\src\hotspot\share\interpreter\linkResolver.cpp, line 759]
Event: 287.973 Thread 0x0000013321bf6bb0 Exception <a 'java/lang/NoSuchMethodError'{0x00000006bd120928}: 'int java.lang.invoke.DirectMethodHandle$Holder.invokeSpecial(java.lang.Object, java.lang.Object, int, int)'> (0x00000006bd120928) 
thrown [s\src\hotspot\share\interpreter\linkResolver.cpp, line 759]
Event: 288.595 Thread 0x0000013321bf5260 Implicit null exception at 0x000001329ef8bbd0 to 0x000001329ef8bbef
Event: 290.095 Thread 0x0000013321bf1fc0 Exception <a 'java/lang/NoSuchMethodError'{0x00000006bf3a94e0}: 'void java.lang.invoke.DirectMethodHandle$Holder.invokeStatic(java.lang.Object, java.lang.Object, java.lang.Object, java.lang.Object, int)'> (0x00000006bf3a94e0) 
thrown [s\src\hotspot\share\interpreter\linkResolver.cpp, line 759]
Event: 290.095 Thread 0x0000013321bf70c0 Exception <a 'java/lang/NoSuchMethodError'{0x00000006bcd7cf18}: 'void java.lang.invoke.DirectMethodHandle$Holder.invokeStatic(java.lang.Object, java.lang.Object, java.lang.Object, java.lang.Object, int)'> (0x00000006bcd7cf18) 
thrown [s\src\hotspot\share\interpreter\linkResolver.cpp, line 759]
Event: 290.095 Thread 0x0000013321bf4d50 Exception <a 'java/lang/NoSuchMethodError'{0x00000006bc9b8210}: 'void java.lang.invoke.DirectMethodHandle$Holder.invokeStatic(java.lang.Object, java.lang.Object, java.lang.Object, java.lang.Object, int)'> (0x00000006bc9b8210) 
thrown [s\src\hotspot\share\interpreter\linkResolver.cpp, line 759]
Event: 290.095 Thread 0x0000013321bf5260 Exception <a 'java/lang/NoSuchMethodError'{0x00000006bcaea810}: 'void java.lang.invoke.DirectMethodHandle$Holder.invokeStatic(java.lang.Object, java.lang.Object, java.lang.Object, java.lang.Object, int)'> (0x00000006bcaea810) 
thrown [s\src\hotspot\share\interpreter\linkResolver.cpp, line 759]
Event: 290.095 Thread 0x0000013321bf3400 Exception <a 'java/lang/NoSuchMethodError'{0x00000006bc41ef68}: 'void java.lang.invoke.DirectMethodHandle$Holder.invokeStatic(java.lang.Object, java.lang.Object, java.lang.Object, java.lang.Object, int)'> (0x00000006bc41ef68) 
thrown [s\src\hotspot\share\interpreter\linkResolver.cpp, line 759]
Event: 290.096 Thread 0x0000013321bf5770 Exception <a 'java/lang/NoSuchMethodError'{0x00000006bc6d67c0}: 'void java.lang.invoke.DirectMethodHandle$Holder.invokeStatic(java.lang.Object, java.lang.Object, java.lang.Object, java.lang.Object, int)'> (0x00000006bc6d67c0) 
thrown [s\src\hotspot\share\interpreter\linkResolver.cpp, line 759]
Event: 290.096 Thread 0x0000013321bef740 Exception <a 'java/lang/NoSuchMethodError'{0x00000006bc804f20}: 'void java.lang.invoke.DirectMethodHandle$Holder.invokeStatic(java.lang.Object, java.lang.Object, java.lang.Object, java.lang.Object, int)'> (0x00000006bc804f20) 
thrown [s\src\hotspot\share\interpreter\linkResolver.cpp, line 759]
Event: 290.096 Thread 0x0000013321bf66a0 Exception <a 'java/lang/NoSuchMethodError'{0x00000006bc90cd18}: 'void java.lang.invoke.DirectMethodHandle$Holder.invokeStatic(java.lang.Object, java.lang.Object, java.lang.Object, java.lang.Object, int)'> (0x00000006bc90cd18) 
thrown [s\src\hotspot\share\interpreter\linkResolver.cpp, line 759]

VM Operations (20 events):
Event: 289.189 Executing VM operation: G1CollectForAllocation done
Event: 289.504 Executing VM operation: HandshakeAllThreads
Event: 289.557 Executing VM operation: HandshakeAllThreads done
Event: 289.726 Executing VM operation: ICBufferFull
Event: 289.727 Executing VM operation: ICBufferFull done
Event: 289.934 Executing VM operation: HandshakeAllThreads
Event: 289.942 Executing VM operation: HandshakeAllThreads done
Event: 289.952 Executing VM operation: HandshakeAllThreads
Event: 289.953 Executing VM operation: HandshakeAllThreads done
Event: 289.968 Executing VM operation: HandshakeAllThreads
Event: 289.969 Executing VM operation: HandshakeAllThreads done
Event: 289.975 Executing VM operation: ICBufferFull
Event: 289.976 Executing VM operation: ICBufferFull done
Event: 290.003 Executing VM operation: HandshakeAllThreads
Event: 290.004 Executing VM operation: HandshakeAllThreads done
Event: 290.118 Executing VM operation: HandshakeAllThreads
Event: 290.119 Executing VM operation: HandshakeAllThreads done
Event: 290.226 Executing VM operation: ICBufferFull
Event: 290.233 Executing VM operation: ICBufferFull done
Event: 290.379 Executing VM operation: G1CollectForAllocation

Memory protections (0 events):
No events

Nmethod flushes (20 events):
Event: 290.371 Thread 0x00000132c51638e0 flushing  nmethod 0x0000013291b54a10
Event: 290.371 Thread 0x00000132c51638e0 flushing  nmethod 0x0000013291b6ad90
Event: 290.371 Thread 0x00000132c51638e0 flushing  nmethod 0x0000013291b74790
Event: 290.372 Thread 0x00000132c51638e0 flushing  nmethod 0x0000013291b8e590
Event: 290.372 Thread 0x00000132c51638e0 flushing  nmethod 0x0000013291b90310
Event: 290.372 Thread 0x00000132c51638e0 flushing  nmethod 0x0000013291ba2d90
Event: 290.372 Thread 0x00000132c51638e0 flushing  nmethod 0x0000013291ba4010
Event: 290.373 Thread 0x00000132c51638e0 flushing  nmethod 0x0000013291bd3110
Event: 290.373 Thread 0x00000132c51638e0 flushing  nmethod 0x0000013291bf4890
Event: 290.374 Thread 0x00000132c51638e0 flushing  nmethod 0x0000013291c2a190
Event: 290.375 Thread 0x00000132c51638e0 flushing  nmethod 0x0000013291c50690
Event: 290.376 Thread 0x00000132c51638e0 flushing  nmethod 0x0000013291c8c590
Event: 290.377 Thread 0x00000132c51638e0 flushing  nmethod 0x0000013291ca6f90
Event: 290.377 Thread 0x00000132c51638e0 flushing  nmethod 0x0000013291cab490
Event: 290.377 Thread 0x00000132c51638e0 flushing  nmethod 0x0000013291cb3d10
Event: 290.377 Thread 0x00000132c51638e0 flushing  nmethod 0x0000013291cb6510
Event: 290.378 Thread 0x00000132c51638e0 flushing  nmethod 0x0000013291cf8110
Event: 290.378 Thread 0x00000132c51638e0 flushing  nmethod 0x0000013291d08890
Event: 290.378 Thread 0x00000132c51638e0 flushing  nmethod 0x0000013291d09290
Event: 290.379 Thread 0x00000132c51638e0 flushing  nmethod 0x0000013291d49a10

Events (20 events):
Event: 269.570 Thread 0x00000133105b9a90 Thread exited: 0x00000133105b9a90
Event: 269.570 Thread 0x00000133105b9fa0 Thread exited: 0x00000133105b9fa0
Event: 269.590 Thread 0x00000133172cfda0 Thread exited: 0x00000133172cfda0
Event: 270.131 Thread 0x000001330fa7f520 Thread added: 0x0000013320580f10
Event: 270.133 Thread 0x0000013320580f10 Thread exited: 0x0000013320580f10
Event: 270.736 Thread 0x000001330fa80e70 Thread added: 0x00000133105b5dd0
Event: 270.748 Thread 0x00000133105b5dd0 Thread exited: 0x00000133105b5dd0
Event: 271.711 Thread 0x000001330fa80e70 Thread added: 0x00000133192497a0
Event: 271.963 Thread 0x000001330fa7f520 Thread added: 0x0000013319249cb0
Event: 271.993 Thread 0x0000013319249cb0 Thread exited: 0x0000013319249cb0
Event: 275.627 Thread 0x00000133172cf890 Thread exited: 0x00000133172cf890
Event: 275.627 Thread 0x0000013317eee920 Thread exited: 0x0000013317eee920
Event: 275.923 Thread 0x000001330fa7a420 Thread added: 0x0000013322913760
Event: 275.979 Thread 0x000001330fa7a420 Thread added: 0x0000013322914690
Event: 276.731 Thread 0x00000133192497a0 Thread exited: 0x00000133192497a0
Event: 283.830 Thread 0x000001330fa7a420 Thread added: 0x0000013320334eb0
Event: 283.832 Thread 0x000001330fa7a420 Thread added: 0x0000013320335de0
Event: 283.836 Thread 0x000001330fa7a420 Thread added: 0x00000133203353c0
Event: 285.517 Thread 0x0000013320335de0 Thread exited: 0x0000013320335de0
Event: 287.794 Thread 0x000001330fa81890 Thread exited: 0x000001330fa81890


Dynamic libraries:
0x00007ff700050000 - 0x00007ff70005e000 	C:\Program Files\Eclipse Adoptium\jdk-17.0.20.8-hotspot\bin\java.exe
0x00007fffef900000 - 0x00007fffefb66000 	C:\WINDOWS\SYSTEM32\ntdll.dll
0x00007fffeed80000 - 0x00007fffeee49000 	C:\WINDOWS\System32\KERNEL32.DLL
0x00007fffecc40000 - 0x00007fffed03f000 	C:\WINDOWS\System32\KERNELBASE.dll
0x00007fffed330000 - 0x00007fffed47c000 	C:\WINDOWS\System32\ucrtbase.dll
0x00007fffdec80000 - 0x00007fffdec98000 	C:\Program Files\Eclipse Adoptium\jdk-17.0.20.8-hotspot\bin\jli.dll
0x00007fffdeca0000 - 0x00007fffdecbe000 	C:\Program Files\Eclipse Adoptium\jdk-17.0.20.8-hotspot\bin\VCRUNTIME140.dll
0x00007fffee160000 - 0x00007fffee326000 	C:\WINDOWS\System32\USER32.dll
0x00007fffed490000 - 0x00007fffed4b7000 	C:\WINDOWS\System32\win32u.dll
0x00007fffdbae0000 - 0x00007fffdbd71000 	C:\WINDOWS\WinSxS\amd64_microsoft.windows.common-controls_6595b64144ccf1df_6.0.26100.8972_none_3e0da176e32f9d4b\COMCTL32.dll
0x00007fffeddb0000 - 0x00007fffedddb000 	C:\WINDOWS\System32\GDI32.dll
0x00007fffed630000 - 0x00007fffed6d9000 	C:\WINDOWS\System32\msvcrt.dll
0x00007fffecb10000 - 0x00007fffecc39000 	C:\WINDOWS\System32\gdi32full.dll
0x00007fffed580000 - 0x00007fffed623000 	C:\WINDOWS\System32\msvcp_win.dll
0x00007fffee390000 - 0x00007fffee3c2000 	C:\WINDOWS\System32\IMM32.DLL
0x00007fffe7a20000 - 0x00007fffe7a2c000 	C:\Program Files\Eclipse Adoptium\jdk-17.0.20.8-hotspot\bin\vcruntime140_1.dll
0x00007fffdebf0000 - 0x00007fffdec7d000 	C:\Program Files\Eclipse Adoptium\jdk-17.0.20.8-hotspot\bin\msvcp140.dll
0x00007fff79080000 - 0x00007fff79cec000 	C:\Program Files\Eclipse Adoptium\jdk-17.0.20.8-hotspot\bin\server\jvm.dll
0x00007fffedbe0000 - 0x00007fffedc9c000 	C:\WINDOWS\System32\ADVAPI32.dll
0x00007fffef810000 - 0x00007fffef8ba000 	C:\WINDOWS\System32\sechost.dll
0x00007fffee040000 - 0x00007fffee158000 	C:\WINDOWS\System32\RPCRT4.dll
0x00007fffee560000 - 0x00007fffee5e2000 	C:\WINDOWS\System32\WS2_32.dll
0x00007fffec990000 - 0x00007fffec9ee000 	C:\WINDOWS\SYSTEM32\POWRPROF.dll
0x00007fffe6240000 - 0x00007fffe624b000 	C:\WINDOWS\SYSTEM32\VERSION.dll
0x00007fffe2d50000 - 0x00007fffe2d86000 	C:\WINDOWS\SYSTEM32\WINMM.dll
0x00007fffec970000 - 0x00007fffec985000 	C:\WINDOWS\SYSTEM32\UMPDC.dll
0x00007fffeb7c0000 - 0x00007fffeb7db000 	C:\WINDOWS\SYSTEM32\kernel.appcore.dll
0x00007fffe7950000 - 0x00007fffe795a000 	C:\Program Files\Eclipse Adoptium\jdk-17.0.20.8-hotspot\bin\jimage.dll
0x00007fffe3c70000 - 0x00007fffe3eb2000 	C:\WINDOWS\SYSTEM32\DBGHELP.DLL
0x00007fffed850000 - 0x00007fffedbd5000 	C:\WINDOWS\System32\combase.dll
0x00007fffee480000 - 0x00007fffee559000 	C:\WINDOWS\System32\OLEAUT32.dll
0x00007fffdc180000 - 0x00007fffdc1bb000 	C:\WINDOWS\SYSTEM32\dbgcore.DLL
0x00007fffed050000 - 0x00007fffed0fc000 	C:\WINDOWS\System32\bcryptPrimitives.dll
0x00007fffcab90000 - 0x00007fffcab9e000 	C:\Program Files\Eclipse Adoptium\jdk-17.0.20.8-hotspot\bin\instrument.dll
0x00007fffdebc0000 - 0x00007fffdebe5000 	C:\Program Files\Eclipse Adoptium\jdk-17.0.20.8-hotspot\bin\java.dll
0x00007fffdeae0000 - 0x00007fffdebb7000 	C:\Program Files\Eclipse Adoptium\jdk-17.0.20.8-hotspot\bin\jsvml.dll
0x00007fffee5f0000 - 0x00007fffeed78000 	C:\WINDOWS\System32\SHELL32.dll
0x00007fffea5a0000 - 0x00007fffeae3b000 	C:\WINDOWS\SYSTEM32\windows.storage.dll
0x00007fffeee50000 - 0x00007fffeef49000 	C:\WINDOWS\System32\SHCORE.dll
0x00007fffee3d0000 - 0x00007fffee436000 	C:\WINDOWS\System32\shlwapi.dll
0x00007fffeca30000 - 0x00007fffeca59000 	C:\WINDOWS\SYSTEM32\profapi.dll
0x00007fffcac00000 - 0x00007fffcac18000 	C:\Program Files\Eclipse Adoptium\jdk-17.0.20.8-hotspot\bin\zip.dll
0x00007fffdea40000 - 0x00007fffdea5a000 	C:\Program Files\Eclipse Adoptium\jdk-17.0.20.8-hotspot\bin\net.dll
0x00007fffe55f0000 - 0x00007fffe5718000 	C:\WINDOWS\SYSTEM32\WINHTTP.dll
0x00007fffebd50000 - 0x00007fffebdbc000 	C:\WINDOWS\system32\mswsock.dll
0x00007fffcac20000 - 0x00007fffcac36000 	C:\Program Files\Eclipse Adoptium\jdk-17.0.20.8-hotspot\bin\nio.dll
0x00007fffe6fb0000 - 0x00007fffe6fc0000 	C:\Program Files\Eclipse Adoptium\jdk-17.0.20.8-hotspot\bin\verify.dll
0x00007fffcabb0000 - 0x00007fffcabd7000 	C:\Users\laiba\.gradle\native\1def1411415f61bf3af743bc5b6707747c0891f09f0c88961ee8f79bc544acac\windows-amd64\native-platform.dll
0x00007fffcab10000 - 0x00007fffcab87000 	C:\Users\laiba\.gradle\native\0.2.8\x86_64-windows-gnu\gradle-fileevents.dll
0x00007fffcabf0000 - 0x00007fffcabfa000 	C:\Program Files\Eclipse Adoptium\jdk-17.0.20.8-hotspot\bin\management.dll
0x00007fffcabe0000 - 0x00007fffcabec000 	C:\Program Files\Eclipse Adoptium\jdk-17.0.20.8-hotspot\bin\management_ext.dll
0x00007fffee380000 - 0x00007fffee388000 	C:\WINDOWS\System32\PSAPI.DLL
0x00007fffeb170000 - 0x00007fffeb1a3000 	C:\WINDOWS\SYSTEM32\IPHLPAPI.DLL
0x00007fffef190000 - 0x00007fffef19a000 	C:\WINDOWS\System32\NSI.dll
0x00007fffe5740000 - 0x00007fffe575d000 	C:\WINDOWS\SYSTEM32\dhcpcsvc6.DLL
0x00007fffe5440000 - 0x00007fffe5465000 	C:\WINDOWS\SYSTEM32\dhcpcsvc.DLL
0x00007fffeb1b0000 - 0x00007fffeb308000 	C:\WINDOWS\SYSTEM32\DNSAPI.dll
0x00007fffebb50000 - 0x00007fffebb5d000 	C:\WINDOWS\SYSTEM32\DSPARSE.dll
0x00007fffcaba0000 - 0x00007fffcaba9000 	C:\Program Files\Eclipse Adoptium\jdk-17.0.20.8-hotspot\bin\extnet.dll
0x00007fffec170000 - 0x00007fffec18b000 	C:\WINDOWS\SYSTEM32\CRYPTSP.dll
0x00007fffeb720000 - 0x00007fffeb759000 	C:\WINDOWS\system32\rsaenh.dll
0x00007fffebe00000 - 0x00007fffebe32000 	C:\WINDOWS\SYSTEM32\USERENV.dll
0x00007fffeca00000 - 0x00007fffeca2a000 	C:\WINDOWS\SYSTEM32\bcrypt.dll
0x00007fffebfb0000 - 0x00007fffebfbc000 	C:\WINDOWS\SYSTEM32\CRYPTBASE.dll
0x00007fffcab00000 - 0x00007fffcab0e000 	C:\Program Files\Eclipse Adoptium\jdk-17.0.20.8-hotspot\bin\sunmscapi.dll
0x00007fffed1a0000 - 0x00007fffed31e000 	C:\WINDOWS\System32\CRYPT32.dll
0x00007fffec2e0000 - 0x00007fffec310000 	C:\WINDOWS\SYSTEM32\ncrypt.dll
0x00007fffec290000 - 0x00007fffec2cf000 	C:\WINDOWS\SYSTEM32\NTASN1.dll
0x00007fffe6300000 - 0x00007fffe6308000 	C:\WINDOWS\system32\wshunix.dll
0x00007fffeb8f0000 - 0x00007fffeb926000 	C:\WINDOWS\SYSTEM32\ntmarta.dll
0x00007fffcac40000 - 0x00007fffcac47000 	C:\Program Files\Eclipse Adoptium\jdk-17.0.20.8-hotspot\bin\rmi.dll
0x00007fffe99b0000 - 0x00007fffe9a4f000 	C:\WINDOWS\system32\apphelp.dll
0x00007fffe0150000 - 0x00007fffe015b000 	C:\Windows\System32\rasadhlp.dll
0x00007fffe38f0000 - 0x00007fffe3976000 	C:\WINDOWS\System32\fwpuclnt.dll
0x00007fff97790000 - 0x00007fff97921000 	C:\Program Files\Eclipse Adoptium\jdk-17.0.20.8-hotspot\bin\awt.dll
0x00007fffe9a60000 - 0x00007fffe9b08000 	C:\WINDOWS\system32\uxtheme.dll
0x00007fffed6e0000 - 0x00007fffed83d000 	C:\WINDOWS\System32\MSCTF.dll
0x00007fffef630000 - 0x00007fffef7c9000 	C:\WINDOWS\System32\ole32.dll

dbghelp: loaded successfully - version: 4.0.5 - missing functions: none
symbol engine: initialized successfully - sym options: 0x614 - pdb path: .;C:\Program Files\Eclipse Adoptium\jdk-17.0.20.8-hotspot\bin;C:\WINDOWS\SYSTEM32;C:\WINDOWS\WinSxS\amd64_microsoft.windows.common-controls_6595b64144ccf1df_6.0.26100.8972_none_3e0da176e32f9d4b;C:\Program Files\Eclipse Adoptium\jdk-17.0.20.8-hotspot\bin\server;C:\Users\laiba\.gradle\native\1def1411415f61bf3af743bc5b6707747c0891f09f0c88961ee8f79bc544acac\windows-amd64;C:\Users\laiba\.gradle\native\0.2.8\x86_64-windows-gnu

VM Arguments:
jvm_args: --add-opens=java.base/java.lang=ALL-UNNAMED --add-opens=java.base/java.lang.invoke=ALL-UNNAMED --add-opens=java.base/java.util=ALL-UNNAMED --add-opens=java.prefs/java.util.prefs=ALL-UNNAMED --add-exports=jdk.compiler/com.sun.tools.javac.api=ALL-UNNAMED --add-exports=jdk.compiler/com.sun.tools.javac.util=ALL-UNNAMED --add-opens=java.base/java.util=ALL-UNNAMED --add-opens=java.prefs/java.util.prefs=ALL-UNNAMED --add-opens=java.base/java.nio.charset=ALL-UNNAMED --add-opens=java.base/java.net=ALL-UNNAMED --add-opens=java.base/java.util.concurrent=ALL-UNNAMED --add-opens=java.base/java.util.concurrent.atomic=ALL-UNNAMED --add-opens=java.xml/javax.xml.namespace=ALL-UNNAMED --add-opens=java.base/java.time=ALL-UNNAMED -XX:MaxMetaspaceSize=4G -XX:ReservedCodeCacheSize=512m -XX:+HeapDumpOnOutOfMemoryError -Xmx8G -Dfile.encoding=windows-1252 -Duser.country=US -Duser.language=en -Duser.variant -javaagent:C:\Users\laiba\.gradle\wrapper\dists\gradle-9.1.0-all\7wzd0jkjit61aq2p43wpjgij9\gradle-9.1.0\lib\agents\gradle-instrumentation-agent-9.1.0.jar 
java_command: org.gradle.launcher.daemon.bootstrap.GradleDaemon 9.1.0
java_class_path (initial): C:\Users\laiba\.gradle\wrapper\dists\gradle-9.1.0-all\7wzd0jkjit61aq2p43wpjgij9\gradle-9.1.0\lib\gradle-daemon-main-9.1.0.jar
Launcher Type: SUN_STANDARD

[Global flags]
     intx CICompilerCount                          = 4                                         {product} {ergonomic}
     uint ConcGCThreads                            = 3                                         {product} {ergonomic}
     uint G1ConcRefinementThreads                  = 10                                        {product} {ergonomic}
   size_t G1HeapRegionSize                         = 4194304                                   {product} {ergonomic}
    uintx GCDrainStackTargetSize                   = 64                                        {product} {ergonomic}
     bool HeapDumpOnOutOfMemoryError               = true                                   {manageable} {command line}
   size_t InitialHeapSize                          = 125829120                                 {product} {ergonomic}
   size_t MarkStackSize                            = 4194304                                   {product} {ergonomic}
   size_t MaxHeapSize                              = 8589934592                                {product} {command line}
   size_t MaxMetaspaceSize                         = 4294967296                                {product} {command line}
   size_t MaxNewSize                               = 5150605312                                {product} {ergonomic}
   size_t MinHeapDeltaBytes                        = 4194304                                   {product} {ergonomic}
   size_t MinHeapSize                              = 8388608                                   {product} {ergonomic}
    uintx NonNMethodCodeHeapSize                   = 5839372                                {pd product} {ergonomic}
    uintx NonProfiledCodeHeapSize                  = 265515770                              {pd product} {ergonomic}
    uintx ProfiledCodeHeapSize                     = 265515770                              {pd product} {ergonomic}
    uintx ReservedCodeCacheSize                    = 536870912                              {pd product} {command line}
     bool SegmentedCodeCache                       = true                                      {product} {ergonomic}
   size_t SoftMaxHeapSize                          = 8589934592                             {manageable} {ergonomic}
   double SweeperThreshold                         = 0.234375                                  {product} {ergonomic}
     bool UseCompressedClassPointers               = true                           {product lp64_product} {ergonomic}
     bool UseCompressedOops                        = true                           {product lp64_product} {ergonomic}
     bool UseG1GC                                  = true                                      {product} {ergonomic}
     bool UseLargePagesIndividualAllocation        = false                                  {pd product} {ergonomic}

Logging:
Log output configuration:
 #0: stdout all=warning uptime,level,tags
 #1: stderr all=off uptime,level,tags

Environment Variables:
JAVA_HOME=C:\Program Files\Eclipse Adoptium\jdk-17.0.20.8-hotspot
CLASSPATH=C:\Users\laiba\CareConnect\android\\gradle\wrapper\gradle-wrapper.jar
PATH=C:\Program Files\Eclipse Adoptium\jdk-17.0.20.8-hotspot\bin;C:\Users\laiba\bin;C:\Program Files\Git\mingw64\bin;C:\Program Files\Git\usr\local\bin;C:\Program Files\Git\usr\bin;C:\Program Files\Git\usr\bin;C:\Program Files\Git\mingw64\bin;C:\Program Files\Git\usr\bin;C:\Users\laiba\bin;C:\Program Files\Eclipse Adoptium\jdk-17.0.20.8-hotspot\bin;C:\Program Files (x86)\Common Files\Intel\Shared Libraries\redist\intel64\compiler;C:\WINDOWS\system32;C:\WINDOWS;C:\WINDOWS\System32\Wbem;C:\WINDOWS\System32\WindowsPowerShell\v1.0;C:\WINDOWS\System32\OpenSSH;C:\Program Files\nodejs;C:\Program Files\Git\cmd;C:\Program Files (x86)\Common Files\Intel\Shared Libraries\redist\intel64\compiler;C:\WINDOWS\system32;C:\WINDOWS;C:\WINDOWS\System32\Wbem;C:\WINDOWS\System32\WindowsPowerShell\v1.0;C:\WINDOWS\System32\OpenSSH;C:\Program Files\nodejs;C:\Program Files\Git\cmd;C:\Program Files (x86)\Common Files\Intel\Shared Libraries\redist\intel64\compiler;C:\WINDOWS\system32;C:\WINDOWS;C:\WINDOWS\System32\Wbem;C:\WINDOWS\System32\WindowsPowerShell\v1.0;C:\WINDOWS\System32\OpenSSH;C:\Program Files\nodejs;C:\Program Files\Git\cmd;C:\Users\laiba\AppData\Local\Programs\Python\Python312\Scripts;C:\Users\laiba\AppData\Local\Programs\Python\Python312;C:\Users\laiba\AppData\Local\Programs\Python\Launcher;C:\Users\laiba\AppData\Local\Microsoft\WindowsApps;C:\Users\laiba\AppData\Local\Programs\Microsoft VS Code\bin;C:\Users\laiba\AppData\Roaming\npm;C:\Users\laiba\AppData\Local\Microsoft\WinGet\Packages\Stripe.StripeCli_Microsoft.Winget.Source_8wekyb3d8bbwe;C:\src\flutter\bin;C:\src\flutter\bin;C:\Android\platform-tools;C:\Program Files\Git\usr\bin\vendor_perl;C:\Program Files\Git\usr\bin\core_perl
USERNAME=laiba
SHELL=C:\Program Files\Git\usr\bin\bash.exe
TERM=xterm-256color
OS=MINGW64_NT-10.0-26200
PROCESSOR_IDENTIFIER=AMD64 Family 25 Model 80 Stepping 0, AuthenticAMD
TMP=C:\Users\laiba\AppData\Local\Temp
TEMP=C:\Users\laiba\AppData\Local\Temp



Periodic native trim disabled


---------------  S Y S T E M  ---------------

OS:
 Windows 11 , 64 bit Build 26100 (10.0.26100.9168)
OS uptime: 0 days 0:33 hours
Hyper-V role detected

CPU: total 12 (initial active 12) (12 cores per cpu, 2 threads per core) family 25 model 80 stepping 0 microcode 0xa50000c, cx8, cmov, fxsr, ht, mmx, 3dnowpref, sse, sse2, sse3, ssse3, sse4a, sse4.1, sse4.2, popcnt, lzcnt, tsc, tscinvbit, avx, avx2, aes, erms, clmul, bmi1, bmi2, adx, sha, fma, vzeroupper, clflush, clflushopt, hv
Processor Information for processor 0
  Max Mhz: 2301, Current Mhz: 1904, Mhz Limit: 2301
Processor Information for processor 1
  Max Mhz: 2301, Current Mhz: 1798, Mhz Limit: 2301
Processor Information for processor 2
  Max Mhz: 2301, Current Mhz: 1798, Mhz Limit: 2301
Processor Information for processor 3
  Max Mhz: 2301, Current Mhz: 1904, Mhz Limit: 2301
Processor Information for processor 4
  Max Mhz: 2301, Current Mhz: 1798, Mhz Limit: 2301
Processor Information for processor 5
  Max Mhz: 2301, Current Mhz: 1798, Mhz Limit: 2301
Processor Information for processor 6
  Max Mhz: 2301, Current Mhz: 1798, Mhz Limit: 2301
Processor Information for processor 7
  Max Mhz: 2301, Current Mhz: 1798, Mhz Limit: 2301
Processor Information for processor 8
  Max Mhz: 2301, Current Mhz: 1904, Mhz Limit: 2301
Processor Information for processor 9
  Max Mhz: 2301, Current Mhz: 1798, Mhz Limit: 2301
Processor Information for processor 10
  Max Mhz: 2301, Current Mhz: 1798, Mhz Limit: 2301
Processor Information for processor 11
  Max Mhz: 2301, Current Mhz: 1904, Mhz Limit: 2301

Memory: 4k page, system-wide physical 7582M (271M free)
TotalPageFile size 21012M (AvailPageFile size 887M)
current process WorkingSet (physical memory assigned to process): 1115M, peak: 1570M
current process commit charge ("private bytes"): 4517M, peak: 6189M

vm_info: OpenJDK 64-Bit Server VM (17.0.20+8) for windows-amd64 JRE (17.0.20+8), built on Jul 22 2026 00:41:45 by "admin" with MS VC++ 17.12 (VS2022)

END.
