#
# There is insufficient memory for the Java Runtime Environment to continue.
# Native memory allocation (mmap) failed to map 343932928 bytes. Error detail: G1 virtual space
# Possible reasons:
#   The system is out of physical RAM or swap space
#   This process is running with CompressedOops enabled, and the Java Heap may be blocking the growth of the native heap
# Possible solutions:
#   Reduce memory load on the system
#   Increase physical memory or swap space
#   Check if swap backing store is full
#   Decrease Java heap size (-Xmx/-Xms)
#   Decrease number of Java threads
#   Decrease Java thread stack sizes (-Xss)
#   Set larger code cache with -XX:ReservedCodeCacheSize=
#   JVM is running with Zero Based Compressed Oops mode in which the Java heap is
#     placed in the first 32GB address space. The Java Heap base address is the
#     maximum limit for the native heap growth. Please use -XX:HeapBaseMinAddress
#     to set the Java Heap base and to place the Java Heap above 32GB virtual address.
# This output file may be truncated or incomplete.
#
#  Out of Memory Error (os_windows.cpp:3630), pid=15140, tid=18340
#
# JRE version: OpenJDK Runtime Environment Temurin-17.0.20+8 (17.0.20+8) (build 17.0.20+8)
# Java VM: OpenJDK 64-Bit Server VM Temurin-17.0.20+8 (17.0.20+8, mixed mode, sharing, tiered, compressed oops, compressed class ptrs, g1 gc, windows-amd64)
# No core dump will be written. Minidumps are not enabled by default on client versions of Windows
#

---------------  S U M M A R Y ------------

Command Line: --add-opens=java.base/java.lang=ALL-UNNAMED --add-opens=java.base/java.lang.invoke=ALL-UNNAMED --add-opens=java.base/java.util=ALL-UNNAMED --add-opens=java.prefs/java.util.prefs=ALL-UNNAMED --add-exports=jdk.compiler/com.sun.tools.javac.api=ALL-UNNAMED --add-exports=jdk.compiler/com.sun.tools.javac.util=ALL-UNNAMED --add-opens=java.base/java.util=ALL-UNNAMED --add-opens=java.prefs/java.util.prefs=ALL-UNNAMED --add-opens=java.base/java.nio.charset=ALL-UNNAMED --add-opens=java.base/java.net=ALL-UNNAMED --add-opens=java.base/java.util.concurrent=ALL-UNNAMED --add-opens=java.base/java.util.concurrent.atomic=ALL-UNNAMED --add-opens=java.xml/javax.xml.namespace=ALL-UNNAMED --add-opens=java.base/java.time=ALL-UNNAMED -XX:MaxMetaspaceSize=1G -XX:ReservedCodeCacheSize=256m -Xmx2560M -Dfile.encoding=windows-1252 -Duser.country=US -Duser.language=en -Duser.variant -javaagent:C:\Users\laiba\.gradle\wrapper\dists\gradle-9.1.0-all\7wzd0jkjit61aq2p43wpjgij9\gradle-9.1.0\lib\agents\gradle-instrumentation-agent-9.1.0.jar org.gradle.launcher.daemon.bootstrap.GradleDaemon 9.1.0

Host: AMD Ryzen 5 7430U with Radeon Graphics         , 12 cores, 7G,  Windows 11 , 64 bit Build 26100 (10.0.26100.9168)
Time: Sun Sep  6 00:15:59 2026 Pakistan Standard Time elapsed time: 177.452466 seconds (0d 0h 2m 57s)

---------------  T H R E A D  ---------------

Current thread (0x000002966c9836b0):  VMThread "VM Thread" [stack: 0x000000f456f00000,0x000000f457000000] [id=18340]

Stack: [0x000000f456f00000,0x000000f457000000]
Native frames: (J=compiled Java code, j=interpreted, Vv=VM code, C=native code)
V  [jvm.dll+0x684d39]
V  [jvm.dll+0x83a565]
V  [jvm.dll+0x83bfde]
V  [jvm.dll+0x83c663]
V  [jvm.dll+0x2490cf]
V  [jvm.dll+0x681af9]
V  [jvm.dll+0x6768ba]
V  [jvm.dll+0x309467]
V  [jvm.dll+0x310a56]
V  [jvm.dll+0x360f3e]
V  [jvm.dll+0x36117d]
V  [jvm.dll+0x2e04ec]
V  [jvm.dll+0x2de8c2]
V  [jvm.dll+0x2de05c]
V  [jvm.dll+0x320cab]
V  [jvm.dll+0x840e7d]
V  [jvm.dll+0x841bb3]
V  [jvm.dll+0x8420df]
V  [jvm.dll+0x8424c5]
V  [jvm.dll+0x84258e]
V  [jvm.dll+0x7eb17c]
V  [jvm.dll+0x683c07]
C  [ucrtbase.dll+0x2cd30]
C  [KERNEL32.DLL+0x2ccb7]
C  [ntdll.dll+0xaad6c]

VM_Operation (0x000000f4647fda10): G1CollectForAllocation, mode: safepoint, requested by thread 0x00000296745e0880


---------------  P R O C E S S  ---------------

Threads class SMR info:
_java_thread_list=0x00000296783877a0, length=202, elements={
0x000002964be72870, 0x000002966c987690, 0x000002966c98a170, 0x000002966c9a5090,
0x000002966c9a5960, 0x000002966c9a8240, 0x000002966c9aaf20, 0x000002966c9afb40,
0x000002966c9c5200, 0x000002966c9c5b10, 0x000002966c9759a0, 0x000002966ce62bb0,
0x0000029672cf8110, 0x0000029671548a10, 0x0000029672f0c860, 0x0000029671597700,
0x000002967152cfa0, 0x000002967156a9f0, 0x000002967156a4e0, 0x000002967156af00,
0x00000296715695b0, 0x000002967156c340, 0x000002967156b920, 0x000002967156be30,
0x000002967156c850, 0x00000296730c9300, 0x00000296730c6a80, 0x00000296730c79b0,
0x00000296730c7ec0, 0x00000296730c8df0, 0x00000296730c9810, 0x00000296730c6570,
0x00000296730ca740, 0x00000296730cac50, 0x00000296730cb160, 0x00000296730ccfc0,
0x00000296730ccab0, 0x00000296730cb670, 0x00000296730cbb80, 0x00000296730cc090,
0x00000296730cc5a0, 0x000002967346d900, 0x000002967346d3f0, 0x000002967346baa0,
0x000002967346de10, 0x000002967346cee0, 0x000002967346e320, 0x000002967346bfb0,
0x000002967346c4c0, 0x000002967346c9d0, 0x000002967346e830, 0x000002967346b080,
0x000002967346ed40, 0x000002967346b590, 0x0000029673471ad0, 0x000002967346f760,
0x0000029673472a00, 0x000002967346fc70, 0x0000029673470180, 0x0000029673471fe0,
0x00000296734724f0, 0x000002967346f250, 0x0000029673470ba0, 0x0000029673470690,
0x00000296734710b0, 0x00000296734715c0, 0x0000029675ece2f0, 0x0000029675ecd8d0,
0x0000029675ecc9a0, 0x0000029675ed0150, 0x0000029675ed0b70, 0x0000029675ecf220,
0x0000029675ed1590, 0x0000029675ed2ee0, 0x0000029675ecf730, 0x0000029675ed1aa0,
0x0000029675ed3900, 0x0000029675ed1080, 0x0000029675ed24c0, 0x0000029675ed29d0,
0x0000029675ed33f0, 0x0000029675ed3e10, 0x00000296766caeb0, 0x00000296766cd220,
0x00000296766ca9a0, 0x00000296766cb3c0, 0x00000296766cb8d0, 0x00000296766c9f80,
0x00000296766cbde0, 0x00000296766cc2f0, 0x00000296766cc800, 0x00000296766cdc40,
0x00000296766ca490, 0x00000296766ce660, 0x00000296766cfaa0, 0x00000296766ce150,
0x00000296766ceb70, 0x00000296766cffb0, 0x00000296766cf080, 0x00000296766cf590,
0x00000296766d04c0, 0x00000296766ccd10, 0x00000296766d09d0, 0x00000296766d0ee0,
0x00000296766d13f0, 0x00000296766d1900, 0x000002967360f8e0, 0x000002967360fdf0,
0x000002967360eec0, 0x0000029673610300, 0x000002967360e9b0, 0x000002967360da80,
0x0000029673610810, 0x000002967360f3d0, 0x000002967360d570, 0x000002967360e4a0,
0x000002967360d060, 0x000002966cf107e0, 0x000002966cf102d0, 0x000002966cf0ee90,
0x000002966cf0f3a0, 0x000002966cf0fdc0, 0x000002966cf0f8b0, 0x000002966cf10cf0,
0x000002966cf0e980, 0x000002966cf0d540, 0x000002966cf11200, 0x000002966cf0da50,
0x000002966cf11710, 0x000002966cf0df60, 0x000002966cf11c20, 0x000002966cf0e470,
0x000002966cf12b50, 0x000002966cf13570, 0x000002966cf12130, 0x000002966cf13060,
0x000002966cf12640, 0x000002966cf13a80, 0x000002966cf14ec0, 0x000002966cf13f90,
0x000002966cf144a0, 0x00000296710af960, 0x00000296710afe70, 0x00000296710ad0e0,
0x00000296710ad5f0, 0x00000296710af450, 0x00000296710adb00, 0x00000296710ae010,
0x00000296710aef40, 0x00000296710ae520, 0x00000296710b4040, 0x000002967e122300,
0x000002967e11f060, 0x000002967e11f570, 0x000002967e124160, 0x000002967e122d20,
0x000002967e124b80, 0x000002967e125090, 0x000002967e123740, 0x000002967e1255a0,
0x000002967e124670, 0x000002967e125ab0, 0x000002967e123230, 0x000002967e125fc0,
0x000002967e1264d0, 0x000002967e1269e0, 0x000002967e123c50, 0x00000296730c6060,
0x00000296730cd9e0, 0x0000029675ecfc40, 0x00000296775f8590, 0x00000296775f8aa0,
0x00000296775f7b70, 0x00000296775f8080, 0x00000296775fb320, 0x00000296775f99d0,
0x00000296775fbd40, 0x00000296775fc250, 0x00000296775f8fb0, 0x00000296775fcc70,
0x00000296775fd180, 0x00000296775fae10, 0x00000296775fd690, 0x00000296775f9ee0,
0x00000296775fead0, 0x00000296710acbd0, 0x00000296745dd0d0, 0x00000296745da340,
0x00000296745dfe60, 0x00000296745dc6b0, 0x00000296745dea20, 0x00000296745de510,
0x00000296745df440, 0x00000296745def30, 0x00000296745ddaf0, 0x00000296745e0370,
0x00000296745de000, 0x00000296745dcbc0, 0x00000296745e0880, 0x00000296745e0d90,
0x00000296782d62c0, 0x00000296756afdf0
}

Java Threads: ( => current thread )
  0x000002964be72870 JavaThread "main" [_thread_blocked, id=16228, stack(0x000000f456900000,0x000000f456a00000)]
  0x000002966c987690 JavaThread "Reference Handler" daemon [_thread_blocked, id=27424, stack(0x000000f457000000,0x000000f457100000)]
  0x000002966c98a170 JavaThread "Finalizer" daemon [_thread_blocked, id=11916, stack(0x000000f457100000,0x000000f457200000)]
  0x000002966c9a5090 JavaThread "Signal Dispatcher" daemon [_thread_blocked, id=27140, stack(0x000000f457200000,0x000000f457300000)]
  0x000002966c9a5960 JavaThread "Attach Listener" daemon [_thread_blocked, id=11800, stack(0x000000f457300000,0x000000f457400000)]
  0x000002966c9a8240 JavaThread "Service Thread" daemon [_thread_blocked, id=22552, stack(0x000000f457400000,0x000000f457500000)]
  0x000002966c9aaf20 JavaThread "Monitor Deflation Thread" daemon [_thread_blocked, id=26100, stack(0x000000f457500000,0x000000f457600000)]
  0x000002966c9afb40 JavaThread "C2 CompilerThread0" daemon [_thread_blocked, id=7332, stack(0x000000f457600000,0x000000f457700000)]
  0x000002966c9c5200 JavaThread "C1 CompilerThread0" daemon [_thread_blocked, id=25268, stack(0x000000f457700000,0x000000f457800000)]
  0x000002966c9c5b10 JavaThread "Sweeper thread" daemon [_thread_blocked, id=16572, stack(0x000000f457800000,0x000000f457900000)]
  0x000002966c9759a0 JavaThread "Common-Cleaner" daemon [_thread_blocked, id=23632, stack(0x000000f457900000,0x000000f457a00000)]
  0x000002966ce62bb0 JavaThread "Notification Thread" daemon [_thread_blocked, id=12360, stack(0x000000f457b00000,0x000000f457c00000)]
  0x0000029672cf8110 JavaThread "Daemon health stats" [_thread_blocked, id=12368, stack(0x000000f457d00000,0x000000f457e00000)]
  0x0000029671548a10 JavaThread "Incoming local TCP Connector on port 3678" [_thread_in_native, id=25200, stack(0x000000f457a00000,0x000000f457b00000)]
  0x0000029672f0c860 JavaThread "Daemon periodic checks" [_thread_blocked, id=25360, stack(0x000000f458200000,0x000000f458300000)]
  0x0000029671597700 JavaThread "Daemon" [_thread_blocked, id=14772, stack(0x000000f458300000,0x000000f458400000)]
  0x000002967152cfa0 JavaThread "Handler for socket connection from /127.0.0.1:3678 to /127.0.0.1:3680" [_thread_in_native, id=11512, stack(0x000000f458400000,0x000000f458500000)]
  0x000002967156a9f0 JavaThread "Cancel handler" [_thread_blocked, id=25628, stack(0x000000f458500000,0x000000f458600000)]
  0x000002967156a4e0 JavaThread "Daemon worker" [_thread_blocked, id=15192, stack(0x000000f458600000,0x000000f458700000)]
  0x000002967156af00 JavaThread "Asynchronous log dispatcher for DefaultDaemonConnection: socket connection from /127.0.0.1:3678 to /127.0.0.1:3680" [_thread_blocked, id=8100, stack(0x000000f458700000,0x000000f458800000)]
  0x00000296715695b0 JavaThread "Stdin handler" [_thread_blocked, id=18960, stack(0x000000f458800000,0x000000f458900000)]
  0x000002967156c340 JavaThread "Daemon client event forwarder" [_thread_blocked, id=4728, stack(0x000000f458900000,0x000000f458a00000)]
  0x000002967156b920 JavaThread "Cache worker for journal cache (C:\Users\laiba\.gradle\caches\journal-1)" [_thread_blocked, id=5816, stack(0x000000f458a00000,0x000000f458b00000)]
  0x000002967156be30 JavaThread "File lock request listener" [_thread_in_native, id=13256, stack(0x000000f458b00000,0x000000f458c00000)]
  0x000002967156c850 JavaThread "Cache worker for file hash cache (C:\Users\laiba\.gradle\caches\9.1.0\fileHashes)" [_thread_blocked, id=22924, stack(0x000000f458c00000,0x000000f458d00000)]
  0x00000296730c9300 JavaThread "Cache worker for file hash cache (C:\Users\laiba\CareConnect\android\.gradle\9.1.0\fileHashes)" [_thread_blocked, id=16952, stack(0x000000f459500000,0x000000f459600000)]
  0x00000296730c6a80 JavaThread "Cache worker for Build Output Cleanup Cache (C:\Users\laiba\CareConnect\android\.gradle\buildOutputCleanup)" [_thread_blocked, id=12416, stack(0x000000f459600000,0x000000f459700000)]
  0x00000296730c79b0 JavaThread "File watcher server" daemon [_thread_blocked, id=7628, stack(0x000000f459700000,0x000000f459800000)]
  0x00000296730c7ec0 JavaThread "File watcher consumer" daemon [_thread_blocked, id=23004, stack(0x000000f459800000,0x000000f459900000)]
  0x00000296730c8df0 JavaThread "Cache worker for checksums cache (C:\Users\laiba\CareConnect\android\.gradle\9.1.0\checksums)" [_thread_blocked, id=19004, stack(0x000000f459900000,0x000000f459a00000)]
  0x00000296730c9810 JavaThread "Cache worker for file content cache (C:\Users\laiba\.gradle\caches\9.1.0\fileContent)" [_thread_blocked, id=4148, stack(0x000000f459a00000,0x000000f459b00000)]
  0x00000296730c6570 JavaThread "Cache worker for cache directory md-supplier (C:\Users\laiba\.gradle\caches\9.1.0\md-supplier)" [_thread_blocked, id=18200, stack(0x000000f459b00000,0x000000f459c00000)]
  0x00000296730ca740 JavaThread "Cache worker for cache directory md-rule (C:\Users\laiba\.gradle\caches\9.1.0\md-rule)" [_thread_blocked, id=26612, stack(0x000000f459c00000,0x000000f459d00000)]
  0x00000296730cac50 JavaThread "Cache worker for Build Output Cleanup Cache (C:\src\flutter\packages\flutter_tools\gradle\.gradle\buildOutputCleanup)" [_thread_blocked, id=14412, stack(0x000000f459f00000,0x000000f45a000000)]
  0x00000296730cb160 JavaThread "Unconstrained build operations" [_thread_blocked, id=2168, stack(0x000000f45a000000,0x000000f45a100000)]
  0x00000296730ccfc0 JavaThread "Unconstrained build operations Thread 2" [_thread_blocked, id=28512, stack(0x000000f45a100000,0x000000f45a200000)]
  0x00000296730ccab0 JavaThread "Unconstrained build operations Thread 3" [_thread_blocked, id=23388, stack(0x000000f45a200000,0x000000f45a300000)]
  0x00000296730cb670 JavaThread "Unconstrained build operations Thread 4" [_thread_blocked, id=13204, stack(0x000000f45a300000,0x000000f45a400000)]
  0x00000296730cbb80 JavaThread "Unconstrained build operations Thread 5" [_thread_blocked, id=25632, stack(0x000000f45a400000,0x000000f45a500000)]
  0x00000296730cc090 JavaThread "Unconstrained build operations Thread 6" [_thread_blocked, id=27756, stack(0x000000f45a500000,0x000000f45a600000)]
  0x00000296730cc5a0 JavaThread "Unconstrained build operations Thread 7" [_thread_blocked, id=19956, stack(0x000000f45a600000,0x000000f45a700000)]
  0x000002967346d900 JavaThread "Unconstrained build operations Thread 8" [_thread_blocked, id=22548, stack(0x000000f45a700000,0x000000f45a800000)]
  0x000002967346d3f0 JavaThread "Unconstrained build operations Thread 9" [_thread_blocked, id=14152, stack(0x000000f45a800000,0x000000f45a900000)]
  0x000002967346baa0 JavaThread "Unconstrained build operations Thread 10" [_thread_blocked, id=13592, stack(0x000000f45a900000,0x000000f45aa00000)]
  0x000002967346de10 JavaThread "Unconstrained build operations Thread 11" [_thread_blocked, id=13536, stack(0x000000f45aa00000,0x000000f45ab00000)]
  0x000002967346cee0 JavaThread "Unconstrained build operations Thread 12" [_thread_blocked, id=14464, stack(0x000000f45ab00000,0x000000f45ac00000)]
  0x000002967346e320 JavaThread "Unconstrained build operations Thread 13" [_thread_blocked, id=16388, stack(0x000000f45ac00000,0x000000f45ad00000)]
  0x000002967346bfb0 JavaThread "Unconstrained build operations Thread 14" [_thread_blocked, id=10576, stack(0x000000f45ad00000,0x000000f45ae00000)]
  0x000002967346c4c0 JavaThread "Unconstrained build operations Thread 15" [_thread_blocked, id=28536, stack(0x000000f45ae00000,0x000000f45af00000)]
  0x000002967346c9d0 JavaThread "Unconstrained build operations Thread 16" [_thread_blocked, id=7644, stack(0x000000f45af00000,0x000000f45b000000)]
  0x000002967346e830 JavaThread "Unconstrained build operations Thread 17" [_thread_blocked, id=28628, stack(0x000000f45b000000,0x000000f45b100000)]
  0x000002967346b080 JavaThread "Unconstrained build operations Thread 18" [_thread_blocked, id=21116, stack(0x000000f45b100000,0x000000f45b200000)]
  0x000002967346ed40 JavaThread "Unconstrained build operations Thread 19" [_thread_blocked, id=8476, stack(0x000000f45b200000,0x000000f45b300000)]
  0x000002967346b590 JavaThread "Unconstrained build operations Thread 20" [_thread_blocked, id=21896, stack(0x000000f45b300000,0x000000f45b400000)]
  0x0000029673471ad0 JavaThread "Unconstrained build operations Thread 21" [_thread_blocked, id=1564, stack(0x000000f45b400000,0x000000f45b500000)]
  0x000002967346f760 JavaThread "Unconstrained build operations Thread 22" [_thread_blocked, id=19472, stack(0x000000f45b500000,0x000000f45b600000)]
  0x0000029673472a00 JavaThread "Unconstrained build operations Thread 23" [_thread_blocked, id=25324, stack(0x000000f45b600000,0x000000f45b700000)]
  0x000002967346fc70 JavaThread "Unconstrained build operations Thread 24" [_thread_blocked, id=3248, stack(0x000000f45b700000,0x000000f45b800000)]
  0x0000029673470180 JavaThread "Unconstrained build operations Thread 25" [_thread_blocked, id=26008, stack(0x000000f45b800000,0x000000f45b900000)]
  0x0000029673471fe0 JavaThread "Unconstrained build operations Thread 26" [_thread_blocked, id=20396, stack(0x000000f45b900000,0x000000f45ba00000)]
  0x00000296734724f0 JavaThread "Unconstrained build operations Thread 27" [_thread_blocked, id=22672, stack(0x000000f45ba00000,0x000000f45bb00000)]
  0x000002967346f250 JavaThread "Unconstrained build operations Thread 28" [_thread_blocked, id=688, stack(0x000000f45bb00000,0x000000f45bc00000)]
  0x0000029673470ba0 JavaThread "Unconstrained build operations Thread 29" [_thread_blocked, id=7180, stack(0x000000f45bc00000,0x000000f45bd00000)]
  0x0000029673470690 JavaThread "Unconstrained build operations Thread 30" [_thread_blocked, id=26568, stack(0x000000f45bd00000,0x000000f45be00000)]
  0x00000296734710b0 JavaThread "Unconstrained build operations Thread 31" [_thread_blocked, id=17108, stack(0x000000f45be00000,0x000000f45bf00000)]
  0x00000296734715c0 JavaThread "Unconstrained build operations Thread 32" [_thread_blocked, id=26532, stack(0x000000f45bf00000,0x000000f45c000000)]
  0x0000029675ece2f0 JavaThread "Unconstrained build operations Thread 33" [_thread_blocked, id=12556, stack(0x000000f45c000000,0x000000f45c100000)]
  0x0000029675ecd8d0 JavaThread "Memory manager" [_thread_blocked, id=10320, stack(0x000000f45c100000,0x000000f45c200000)]
  0x0000029675ecc9a0 JavaThread "build event listener" [_thread_blocked, id=5568, stack(0x000000f45c200000,0x000000f45c300000)]
  0x0000029675ed0150 JavaThread "included builds" [_thread_blocked, id=19492, stack(0x000000f45c300000,0x000000f45c400000)]
  0x0000029675ed0b70 JavaThread "Execution worker" [_thread_blocked, id=2304, stack(0x000000f45c400000,0x000000f45c500000)]
  0x0000029675ecf220 JavaThread "Execution worker Thread 2" [_thread_blocked, id=12256, stack(0x000000f45c500000,0x000000f45c600000)]
  0x0000029675ed1590 JavaThread "Execution worker Thread 3" [_thread_blocked, id=13672, stack(0x000000f45c600000,0x000000f45c700000)]
  0x0000029675ed2ee0 JavaThread "Execution worker Thread 4" [_thread_blocked, id=15788, stack(0x000000f45c700000,0x000000f45c800000)]
  0x0000029675ecf730 JavaThread "Execution worker Thread 5" [_thread_blocked, id=26296, stack(0x000000f45c800000,0x000000f45c900000)]
  0x0000029675ed1aa0 JavaThread "Execution worker Thread 6" [_thread_blocked, id=920, stack(0x000000f45c900000,0x000000f45ca00000)]
  0x0000029675ed3900 JavaThread "Execution worker Thread 7" [_thread_blocked, id=14444, stack(0x000000f45ca00000,0x000000f45cb00000)]
  0x0000029675ed1080 JavaThread "Execution worker Thread 8" [_thread_blocked, id=20340, stack(0x000000f45cb00000,0x000000f45cc00000)]
  0x0000029675ed24c0 JavaThread "Execution worker Thread 9" [_thread_blocked, id=6252, stack(0x000000f45cc00000,0x000000f45cd00000)]
  0x0000029675ed29d0 JavaThread "Execution worker Thread 10" [_thread_blocked, id=23852, stack(0x000000f45cd00000,0x000000f45ce00000)]
  0x0000029675ed33f0 JavaThread "Execution worker Thread 11" [_thread_blocked, id=23900, stack(0x000000f45ce00000,0x000000f45cf00000)]
  0x0000029675ed3e10 JavaThread "Cache worker for execution history cache (C:\src\flutter\packages\flutter_tools\gradle\.gradle\9.1.0\executionHistory)" [_thread_blocked, id=13956, stack(0x000000f45cf00000,0x000000f45d000000)]
  0x00000296766caeb0 JavaThread "Unconstrained build operations Thread 34" [_thread_blocked, id=18044, stack(0x000000f45d000000,0x000000f45d100000)]
  0x00000296766cd220 JavaThread "Unconstrained build operations Thread 35" [_thread_blocked, id=13756, stack(0x000000f45d100000,0x000000f45d200000)]
  0x00000296766ca9a0 JavaThread "Unconstrained build operations Thread 36" [_thread_blocked, id=22640, stack(0x000000f45d200000,0x000000f45d300000)]
  0x00000296766cb3c0 JavaThread "Unconstrained build operations Thread 37" [_thread_blocked, id=27900, stack(0x000000f45d300000,0x000000f45d400000)]
  0x00000296766cb8d0 JavaThread "Unconstrained build operations Thread 38" [_thread_blocked, id=9380, stack(0x000000f45d400000,0x000000f45d500000)]
  0x00000296766c9f80 JavaThread "Unconstrained build operations Thread 39" [_thread_blocked, id=23240, stack(0x000000f45d500000,0x000000f45d600000)]
  0x00000296766cbde0 JavaThread "Unconstrained build operations Thread 40" [_thread_blocked, id=25576, stack(0x000000f45d600000,0x000000f45d700000)]
  0x00000296766cc2f0 JavaThread "Unconstrained build operations Thread 41" [_thread_blocked, id=15348, stack(0x000000f45d700000,0x000000f45d800000)]
  0x00000296766cc800 JavaThread "Unconstrained build operations Thread 42" [_thread_blocked, id=22776, stack(0x000000f45d800000,0x000000f45d900000)]
  0x00000296766cdc40 JavaThread "Unconstrained build operations Thread 43" [_thread_blocked, id=9260, stack(0x000000f45d900000,0x000000f45da00000)]
  0x00000296766ca490 JavaThread "Unconstrained build operations Thread 44" [_thread_blocked, id=27796, stack(0x000000f45da00000,0x000000f45db00000)]
  0x00000296766ce660 JavaThread "Unconstrained build operations Thread 45" [_thread_blocked, id=26156, stack(0x000000f45db00000,0x000000f45dc00000)]
  0x00000296766cfaa0 JavaThread "Unconstrained build operations Thread 46" [_thread_blocked, id=20268, stack(0x000000f45dc00000,0x000000f45dd00000)]
  0x00000296766ce150 JavaThread "Unconstrained build operations Thread 47" [_thread_blocked, id=13068, stack(0x000000f45dd00000,0x000000f45de00000)]
  0x00000296766ceb70 JavaThread "Unconstrained build operations Thread 48" [_thread_blocked, id=11108, stack(0x000000f45de00000,0x000000f45df00000)]
  0x00000296766cffb0 JavaThread "Unconstrained build operations Thread 49" [_thread_blocked, id=19012, stack(0x000000f45df00000,0x000000f45e000000)]
  0x00000296766cf080 JavaThread "Unconstrained build operations Thread 50" [_thread_blocked, id=28316, stack(0x000000f45e000000,0x000000f45e100000)]
  0x00000296766cf590 JavaThread "Unconstrained build operations Thread 51" [_thread_blocked, id=21196, stack(0x000000f45e100000,0x000000f45e200000)]
  0x00000296766d04c0 JavaThread "Unconstrained build operations Thread 52" [_thread_blocked, id=608, stack(0x000000f45e200000,0x000000f45e300000)]
  0x00000296766ccd10 JavaThread "Unconstrained build operations Thread 53" [_thread_blocked, id=23756, stack(0x000000f45e300000,0x000000f45e400000)]
  0x00000296766d09d0 JavaThread "Unconstrained build operations Thread 54" [_thread_blocked, id=6808, stack(0x000000f45e400000,0x000000f45e500000)]
  0x00000296766d0ee0 JavaThread "Unconstrained build operations Thread 55" [_thread_blocked, id=16588, stack(0x000000f45e500000,0x000000f45e600000)]
  0x00000296766d13f0 JavaThread "Unconstrained build operations Thread 56" [_thread_blocked, id=28348, stack(0x000000f45e600000,0x000000f45e700000)]
  0x00000296766d1900 JavaThread "Unconstrained build operations Thread 57" [_thread_blocked, id=24628, stack(0x000000f45e700000,0x000000f45e800000)]
  0x000002967360f8e0 JavaThread "Unconstrained build operations Thread 58" [_thread_blocked, id=27932, stack(0x000000f45e800000,0x000000f45e900000)]
  0x000002967360fdf0 JavaThread "Unconstrained build operations Thread 59" [_thread_blocked, id=24364, stack(0x000000f45e900000,0x000000f45ea00000)]
  0x000002967360eec0 JavaThread "Unconstrained build operations Thread 60" [_thread_blocked, id=3480, stack(0x000000f45ea00000,0x000000f45eb00000)]
  0x0000029673610300 JavaThread "Unconstrained build operations Thread 61" [_thread_blocked, id=17284, stack(0x000000f45eb00000,0x000000f45ec00000)]
  0x000002967360e9b0 JavaThread "Unconstrained build operations Thread 62" [_thread_blocked, id=2572, stack(0x000000f45ec00000,0x000000f45ed00000)]
  0x000002967360da80 JavaThread "Unconstrained build operations Thread 63" [_thread_blocked, id=9716, stack(0x000000f45ed00000,0x000000f45ee00000)]
  0x0000029673610810 JavaThread "Unconstrained build operations Thread 64" [_thread_blocked, id=16352, stack(0x000000f45ee00000,0x000000f45ef00000)]
  0x000002967360f3d0 JavaThread "Unconstrained build operations Thread 65" [_thread_blocked, id=10544, stack(0x000000f45ef00000,0x000000f45f000000)]
  0x000002967360d570 JavaThread "Unconstrained build operations Thread 66" [_thread_blocked, id=12624, stack(0x000000f45f000000,0x000000f45f100000)]
  0x000002967360e4a0 JavaThread "Unconstrained build operations Thread 67" [_thread_blocked, id=17580, stack(0x000000f45f100000,0x000000f45f200000)]
  0x000002967360d060 JavaThread "Unconstrained build operations Thread 68" [_thread_blocked, id=11032, stack(0x000000f45f200000,0x000000f45f300000)]
  0x000002966cf107e0 JavaThread "Unconstrained build operations Thread 69" [_thread_blocked, id=14744, stack(0x000000f45f300000,0x000000f45f400000)]
  0x000002966cf102d0 JavaThread "Unconstrained build operations Thread 70" [_thread_blocked, id=5520, stack(0x000000f45f400000,0x000000f45f500000)]
  0x000002966cf0ee90 JavaThread "Unconstrained build operations Thread 71" [_thread_blocked, id=28408, stack(0x000000f45f500000,0x000000f45f600000)]
  0x000002966cf0f3a0 JavaThread "Unconstrained build operations Thread 72" [_thread_blocked, id=13308, stack(0x000000f45f600000,0x000000f45f700000)]
  0x000002966cf0fdc0 JavaThread "Unconstrained build operations Thread 73" [_thread_blocked, id=7304, stack(0x000000f45f700000,0x000000f45f800000)]
  0x000002966cf0f8b0 JavaThread "Unconstrained build operations Thread 74" [_thread_blocked, id=21476, stack(0x000000f45f800000,0x000000f45f900000)]
  0x000002966cf10cf0 JavaThread "Unconstrained build operations Thread 75" [_thread_blocked, id=6640, stack(0x000000f45f900000,0x000000f45fa00000)]
  0x000002966cf0e980 JavaThread "Unconstrained build operations Thread 76" [_thread_blocked, id=25184, stack(0x000000f45fa00000,0x000000f45fb00000)]
  0x000002966cf0d540 JavaThread "Unconstrained build operations Thread 77" [_thread_blocked, id=5344, stack(0x000000f45fb00000,0x000000f45fc00000)]
  0x000002966cf11200 JavaThread "Unconstrained build operations Thread 78" [_thread_blocked, id=13476, stack(0x000000f45fc00000,0x000000f45fd00000)]
  0x000002966cf0da50 JavaThread "Unconstrained build operations Thread 79" [_thread_blocked, id=7028, stack(0x000000f45fd00000,0x000000f45fe00000)]
  0x000002966cf11710 JavaThread "Unconstrained build operations Thread 80" [_thread_blocked, id=9464, stack(0x000000f45fe00000,0x000000f45ff00000)]
  0x000002966cf0df60 JavaThread "Unconstrained build operations Thread 81" [_thread_blocked, id=7504, stack(0x000000f45ff00000,0x000000f460000000)]
  0x000002966cf11c20 JavaThread "Unconstrained build operations Thread 82" [_thread_blocked, id=18672, stack(0x000000f460000000,0x000000f460100000)]
  0x000002966cf0e470 JavaThread "Unconstrained build operations Thread 83" [_thread_blocked, id=17080, stack(0x000000f460100000,0x000000f460200000)]
  0x000002966cf12b50 JavaThread "Unconstrained build operations Thread 84" [_thread_blocked, id=6276, stack(0x000000f460200000,0x000000f460300000)]
  0x000002966cf13570 JavaThread "Unconstrained build operations Thread 85" [_thread_blocked, id=6504, stack(0x000000f460300000,0x000000f460400000)]
  0x000002966cf12130 JavaThread "Unconstrained build operations Thread 86" [_thread_blocked, id=27704, stack(0x000000f460400000,0x000000f460500000)]
  0x000002966cf13060 JavaThread "Unconstrained build operations Thread 87" [_thread_blocked, id=10740, stack(0x000000f460500000,0x000000f460600000)]
  0x000002966cf12640 JavaThread "Unconstrained build operations Thread 88" [_thread_blocked, id=10928, stack(0x000000f460600000,0x000000f460700000)]
  0x000002966cf13a80 JavaThread "Unconstrained build operations Thread 89" [_thread_blocked, id=1128, stack(0x000000f460700000,0x000000f460800000)]
  0x000002966cf14ec0 JavaThread "Unconstrained build operations Thread 90" [_thread_blocked, id=2904, stack(0x000000f460800000,0x000000f460900000)]
  0x000002966cf13f90 JavaThread "Unconstrained build operations Thread 91" [_thread_blocked, id=10916, stack(0x000000f460900000,0x000000f460a00000)]
  0x000002966cf144a0 JavaThread "Unconstrained build operations Thread 92" [_thread_blocked, id=5952, stack(0x000000f460a00000,0x000000f460b00000)]
  0x00000296710af960 JavaThread "Unconstrained build operations Thread 93" [_thread_blocked, id=21724, stack(0x000000f460b00000,0x000000f460c00000)]
  0x00000296710afe70 JavaThread "Unconstrained build operations Thread 94" [_thread_blocked, id=24712, stack(0x000000f460c00000,0x000000f460d00000)]
  0x00000296710ad0e0 JavaThread "Unconstrained build operations Thread 95" [_thread_blocked, id=6696, stack(0x000000f460d00000,0x000000f460e00000)]
  0x00000296710ad5f0 JavaThread "Unconstrained build operations Thread 96" [_thread_blocked, id=16280, stack(0x000000f460e00000,0x000000f460f00000)]
  0x00000296710af450 JavaThread "Unconstrained build operations Thread 97" [_thread_blocked, id=14896, stack(0x000000f460f00000,0x000000f461000000)]
  0x00000296710adb00 JavaThread "Unconstrained build operations Thread 98" [_thread_blocked, id=22756, stack(0x000000f461000000,0x000000f461100000)]
  0x00000296710ae010 JavaThread "Unconstrained build operations Thread 99" [_thread_blocked, id=8516, stack(0x000000f461100000,0x000000f461200000)]
  0x00000296710aef40 JavaThread "Unconstrained build operations Thread 100" [_thread_blocked, id=18592, stack(0x000000f461200000,0x000000f461300000)]
  0x00000296710ae520 JavaThread "Unconstrained build operations Thread 101" [_thread_blocked, id=748, stack(0x000000f461300000,0x000000f461400000)]
  0x00000296710b4040 JavaThread "build event listener" [_thread_blocked, id=11244, stack(0x000000f459200000,0x000000f459300000)]
  0x000002967e122300 JavaThread "build event listener" [_thread_blocked, id=1696, stack(0x000000f461400000,0x000000f461500000)]
  0x000002967e11f060 JavaThread "Problems report writer" [_thread_blocked, id=7348, stack(0x000000f461700000,0x000000f461800000)]
  0x000002967e11f570 JavaThread "jar transforms" [_thread_blocked, id=9672, stack(0x000000f461800000,0x000000f461900000)]
  0x000002967e124160 JavaThread "Unconstrained build operations Thread 102" [_thread_blocked, id=24188, stack(0x000000f461900000,0x000000f461a00000)]
  0x000002967e122d20 JavaThread "Unconstrained build operations Thread 103" [_thread_blocked, id=11472, stack(0x000000f461a00000,0x000000f461b00000)]
  0x000002967e124b80 JavaThread "Unconstrained build operations Thread 104" [_thread_blocked, id=21712, stack(0x000000f461b00000,0x000000f461c00000)]
  0x000002967e125090 JavaThread "Unconstrained build operations Thread 105" [_thread_blocked, id=9404, stack(0x000000f461c00000,0x000000f461d00000)]
  0x000002967e123740 JavaThread "Unconstrained build operations Thread 106" [_thread_blocked, id=11816, stack(0x000000f461d00000,0x000000f461e00000)]
  0x000002967e1255a0 JavaThread "Unconstrained build operations Thread 107" [_thread_blocked, id=18056, stack(0x000000f461e00000,0x000000f461f00000)]
  0x000002967e124670 JavaThread "Unconstrained build operations Thread 108" [_thread_blocked, id=14024, stack(0x000000f461f00000,0x000000f462000000)]
  0x000002967e125ab0 JavaThread "Unconstrained build operations Thread 109" [_thread_blocked, id=24108, stack(0x000000f462000000,0x000000f462100000)]
  0x000002967e123230 JavaThread "Unconstrained build operations Thread 110" [_thread_blocked, id=17828, stack(0x000000f462100000,0x000000f462200000)]
  0x000002967e125fc0 JavaThread "Unconstrained build operations Thread 111" [_thread_blocked, id=1724, stack(0x000000f462200000,0x000000f462300000)]
  0x000002967e1264d0 JavaThread "Unconstrained build operations Thread 112" [_thread_blocked, id=28504, stack(0x000000f462300000,0x000000f462400000)]
  0x000002967e1269e0 JavaThread "Unconstrained build operations Thread 113" [_thread_blocked, id=24432, stack(0x000000f462400000,0x000000f462500000)]
  0x000002967e123c50 JavaThread "Unconstrained build operations Thread 114" [_thread_blocked, id=3612, stack(0x000000f462500000,0x000000f462600000)]
  0x00000296730c6060 JavaThread "Unconstrained build operations Thread 115" [_thread_blocked, id=7020, stack(0x000000f462600000,0x000000f462700000)]
  0x00000296730cd9e0 JavaThread "Unconstrained build operations Thread 116" [_thread_blocked, id=10104, stack(0x000000f462700000,0x000000f462800000)]
  0x0000029675ecfc40 JavaThread "Unconstrained build operations Thread 117" [_thread_blocked, id=18148, stack(0x000000f462800000,0x000000f462900000)]
  0x00000296775f8590 JavaThread "Unconstrained build operations Thread 118" [_thread_blocked, id=24000, stack(0x000000f462900000,0x000000f462a00000)]
  0x00000296775f8aa0 JavaThread "Unconstrained build operations Thread 119" [_thread_blocked, id=26012, stack(0x000000f462a00000,0x000000f462b00000)]
  0x00000296775f7b70 JavaThread "Unconstrained build operations Thread 120" [_thread_blocked, id=26424, stack(0x000000f462b00000,0x000000f462c00000)]
  0x00000296775f8080 JavaThread "jar transforms Thread 2" [_thread_blocked, id=4108, stack(0x000000f462c00000,0x000000f462d00000)]
  0x00000296775fb320 JavaThread "jar transforms Thread 3" [_thread_blocked, id=15276, stack(0x000000f462d00000,0x000000f462e00000)]
  0x00000296775f99d0 JavaThread "jar transforms Thread 4" [_thread_blocked, id=16708, stack(0x000000f462e00000,0x000000f462f00000)]
  0x00000296775fbd40 JavaThread "jar transforms Thread 5" [_thread_blocked, id=19200, stack(0x000000f462f00000,0x000000f463000000)]
  0x00000296775fc250 JavaThread "jar transforms Thread 6" [_thread_blocked, id=3396, stack(0x000000f463000000,0x000000f463100000)]
  0x00000296775f8fb0 JavaThread "jar transforms Thread 7" [_thread_blocked, id=6200, stack(0x000000f463100000,0x000000f463200000)]
  0x00000296775fcc70 JavaThread "jar transforms Thread 8" [_thread_blocked, id=20300, stack(0x000000f463200000,0x000000f463300000)]
  0x00000296775fd180 JavaThread "jar transforms Thread 9" [_thread_blocked, id=15780, stack(0x000000f463300000,0x000000f463400000)]
  0x00000296775fae10 JavaThread "jar transforms Thread 10" [_thread_blocked, id=11848, stack(0x000000f463400000,0x000000f463500000)]
  0x00000296775fd690 JavaThread "jar transforms Thread 11" [_thread_blocked, id=14792, stack(0x000000f463500000,0x000000f463600000)]
  0x00000296775f9ee0 JavaThread "jar transforms Thread 12" [_thread_blocked, id=2320, stack(0x000000f463600000,0x000000f463700000)]
  0x00000296775fead0 JavaThread "Cache worker for execution history cache (C:\Users\laiba\CareConnect\android\.gradle\9.1.0\executionHistory)" [_thread_blocked, id=19024, stack(0x000000f463700000,0x000000f463800000)]
  0x00000296710acbd0 JavaThread "WorkerExecutor Queue" [_thread_blocked, id=7732, stack(0x000000f456800000,0x000000f456900000)]
  0x00000296745dd0d0 JavaThread "WorkerExecutor Queue Thread 2" [_thread_blocked, id=23008, stack(0x000000f463b00000,0x000000f463c00000)]
  0x00000296745da340 JavaThread "WorkerExecutor Queue Thread 3" [_thread_blocked, id=14036, stack(0x000000f463c00000,0x000000f463d00000)]
  0x00000296745dfe60 JavaThread "ForkJoinPool-1-worker-1" daemon [_thread_blocked, id=26052, stack(0x000000f463d00000,0x000000f463e00000)]
  0x00000296745dc6b0 JavaThread "ForkJoinPool-1-worker-2" daemon [_thread_blocked, id=5072, stack(0x000000f463e00000,0x000000f463f00000)]
  0x00000296745dea20 JavaThread "ForkJoinPool-1-worker-3" daemon [_thread_blocked, id=22104, stack(0x000000f463f00000,0x000000f464000000)]
  0x00000296745de510 JavaThread "ForkJoinPool-1-worker-4" daemon [_thread_blocked, id=3708, stack(0x000000f464000000,0x000000f464100000)]
  0x00000296745df440 JavaThread "ForkJoinPool-1-worker-5" daemon [_thread_blocked, id=26148, stack(0x000000f464100000,0x000000f464200000)]
  0x00000296745def30 JavaThread "ForkJoinPool-1-worker-6" daemon [_thread_blocked, id=21132, stack(0x000000f464200000,0x000000f464300000)]
  0x00000296745ddaf0 JavaThread "ForkJoinPool-1-worker-7" daemon [_thread_blocked, id=18024, stack(0x000000f464300000,0x000000f464400000)]
  0x00000296745e0370 JavaThread "ForkJoinPool-1-worker-8" daemon [_thread_blocked, id=18476, stack(0x000000f464400000,0x000000f464500000)]
  0x00000296745de000 JavaThread "ForkJoinPool-1-worker-9" daemon [_thread_blocked, id=12444, stack(0x000000f464500000,0x000000f464600000)]
  0x00000296745dcbc0 JavaThread "ForkJoinPool-1-worker-10" daemon [_thread_blocked, id=13704, stack(0x000000f464600000,0x000000f464700000)]
  0x00000296745e0880 JavaThread "ForkJoinPool-1-worker-11" daemon [_thread_blocked, id=4044, stack(0x000000f464700000,0x000000f464800000)]
  0x00000296745e0d90 JavaThread "ForkJoinPool-1-worker-12" daemon [_thread_blocked, id=10152, stack(0x000000f464800000,0x000000f464900000)]
  0x00000296782d62c0 JavaThread "C2 CompilerThread1" daemon [_thread_blocked, id=23744, stack(0x000000f456600000,0x000000f456700000)]
  0x00000296756afdf0 JavaThread "C2 CompilerThread2" daemon [_thread_blocked, id=25852, stack(0x000000f456700000,0x000000f456800000)]

Other Threads:
=>0x000002966c9836b0 VMThread "VM Thread" [stack: 0x000000f456f00000,0x000000f457000000] [id=18340]
  0x000002964be73600 WatcherThread [stack: 0x000000f457c00000,0x000000f457d00000] [id=15448]
  0x000002964bec42d0 GCTaskThread "GC Thread#0" [stack: 0x000000f456a00000,0x000000f456b00000] [id=14684]
  0x00000296715e0000 GCTaskThread "GC Thread#1" [stack: 0x000000f457e00000,0x000000f457f00000] [id=27108]
  0x00000296715dea00 GCTaskThread "GC Thread#2" [stack: 0x000000f457f00000,0x000000f458000000] [id=15984]
  0x00000296715e02c0 GCTaskThread "GC Thread#3" [stack: 0x000000f458000000,0x000000f458100000] [id=16372]
  0x00000296715df500 GCTaskThread "GC Thread#4" [stack: 0x000000f458100000,0x000000f458200000] [id=3256]
  0x00000296715de740 GCTaskThread "GC Thread#5" [stack: 0x000000f458d00000,0x000000f458e00000] [id=22932]
  0x00000296715dfa80 GCTaskThread "GC Thread#6" [stack: 0x000000f458e00000,0x000000f458f00000] [id=16420]
  0x00000296715dfd40 GCTaskThread "GC Thread#7" [stack: 0x000000f458f00000,0x000000f459000000] [id=9336]
  0x000002967327c320 GCTaskThread "GC Thread#8" [stack: 0x000000f459000000,0x000000f459100000] [id=19572]
  0x000002967327c8a0 GCTaskThread "GC Thread#9" [stack: 0x000000f459100000,0x000000f459200000] [id=17128]
  0x000002964beef620 ConcurrentGCThread "G1 Main Marker" [stack: 0x000000f456b00000,0x000000f456c00000] [id=21552]
  0x000002964bef15a0 ConcurrentGCThread "G1 Conc#0" [stack: 0x000000f456c00000,0x000000f456d00000] [id=9616]
  0x000002967327c060 ConcurrentGCThread "G1 Conc#1" [stack: 0x000000f459300000,0x000000f459400000] [id=24808]
  0x000002967327ce20 ConcurrentGCThread "G1 Conc#2" [stack: 0x000000f459400000,0x000000f459500000] [id=10620]
  0x000002966c823ce0 ConcurrentGCThread "G1 Refine#0" [stack: 0x000000f456d00000,0x000000f456e00000] [id=11200]
  0x000002966cf4a410 ConcurrentGCThread "G1 Refine#1" [stack: 0x000000f459d00000,0x000000f459e00000] [id=28648]
  0x000002966cf49e30 ConcurrentGCThread "G1 Refine#2" [stack: 0x000000f459e00000,0x000000f459f00000] [id=23668]
  0x0000029678e9cb20 ConcurrentGCThread "G1 Refine#3" [stack: 0x000000f464900000,0x000000f464a00000] [id=19716]
  0x000002967708af80 ConcurrentGCThread "G1 Refine#4" [stack: 0x000000f464a00000,0x000000f464b00000] [id=21168]
  0x00000296786e30e0 ConcurrentGCThread "G1 Refine#5" [stack: 0x000000f464b00000,0x000000f464c00000] [id=8576]
  0x000002967e51afb0 ConcurrentGCThread "G1 Refine#6" [stack: 0x000000f464c00000,0x000000f464d00000] [id=2552]
  0x000002967f0b67e0 ConcurrentGCThread "G1 Refine#7" [stack: 0x000000f464d00000,0x000000f464e00000] [id=1812]
  0x000002967f0410c0 ConcurrentGCThread "G1 Refine#8" [stack: 0x000000f464e00000,0x000000f464f00000] [id=18844]
  0x00000296786e2520 ConcurrentGCThread "G1 Refine#9" [stack: 0x000000f464f00000,0x000000f465000000] [id=10344]
  0x000002966c8244c0 ConcurrentGCThread "G1 Service" [stack: 0x000000f456e00000,0x000000f456f00000] [id=22900]

Threads with active compile tasks:
C2 CompilerThread0  177613 40787 %     4       com.android.tools.r8.ir.optimize.y::a @ 162 (1787 bytes)
C2 CompilerThread1  177613 39849       4       com.android.tools.r8.internal.fw0::a (197 bytes)
C2 CompilerThread2  177613 38970       4       com.android.tools.r8.internal.dl2::b (276 bytes)

VM state: at safepoint (normal execution)

VM Mutex/Monitor currently owned by a thread:  ([mutex/lock_event])
[0x0000029649bdbb70] Threads_lock - owner thread: 0x000002966c9836b0
[0x000002964be71a20] Heap_lock - owner thread: 0x00000296745e0880

Heap address: 0x0000000760000000, size: 2560 MB, Compressed Oops mode: Zero based, Oop shift amount: 3

CDS archive(s) mapped at: [0x0000029600000000-0x0000029600bb0000-0x0000029600bb0000), size 12255232, SharedBaseAddress: 0x0000029600000000, ArchiveRelocationMode: 1.
Compressed class space mapped at: 0x0000029601000000-0x0000029635000000, reserved size: 872415232
Narrow klass base: 0x0000029600000000, Narrow klass shift: 0, Narrow klass range: 0x100000000

GC Precious Log:
 CPUs: 12 total, 12 available
 Memory: 7582M
 Large Page Support: Disabled
 NUMA Support: Disabled
 Compressed Oops: Enabled (Zero based)
 Heap Region Size: 2M
 Heap Min Capacity: 8M
 Heap Initial Capacity: 120M
 Heap Max Capacity: 2560M
 Pre-touch: Disabled
 Parallel Workers: 10
 Concurrent Workers: 3
 Concurrent Refinement Workers: 10
 Periodic GC: Disabled

Heap:
 garbage-first heap   total 1785856K, used 434552K [0x0000000760000000, 0x0000000800000000)
  region size 2048K, 4 young (8192K), 4 survivors (8192K)
 Metaspace       used 175156K, committed 177408K, reserved 1048576K
  class space    used 25170K, committed 26176K, reserved 851968K

Heap Regions: E=young(eden), S=young(survivor), O=old, HS=humongous(starts), HC=humongous(continues), CS=collection set, F=free, OA=open archive, CA=closed archive, TAMS=top-at-mark-start (previous, next)
|   0|0x0000000760000000, 0x0000000760200000, 0x0000000760200000|100%|HS|  |TAMS 0x0000000760200000, 0x0000000760000000| Complete 
|   1|0x0000000760200000, 0x0000000760400000, 0x0000000760400000|100%|HC|  |TAMS 0x0000000760400000, 0x0000000760200000| Complete 
|   2|0x0000000760400000, 0x0000000760600000, 0x0000000760600000|100%| O|  |TAMS 0x0000000760600000, 0x0000000760400000| Untracked 
|   3|0x0000000760600000, 0x0000000760800000, 0x0000000760800000|100%| O|  |TAMS 0x0000000760800000, 0x0000000760600000| Untracked 
|   4|0x0000000760800000, 0x0000000760a00000, 0x0000000760a00000|100%| O|  |TAMS 0x0000000760a00000, 0x0000000760800000| Untracked 
|   5|0x0000000760a00000, 0x0000000760c00000, 0x0000000760c00000|100%| O|  |TAMS 0x0000000760c00000, 0x0000000760a00000| Untracked 
|   6|0x0000000760c00000, 0x0000000760e00000, 0x0000000760e00000|100%| O|  |TAMS 0x0000000760e00000, 0x0000000760c00000| Untracked 
|   7|0x0000000760e00000, 0x0000000760fd6c00, 0x0000000761000000| 91%| O|  |TAMS 0x0000000760fd6c00, 0x0000000760e00000| Untracked 
|   8|0x0000000761000000, 0x0000000761200000, 0x0000000761200000|100%| O|  |TAMS 0x0000000761200000, 0x0000000761000000| Untracked 
|   9|0x0000000761200000, 0x0000000761400000, 0x0000000761400000|100%| O|  |TAMS 0x0000000761400000, 0x0000000761200000| Untracked 
|  10|0x0000000761400000, 0x0000000761600000, 0x0000000761600000|100%| O|  |TAMS 0x0000000761600000, 0x0000000761400000| Untracked 
|  11|0x0000000761600000, 0x0000000761800000, 0x0000000761800000|100%|HS|  |TAMS 0x0000000761800000, 0x0000000761600000| Complete 
|  12|0x0000000761800000, 0x0000000761a00000, 0x0000000761a00000|100%| O|  |TAMS 0x0000000761a00000, 0x0000000761800000| Untracked 
|  13|0x0000000761a00000, 0x0000000761c00000, 0x0000000761c00000|100%| O|  |TAMS 0x0000000761c00000, 0x0000000761a00000| Untracked 
|  14|0x0000000761c00000, 0x0000000761e00000, 0x0000000761e00000|100%| O|  |TAMS 0x0000000761e00000, 0x0000000761c00000| Untracked 
|  15|0x0000000761e00000, 0x0000000762000000, 0x0000000762000000|100%| O|  |TAMS 0x0000000762000000, 0x0000000761e00000| Untracked 
|  16|0x0000000762000000, 0x0000000762200000, 0x0000000762200000|100%|HS|  |TAMS 0x0000000762200000, 0x0000000762000000| Complete 
|  17|0x0000000762200000, 0x0000000762400000, 0x0000000762400000|100%| O|  |TAMS 0x0000000762400000, 0x0000000762200000| Untracked 
|  18|0x0000000762400000, 0x0000000762600000, 0x0000000762600000|100%| O|  |TAMS 0x0000000762600000, 0x0000000762400000| Untracked 
|  19|0x0000000762600000, 0x0000000762800000, 0x0000000762800000|100%| O|  |TAMS 0x0000000762800000, 0x0000000762600000| Untracked 
|  20|0x0000000762800000, 0x0000000762a00000, 0x0000000762a00000|100%| O|  |TAMS 0x0000000762a00000, 0x0000000762800000| Untracked 
|  21|0x0000000762a00000, 0x0000000762c00000, 0x0000000762c00000|100%| O|  |TAMS 0x0000000762c00000, 0x0000000762a00000| Untracked 
|  22|0x0000000762c00000, 0x0000000762e00000, 0x0000000762e00000|100%| O|  |TAMS 0x0000000762e00000, 0x0000000762c00000| Untracked 
|  23|0x0000000762e00000, 0x0000000763000000, 0x0000000763000000|100%| O|  |TAMS 0x0000000763000000, 0x0000000762e00000| Untracked 
|  24|0x0000000763000000, 0x0000000763200000, 0x0000000763200000|100%| O|  |TAMS 0x0000000763200000, 0x0000000763000000| Untracked 
|  25|0x0000000763200000, 0x0000000763400000, 0x0000000763400000|100%| O|  |TAMS 0x0000000763400000, 0x0000000763200000| Untracked 
|  26|0x0000000763400000, 0x0000000763600000, 0x0000000763600000|100%| O|  |TAMS 0x0000000763600000, 0x0000000763400000| Untracked 
|  27|0x0000000763600000, 0x0000000763800000, 0x0000000763800000|100%| O|  |TAMS 0x0000000763800000, 0x0000000763600000| Untracked 
|  28|0x0000000763800000, 0x0000000763a00000, 0x0000000763a00000|100%| O|  |TAMS 0x0000000763a00000, 0x0000000763800000| Untracked 
|  29|0x0000000763a00000, 0x0000000763c00000, 0x0000000763c00000|100%| O|  |TAMS 0x0000000763c00000, 0x0000000763a00000| Untracked 
|  30|0x0000000763c00000, 0x0000000763e00000, 0x0000000763e00000|100%| O|  |TAMS 0x0000000763e00000, 0x0000000763c00000| Untracked 
|  31|0x0000000763e00000, 0x0000000764000000, 0x0000000764000000|100%|HS|  |TAMS 0x0000000764000000, 0x0000000763e00000| Complete 
|  32|0x0000000764000000, 0x0000000764200000, 0x0000000764200000|100%| O|  |TAMS 0x0000000764200000, 0x0000000764000000| Untracked 
|  33|0x0000000764200000, 0x0000000764400000, 0x0000000764400000|100%| O|  |TAMS 0x0000000764400000, 0x0000000764200000| Untracked 
|  34|0x0000000764400000, 0x0000000764600000, 0x0000000764600000|100%| O|  |TAMS 0x0000000764600000, 0x0000000764400000| Untracked 
|  35|0x0000000764600000, 0x0000000764800000, 0x0000000764800000|100%| O|  |TAMS 0x0000000764800000, 0x0000000764600000| Untracked 
|  36|0x0000000764800000, 0x0000000764a00000, 0x0000000764a00000|100%| O|  |TAMS 0x0000000764a00000, 0x0000000764800000| Untracked 
|  37|0x0000000764a00000, 0x0000000764c00000, 0x0000000764c00000|100%| O|  |TAMS 0x0000000764c00000, 0x0000000764a00000| Untracked 
|  38|0x0000000764c00000, 0x0000000764e00000, 0x0000000764e00000|100%| O|  |TAMS 0x0000000764e00000, 0x0000000764c00000| Untracked 
|  39|0x0000000764e00000, 0x0000000765000000, 0x0000000765000000|100%| O|  |TAMS 0x0000000765000000, 0x0000000764e00000| Untracked 
|  40|0x0000000765000000, 0x0000000765200000, 0x0000000765200000|100%| O|  |TAMS 0x0000000765200000, 0x0000000765000000| Untracked 
|  41|0x0000000765200000, 0x0000000765400000, 0x0000000765400000|100%| O|  |TAMS 0x0000000765400000, 0x0000000765200000| Untracked 
|  42|0x0000000765400000, 0x0000000765600000, 0x0000000765600000|100%|HS|  |TAMS 0x0000000765600000, 0x0000000765400000| Complete 
|  43|0x0000000765600000, 0x0000000765800000, 0x0000000765800000|100%| O|  |TAMS 0x0000000765800000, 0x0000000765600000| Untracked 
|  44|0x0000000765800000, 0x0000000765a00000, 0x0000000765a00000|100%| O|  |TAMS 0x0000000765a00000, 0x0000000765800000| Untracked 
|  45|0x0000000765a00000, 0x0000000765c00000, 0x0000000765c00000|100%| O|  |TAMS 0x0000000765c00000, 0x0000000765a00000| Untracked 
|  46|0x0000000765c00000, 0x0000000765e00000, 0x0000000765e00000|100%| O|  |TAMS 0x0000000765e00000, 0x0000000765c00000| Untracked 
|  47|0x0000000765e00000, 0x0000000766000000, 0x0000000766000000|100%| O|  |TAMS 0x0000000766000000, 0x0000000765e00000| Untracked 
|  48|0x0000000766000000, 0x0000000766200000, 0x0000000766200000|100%| O|  |TAMS 0x0000000766200000, 0x0000000766000000| Untracked 
|  49|0x0000000766200000, 0x0000000766400000, 0x0000000766400000|100%| O|  |TAMS 0x0000000766400000, 0x0000000766200000| Untracked 
|  50|0x0000000766400000, 0x0000000766600000, 0x0000000766600000|100%| O|  |TAMS 0x0000000766600000, 0x0000000766400000| Untracked 
|  51|0x0000000766600000, 0x0000000766800000, 0x0000000766800000|100%| O|  |TAMS 0x0000000766800000, 0x0000000766600000| Untracked 
|  52|0x0000000766800000, 0x0000000766a00000, 0x0000000766a00000|100%| O|  |TAMS 0x0000000766a00000, 0x0000000766800000| Untracked 
|  53|0x0000000766a00000, 0x0000000766c00000, 0x0000000766c00000|100%| O|  |TAMS 0x0000000766c00000, 0x0000000766a00000| Untracked 
|  54|0x0000000766c00000, 0x0000000766e00000, 0x0000000766e00000|100%| O|  |TAMS 0x0000000766e00000, 0x0000000766c00000| Untracked 
|  55|0x0000000766e00000, 0x0000000767000000, 0x0000000767000000|100%| O|  |TAMS 0x0000000767000000, 0x0000000766e00000| Untracked 
|  56|0x0000000767000000, 0x0000000767200000, 0x0000000767200000|100%| O|  |TAMS 0x0000000767200000, 0x0000000767000000| Untracked 
|  57|0x0000000767200000, 0x0000000767400000, 0x0000000767400000|100%| O|  |TAMS 0x0000000767400000, 0x0000000767200000| Untracked 
|  58|0x0000000767400000, 0x0000000767600000, 0x0000000767600000|100%| O|  |TAMS 0x0000000767600000, 0x0000000767400000| Untracked 
|  59|0x0000000767600000, 0x0000000767800000, 0x0000000767800000|100%| O|  |TAMS 0x0000000767800000, 0x0000000767600000| Untracked 
|  60|0x0000000767800000, 0x0000000767a00000, 0x0000000767a00000|100%| O|  |TAMS 0x0000000767a00000, 0x0000000767800000| Untracked 
|  61|0x0000000767a00000, 0x0000000767c00000, 0x0000000767c00000|100%| O|  |TAMS 0x0000000767c00000, 0x0000000767a00000| Untracked 
|  62|0x0000000767c00000, 0x0000000767e00000, 0x0000000767e00000|100%| O|  |TAMS 0x0000000767e00000, 0x0000000767c00000| Untracked 
|  63|0x0000000767e00000, 0x0000000768000000, 0x0000000768000000|100%| O|  |TAMS 0x0000000768000000, 0x0000000767e00000| Untracked 
|  64|0x0000000768000000, 0x0000000768200000, 0x0000000768200000|100%| O|  |TAMS 0x0000000768200000, 0x0000000768000000| Untracked 
|  65|0x0000000768200000, 0x0000000768400000, 0x0000000768400000|100%| O|  |TAMS 0x0000000768400000, 0x0000000768200000| Untracked 
|  66|0x0000000768400000, 0x0000000768600000, 0x0000000768600000|100%| O|  |TAMS 0x0000000768600000, 0x0000000768400000| Untracked 
|  67|0x0000000768600000, 0x0000000768800000, 0x0000000768800000|100%| O|  |TAMS 0x0000000768800000, 0x0000000768600000| Untracked 
|  68|0x0000000768800000, 0x0000000768a00000, 0x0000000768a00000|100%| O|  |TAMS 0x0000000768a00000, 0x0000000768800000| Untracked 
|  69|0x0000000768a00000, 0x0000000768c00000, 0x0000000768c00000|100%| O|  |TAMS 0x0000000768c00000, 0x0000000768a00000| Untracked 
|  70|0x0000000768c00000, 0x0000000768e00000, 0x0000000768e00000|100%| O|  |TAMS 0x0000000768e00000, 0x0000000768c00000| Untracked 
|  71|0x0000000768e00000, 0x0000000769000000, 0x0000000769000000|100%| O|  |TAMS 0x0000000769000000, 0x0000000768e00000| Untracked 
|  72|0x0000000769000000, 0x0000000769200000, 0x0000000769200000|100%| O|  |TAMS 0x0000000769200000, 0x0000000769000000| Untracked 
|  73|0x0000000769200000, 0x0000000769400000, 0x0000000769400000|100%| O|  |TAMS 0x0000000769400000, 0x0000000769200000| Untracked 
|  74|0x0000000769400000, 0x0000000769600000, 0x0000000769600000|100%| O|  |TAMS 0x0000000769600000, 0x0000000769400000| Untracked 
|  75|0x0000000769600000, 0x0000000769800000, 0x0000000769800000|100%| O|  |TAMS 0x0000000769800000, 0x0000000769600000| Untracked 
|  76|0x0000000769800000, 0x0000000769a00000, 0x0000000769a00000|100%| O|  |TAMS 0x0000000769a00000, 0x0000000769800000| Untracked 
|  77|0x0000000769a00000, 0x0000000769c00000, 0x0000000769c00000|100%| O|  |TAMS 0x0000000769c00000, 0x0000000769a00000| Untracked 
|  78|0x0000000769c00000, 0x0000000769e00000, 0x0000000769e00000|100%|HS|  |TAMS 0x0000000769e00000, 0x0000000769c00000| Complete 
|  79|0x0000000769e00000, 0x000000076a000000, 0x000000076a000000|100%| O|  |TAMS 0x000000076a000000, 0x0000000769e00000| Untracked 
|  80|0x000000076a000000, 0x000000076a200000, 0x000000076a200000|100%| O|  |TAMS 0x000000076a200000, 0x000000076a000000| Untracked 
|  81|0x000000076a200000, 0x000000076a400000, 0x000000076a400000|100%| O|  |TAMS 0x000000076a400000, 0x000000076a200000| Untracked 
|  82|0x000000076a400000, 0x000000076a600000, 0x000000076a600000|100%| O|  |TAMS 0x000000076a600000, 0x000000076a400000| Untracked 
|  83|0x000000076a600000, 0x000000076a800000, 0x000000076a800000|100%| O|  |TAMS 0x000000076a800000, 0x000000076a600000| Untracked 
|  84|0x000000076a800000, 0x000000076aa00000, 0x000000076aa00000|100%| O|  |TAMS 0x000000076aa00000, 0x000000076a800000| Untracked 
|  85|0x000000076aa00000, 0x000000076ac00000, 0x000000076ac00000|100%| O|  |TAMS 0x000000076ac00000, 0x000000076aa00000| Untracked 
|  86|0x000000076ac00000, 0x000000076ae00000, 0x000000076ae00000|100%| O|  |TAMS 0x000000076ae00000, 0x000000076ac00000| Untracked 
|  87|0x000000076ae00000, 0x000000076b000000, 0x000000076b000000|100%| O|  |TAMS 0x000000076b000000, 0x000000076ae00000| Untracked 
|  88|0x000000076b000000, 0x000000076b200000, 0x000000076b200000|100%| O|  |TAMS 0x000000076b200000, 0x000000076b000000| Untracked 
|  89|0x000000076b200000, 0x000000076b400000, 0x000000076b400000|100%| O|  |TAMS 0x000000076b400000, 0x000000076b200000| Untracked 
|  90|0x000000076b400000, 0x000000076b600000, 0x000000076b600000|100%| O|  |TAMS 0x000000076b600000, 0x000000076b400000| Untracked 
|  91|0x000000076b600000, 0x000000076b800000, 0x000000076b800000|100%| O|  |TAMS 0x000000076b800000, 0x000000076b600000| Untracked 
|  92|0x000000076b800000, 0x000000076ba00000, 0x000000076ba00000|100%| O|  |TAMS 0x000000076ba00000, 0x000000076b800000| Untracked 
|  93|0x000000076ba00000, 0x000000076bc00000, 0x000000076bc00000|100%| O|  |TAMS 0x000000076bc00000, 0x000000076ba00000| Untracked 
|  94|0x000000076bc00000, 0x000000076bc00000, 0x000000076be00000|  0%| F|  |TAMS 0x000000076bc00000, 0x000000076bc00000| Untracked 
|  95|0x000000076be00000, 0x000000076be00000, 0x000000076c000000|  0%| F|  |TAMS 0x000000076be00000, 0x000000076be00000| Untracked 
|  96|0x000000076c000000, 0x000000076c200000, 0x000000076c200000|100%| O|  |TAMS 0x000000076c000000, 0x000000076c000000| Untracked 
|  97|0x000000076c200000, 0x000000076c400000, 0x000000076c400000|100%| O|  |TAMS 0x000000076c400000, 0x000000076c200000| Untracked 
|  98|0x000000076c400000, 0x000000076c600000, 0x000000076c600000|100%| O|  |TAMS 0x000000076c600000, 0x000000076c400000| Untracked 
|  99|0x000000076c600000, 0x000000076c800000, 0x000000076c800000|100%| O|  |TAMS 0x000000076c800000, 0x000000076c600000| Untracked 
| 100|0x000000076c800000, 0x000000076ca00000, 0x000000076ca00000|100%| O|  |TAMS 0x000000076ca00000, 0x000000076c800000| Untracked 
| 101|0x000000076ca00000, 0x000000076cc00000, 0x000000076cc00000|100%| O|  |TAMS 0x000000076cc00000, 0x000000076ca00000| Untracked 
| 102|0x000000076cc00000, 0x000000076ce00000, 0x000000076ce00000|100%| O|  |TAMS 0x000000076ce00000, 0x000000076cc00000| Untracked 
| 103|0x000000076ce00000, 0x000000076d000000, 0x000000076d000000|100%| O|  |TAMS 0x000000076d000000, 0x000000076ce00000| Untracked 
| 104|0x000000076d000000, 0x000000076d200000, 0x000000076d200000|100%| O|  |TAMS 0x000000076d200000, 0x000000076d000000| Untracked 
| 105|0x000000076d200000, 0x000000076d400000, 0x000000076d400000|100%| O|  |TAMS 0x000000076d400000, 0x000000076d200000| Untracked 
| 106|0x000000076d400000, 0x000000076d600000, 0x000000076d600000|100%| O|  |TAMS 0x000000076d400000, 0x000000076d400000| Untracked 
| 107|0x000000076d600000, 0x000000076d600000, 0x000000076d800000|  0%| F|  |TAMS 0x000000076d600000, 0x000000076d600000| Untracked 
| 108|0x000000076d800000, 0x000000076d800000, 0x000000076da00000|  0%| F|  |TAMS 0x000000076d800000, 0x000000076d800000| Untracked 
| 109|0x000000076da00000, 0x000000076da00000, 0x000000076dc00000|  0%| F|  |TAMS 0x000000076da00000, 0x000000076da00000| Untracked 
| 110|0x000000076dc00000, 0x000000076de00000, 0x000000076de00000|100%| O|  |TAMS 0x000000076dc00000, 0x000000076dc00000| Untracked 
| 111|0x000000076de00000, 0x000000076e000000, 0x000000076e000000|100%| O|  |TAMS 0x000000076de00000, 0x000000076de00000| Untracked 
| 112|0x000000076e000000, 0x000000076e200000, 0x000000076e200000|100%| O|  |TAMS 0x000000076e000000, 0x000000076e000000| Untracked 
| 113|0x000000076e200000, 0x000000076e400000, 0x000000076e400000|100%| O|  |TAMS 0x000000076e400000, 0x000000076e200000| Untracked 
| 114|0x000000076e400000, 0x000000076e600000, 0x000000076e600000|100%| O|  |TAMS 0x000000076e600000, 0x000000076e400000| Untracked 
| 115|0x000000076e600000, 0x000000076e800000, 0x000000076e800000|100%| O|  |TAMS 0x000000076e800000, 0x000000076e600000| Untracked 
| 116|0x000000076e800000, 0x000000076ea00000, 0x000000076ea00000|100%| O|  |TAMS 0x000000076ea00000, 0x000000076e800000| Untracked 
| 117|0x000000076ea00000, 0x000000076ec00000, 0x000000076ec00000|100%| O|  |TAMS 0x000000076ec00000, 0x000000076ea00000| Untracked 
| 118|0x000000076ec00000, 0x000000076ee00000, 0x000000076ee00000|100%| O|  |TAMS 0x000000076ee00000, 0x000000076ec00000| Untracked 
| 119|0x000000076ee00000, 0x000000076f000000, 0x000000076f000000|100%| O|  |TAMS 0x000000076f000000, 0x000000076ee00000| Untracked 
| 120|0x000000076f000000, 0x000000076f200000, 0x000000076f200000|100%| O|  |TAMS 0x000000076f200000, 0x000000076f000000| Untracked 
| 121|0x000000076f200000, 0x000000076f400000, 0x000000076f400000|100%| O|  |TAMS 0x000000076f400000, 0x000000076f200000| Untracked 
| 122|0x000000076f400000, 0x000000076f400000, 0x000000076f600000|  0%| F|  |TAMS 0x000000076f400000, 0x000000076f400000| Untracked 
| 123|0x000000076f600000, 0x000000076f800000, 0x000000076f800000|100%| O|  |TAMS 0x000000076f600000, 0x000000076f600000| Untracked 
| 124|0x000000076f800000, 0x000000076fa00000, 0x000000076fa00000|100%| O|  |TAMS 0x000000076f800000, 0x000000076f800000| Untracked 
| 125|0x000000076fa00000, 0x000000076fa00000, 0x000000076fc00000|  0%| F|  |TAMS 0x000000076fa00000, 0x000000076fa00000| Untracked 
| 126|0x000000076fc00000, 0x000000076fe00000, 0x000000076fe00000|100%| O|  |TAMS 0x000000076fc00000, 0x000000076fc00000| Untracked 
| 127|0x000000076fe00000, 0x0000000770000000, 0x0000000770000000|100%| O|  |TAMS 0x0000000770000000, 0x000000076fe00000| Untracked 
| 128|0x0000000770000000, 0x0000000770200000, 0x0000000770200000|100%| O|  |TAMS 0x0000000770200000, 0x0000000770000000| Untracked 
| 129|0x0000000770200000, 0x0000000770400000, 0x0000000770400000|100%| O|  |TAMS 0x0000000770400000, 0x0000000770200000| Untracked 
| 130|0x0000000770400000, 0x0000000770600000, 0x0000000770600000|100%| O|  |TAMS 0x0000000770600000, 0x0000000770400000| Untracked 
| 131|0x0000000770600000, 0x0000000770800000, 0x0000000770800000|100%| O|  |TAMS 0x0000000770800000, 0x0000000770600000| Untracked 
| 132|0x0000000770800000, 0x0000000770800000, 0x0000000770a00000|  0%| F|  |TAMS 0x0000000770800000, 0x0000000770800000| Untracked 
| 133|0x0000000770a00000, 0x0000000770a00000, 0x0000000770c00000|  0%| F|  |TAMS 0x0000000770a00000, 0x0000000770a00000| Untracked 
| 134|0x0000000770c00000, 0x0000000770e00000, 0x0000000770e00000|100%| O|  |TAMS 0x0000000770c00000, 0x0000000770c00000| Untracked 
| 135|0x0000000770e00000, 0x0000000771000000, 0x0000000771000000|100%| O|  |TAMS 0x0000000770e00000, 0x0000000770e00000| Untracked 
| 136|0x0000000771000000, 0x0000000771200000, 0x0000000771200000|100%| O|  |TAMS 0x0000000771000000, 0x0000000771000000| Untracked 
| 137|0x0000000771200000, 0x0000000771400000, 0x0000000771400000|100%| O|  |TAMS 0x0000000771200000, 0x0000000771200000| Untracked 
| 138|0x0000000771400000, 0x0000000771600000, 0x0000000771600000|100%|HS|  |TAMS 0x0000000771600000, 0x0000000771400000| Complete 
| 139|0x0000000771600000, 0x0000000771800000, 0x0000000771800000|100%| O|  |TAMS 0x0000000771600000, 0x0000000771600000| Untracked 
| 140|0x0000000771800000, 0x00000007718a5c00, 0x0000000771a00000| 32%| O|  |TAMS 0x0000000771800000, 0x0000000771800000| Untracked 
| 141|0x0000000771a00000, 0x0000000771a00000, 0x0000000771c00000|  0%| F|  |TAMS 0x0000000771a00000, 0x0000000771a00000| Untracked 
| 142|0x0000000771c00000, 0x0000000771c00000, 0x0000000771e00000|  0%| F|  |TAMS 0x0000000771c00000, 0x0000000771c00000| Untracked 
| 143|0x0000000771e00000, 0x0000000771e00000, 0x0000000772000000|  0%| F|  |TAMS 0x0000000771e00000, 0x0000000771e00000| Untracked 
| 144|0x0000000772000000, 0x0000000772200000, 0x0000000772200000|100%| O|  |TAMS 0x0000000772000000, 0x0000000772000000| Untracked 
| 145|0x0000000772200000, 0x0000000772400000, 0x0000000772400000|100%| O|  |TAMS 0x0000000772200000, 0x0000000772200000| Untracked 
| 146|0x0000000772400000, 0x0000000772600000, 0x0000000772600000|100%| O|  |TAMS 0x0000000772400000, 0x0000000772400000| Untracked 
| 147|0x0000000772600000, 0x0000000772800000, 0x0000000772800000|100%| O|  |TAMS 0x0000000772600000, 0x0000000772600000| Untracked 
| 148|0x0000000772800000, 0x0000000772800000, 0x0000000772a00000|  0%| F|  |TAMS 0x0000000772800000, 0x0000000772800000| Untracked 
| 149|0x0000000772a00000, 0x0000000772a00000, 0x0000000772c00000|  0%| F|  |TAMS 0x0000000772a00000, 0x0000000772a00000| Untracked 
| 150|0x0000000772c00000, 0x0000000772e00000, 0x0000000772e00000|100%| O|  |TAMS 0x0000000772c00000, 0x0000000772c00000| Untracked 
| 151|0x0000000772e00000, 0x0000000773000000, 0x0000000773000000|100%| O|  |TAMS 0x0000000772e00000, 0x0000000772e00000| Untracked 
| 152|0x0000000773000000, 0x0000000773200000, 0x0000000773200000|100%| O|  |TAMS 0x0000000773000000, 0x0000000773000000| Untracked 
| 153|0x0000000773200000, 0x0000000773400000, 0x0000000773400000|100%| O|  |TAMS 0x0000000773200000, 0x0000000773200000| Untracked 
| 154|0x0000000773400000, 0x0000000773400000, 0x0000000773600000|  0%| F|  |TAMS 0x0000000773400000, 0x0000000773400000| Untracked 
| 155|0x0000000773600000, 0x0000000773600000, 0x0000000773800000|  0%| F|  |TAMS 0x0000000773600000, 0x0000000773600000| Untracked 
| 156|0x0000000773800000, 0x0000000773a00000, 0x0000000773a00000|100%| O|  |TAMS 0x0000000773800000, 0x0000000773800000| Untracked 
| 157|0x0000000773a00000, 0x0000000773c00000, 0x0000000773c00000|100%|HS|  |TAMS 0x0000000773c00000, 0x0000000773a00000| Complete 
| 158|0x0000000773c00000, 0x0000000773e00000, 0x0000000773e00000|100%| O|  |TAMS 0x0000000773c00000, 0x0000000773c00000| Untracked 
| 159|0x0000000773e00000, 0x0000000774000000, 0x0000000774000000|100%| O|  |TAMS 0x0000000774000000, 0x0000000773e00000| Untracked 
| 160|0x0000000774000000, 0x0000000774200000, 0x0000000774200000|100%| O|  |TAMS 0x0000000774200000, 0x0000000774000000| Untracked 
| 161|0x0000000774200000, 0x0000000774400000, 0x0000000774400000|100%| O|  |TAMS 0x0000000774400000, 0x0000000774200000| Untracked 
| 162|0x0000000774400000, 0x0000000774600000, 0x0000000774600000|100%| O|  |TAMS 0x0000000774600000, 0x0000000774400000| Untracked 
| 163|0x0000000774600000, 0x0000000774800000, 0x0000000774800000|100%| O|  |TAMS 0x0000000774800000, 0x0000000774600000| Untracked 
| 164|0x0000000774800000, 0x0000000774800000, 0x0000000774a00000|  0%| F|  |TAMS 0x0000000774800000, 0x0000000774800000| Untracked 
| 165|0x0000000774a00000, 0x0000000774c00000, 0x0000000774c00000|100%| O|  |TAMS 0x0000000774c00000, 0x0000000774a00000| Untracked 
| 166|0x0000000774c00000, 0x0000000774e00000, 0x0000000774e00000|100%| O|  |TAMS 0x0000000774e00000, 0x0000000774c00000| Untracked 
| 167|0x0000000774e00000, 0x0000000775000000, 0x0000000775000000|100%| O|  |TAMS 0x0000000775000000, 0x0000000774e00000| Untracked 
| 168|0x0000000775000000, 0x0000000775200000, 0x0000000775200000|100%| O|  |TAMS 0x0000000775200000, 0x0000000775000000| Untracked 
| 169|0x0000000775200000, 0x0000000775400000, 0x0000000775400000|100%| O|  |TAMS 0x0000000775400000, 0x0000000775200000| Untracked 
| 170|0x0000000775400000, 0x0000000775600000, 0x0000000775600000|100%| O|  |TAMS 0x0000000775600000, 0x0000000775400000| Untracked 
| 171|0x0000000775600000, 0x0000000775800000, 0x0000000775800000|100%| O|  |TAMS 0x0000000775800000, 0x0000000775600000| Untracked 
| 172|0x0000000775800000, 0x0000000775a00000, 0x0000000775a00000|100%| O|  |TAMS 0x0000000775a00000, 0x0000000775800000| Untracked 
| 173|0x0000000775a00000, 0x0000000775a00000, 0x0000000775c00000|  0%| F|  |TAMS 0x0000000775a00000, 0x0000000775a00000| Untracked 
| 174|0x0000000775c00000, 0x0000000775c00000, 0x0000000775e00000|  0%| F|  |TAMS 0x0000000775c00000, 0x0000000775c00000| Untracked 
| 175|0x0000000775e00000, 0x0000000775e00000, 0x0000000776000000|  0%| F|  |TAMS 0x0000000775e00000, 0x0000000775e00000| Untracked 
| 176|0x0000000776000000, 0x0000000776200000, 0x0000000776200000|100%| O|  |TAMS 0x0000000776000000, 0x0000000776000000| Untracked 
| 177|0x0000000776200000, 0x0000000776400000, 0x0000000776400000|100%| O|  |TAMS 0x0000000776200000, 0x0000000776200000| Untracked 
| 178|0x0000000776400000, 0x0000000776400000, 0x0000000776600000|  0%| F|  |TAMS 0x0000000776400000, 0x0000000776400000| Untracked 
| 179|0x0000000776600000, 0x0000000776600000, 0x0000000776800000|  0%| F|  |TAMS 0x0000000776600000, 0x0000000776600000| Untracked 
| 180|0x0000000776800000, 0x0000000776800000, 0x0000000776a00000|  0%| F|  |TAMS 0x0000000776800000, 0x0000000776800000| Untracked 
| 181|0x0000000776a00000, 0x0000000776a00000, 0x0000000776c00000|  0%| F|  |TAMS 0x0000000776a00000, 0x0000000776a00000| Untracked 
| 182|0x0000000776c00000, 0x0000000776c00000, 0x0000000776e00000|  0%| F|  |TAMS 0x0000000776c00000, 0x0000000776c00000| Untracked 
| 183|0x0000000776e00000, 0x0000000777000000, 0x0000000777000000|100%|HS|  |TAMS 0x0000000777000000, 0x0000000776e00000| Complete 
| 184|0x0000000777000000, 0x0000000777200000, 0x0000000777200000|100%|HS|  |TAMS 0x0000000777200000, 0x0000000777000000| Complete 
| 185|0x0000000777200000, 0x0000000777400000, 0x0000000777400000|100%| O|  |TAMS 0x0000000777400000, 0x0000000777200000| Untracked 
| 186|0x0000000777400000, 0x0000000777600000, 0x0000000777600000|100%| O|  |TAMS 0x0000000777600000, 0x0000000777400000| Untracked 
| 187|0x0000000777600000, 0x0000000777800000, 0x0000000777800000|100%| O|  |TAMS 0x0000000777800000, 0x0000000777600000| Untracked 
| 188|0x0000000777800000, 0x0000000777800000, 0x0000000777a00000|  0%| F|  |TAMS 0x0000000777800000, 0x0000000777800000| Untracked 
| 189|0x0000000777a00000, 0x0000000777c00000, 0x0000000777c00000|100%| O|  |TAMS 0x0000000777c00000, 0x0000000777a00000| Untracked 
| 190|0x0000000777c00000, 0x0000000777c00000, 0x0000000777e00000|  0%| F|  |TAMS 0x0000000777c00000, 0x0000000777c00000| Untracked 
| 191|0x0000000777e00000, 0x0000000778000000, 0x0000000778000000|100%| O|  |TAMS 0x0000000778000000, 0x0000000777e00000| Untracked 
| 192|0x0000000778000000, 0x0000000778000000, 0x0000000778200000|  0%| F|  |TAMS 0x0000000778000000, 0x0000000778000000| Untracked 
| 193|0x0000000778200000, 0x0000000778400000, 0x0000000778400000|100%| O|  |TAMS 0x0000000778400000, 0x0000000778200000| Untracked 
| 194|0x0000000778400000, 0x0000000778600000, 0x0000000778600000|100%| O|  |TAMS 0x0000000778600000, 0x0000000778400000| Untracked 
| 195|0x0000000778600000, 0x0000000778800000, 0x0000000778800000|100%| O|  |TAMS 0x0000000778800000, 0x0000000778600000| Untracked 
| 196|0x0000000778800000, 0x0000000778800000, 0x0000000778a00000|  0%| F|  |TAMS 0x0000000778800000, 0x0000000778800000| Untracked 
| 197|0x0000000778a00000, 0x0000000778a00000, 0x0000000778c00000|  0%| F|  |TAMS 0x0000000778a00000, 0x0000000778a00000| Untracked 
| 198|0x0000000778c00000, 0x0000000778e00000, 0x0000000778e00000|100%| O|  |TAMS 0x0000000778e00000, 0x0000000778c00000| Untracked 
| 199|0x0000000778e00000, 0x0000000779000000, 0x0000000779000000|100%| O|  |TAMS 0x0000000779000000, 0x0000000778e00000| Untracked 
| 200|0x0000000779000000, 0x0000000779000000, 0x0000000779200000|  0%| F|  |TAMS 0x0000000779000000, 0x0000000779000000| Untracked 
| 201|0x0000000779200000, 0x0000000779200000, 0x0000000779400000|  0%| F|  |TAMS 0x0000000779200000, 0x0000000779200000| Untracked 
| 202|0x0000000779400000, 0x0000000779400000, 0x0000000779600000|  0%| F|  |TAMS 0x0000000779400000, 0x0000000779400000| Untracked 
| 203|0x0000000779600000, 0x0000000779800000, 0x0000000779800000|100%| O|  |TAMS 0x0000000779800000, 0x0000000779600000| Untracked 
| 204|0x0000000779800000, 0x0000000779a00000, 0x0000000779a00000|100%| O|  |TAMS 0x0000000779a00000, 0x0000000779800000| Untracked 
| 205|0x0000000779a00000, 0x0000000779c00000, 0x0000000779c00000|100%| O|  |TAMS 0x0000000779c00000, 0x0000000779a00000| Untracked 
| 206|0x0000000779c00000, 0x0000000779e00000, 0x0000000779e00000|100%| O|  |TAMS 0x0000000779e00000, 0x0000000779c00000| Untracked 
| 207|0x0000000779e00000, 0x0000000779e00000, 0x000000077a000000|  0%| F|  |TAMS 0x0000000779e00000, 0x0000000779e00000| Untracked 
| 208|0x000000077a000000, 0x000000077a200000, 0x000000077a200000|100%| O|  |TAMS 0x000000077a200000, 0x000000077a000000| Untracked 
| 209|0x000000077a200000, 0x000000077a200000, 0x000000077a400000|  0%| F|  |TAMS 0x000000077a200000, 0x000000077a200000| Untracked 
| 210|0x000000077a400000, 0x000000077a600000, 0x000000077a600000|100%| O|  |TAMS 0x000000077a600000, 0x000000077a400000| Untracked 
| 211|0x000000077a600000, 0x000000077a800000, 0x000000077a800000|100%| O|  |TAMS 0x000000077a800000, 0x000000077a600000| Untracked 
| 212|0x000000077a800000, 0x000000077aa00000, 0x000000077aa00000|100%| O|  |TAMS 0x000000077aa00000, 0x000000077a800000| Untracked 
| 213|0x000000077aa00000, 0x000000077ac00000, 0x000000077ac00000|100%| O|  |TAMS 0x000000077ac00000, 0x000000077aa00000| Untracked 
| 214|0x000000077ac00000, 0x000000077ae00000, 0x000000077ae00000|100%| O|  |TAMS 0x000000077ae00000, 0x000000077ac00000| Untracked 
| 215|0x000000077ae00000, 0x000000077ae00000, 0x000000077b000000|  0%| F|  |TAMS 0x000000077ae00000, 0x000000077ae00000| Untracked 
| 216|0x000000077b000000, 0x000000077b000000, 0x000000077b200000|  0%| F|  |TAMS 0x000000077b000000, 0x000000077b000000| Untracked 
| 217|0x000000077b200000, 0x000000077b200000, 0x000000077b400000|  0%| F|  |TAMS 0x000000077b200000, 0x000000077b200000| Untracked 
| 218|0x000000077b400000, 0x000000077b400000, 0x000000077b600000|  0%| F|  |TAMS 0x000000077b400000, 0x000000077b400000| Untracked 
| 219|0x000000077b600000, 0x000000077b600000, 0x000000077b800000|  0%| F|  |TAMS 0x000000077b600000, 0x000000077b600000| Untracked 
| 220|0x000000077b800000, 0x000000077b800000, 0x000000077ba00000|  0%| F|  |TAMS 0x000000077b800000, 0x000000077b800000| Untracked 
| 221|0x000000077ba00000, 0x000000077ba00000, 0x000000077bc00000|  0%| F|  |TAMS 0x000000077ba00000, 0x000000077ba00000| Untracked 
| 222|0x000000077bc00000, 0x000000077bc00000, 0x000000077be00000|  0%| F|  |TAMS 0x000000077bc00000, 0x000000077bc00000| Untracked 
| 223|0x000000077be00000, 0x000000077be00000, 0x000000077c000000|  0%| F|  |TAMS 0x000000077be00000, 0x000000077be00000| Untracked 
| 224|0x000000077c000000, 0x000000077c000000, 0x000000077c200000|  0%| F|  |TAMS 0x000000077c000000, 0x000000077c000000| Untracked 
| 225|0x000000077c200000, 0x000000077c200000, 0x000000077c400000|  0%| F|  |TAMS 0x000000077c200000, 0x000000077c200000| Untracked 
| 226|0x000000077c400000, 0x000000077c400000, 0x000000077c600000|  0%| F|  |TAMS 0x000000077c400000, 0x000000077c400000| Untracked 
| 227|0x000000077c600000, 0x000000077c600000, 0x000000077c800000|  0%| F|  |TAMS 0x000000077c600000, 0x000000077c600000| Untracked 
| 228|0x000000077c800000, 0x000000077c800000, 0x000000077ca00000|  0%| F|  |TAMS 0x000000077c800000, 0x000000077c800000| Untracked 
| 229|0x000000077ca00000, 0x000000077cc00000, 0x000000077cc00000|100%|HS|  |TAMS 0x000000077cc00000, 0x000000077ca00000| Complete 
| 230|0x000000077cc00000, 0x000000077ce00000, 0x000000077ce00000|100%|HC|  |TAMS 0x000000077ce00000, 0x000000077cc00000| Complete 
| 231|0x000000077ce00000, 0x000000077d000000, 0x000000077d000000|100%|HC|  |TAMS 0x000000077d000000, 0x000000077ce00000| Complete 
| 232|0x000000077d000000, 0x000000077d200000, 0x000000077d200000|100%|HC|  |TAMS 0x000000077d200000, 0x000000077d000000| Complete 
| 233|0x000000077d200000, 0x000000077d200000, 0x000000077d400000|  0%| F|  |TAMS 0x000000077d200000, 0x000000077d200000| Untracked 
| 234|0x000000077d400000, 0x000000077d400000, 0x000000077d600000|  0%| F|  |TAMS 0x000000077d400000, 0x000000077d400000| Untracked 
| 235|0x000000077d600000, 0x000000077d600000, 0x000000077d800000|  0%| F|  |TAMS 0x000000077d600000, 0x000000077d600000| Untracked 
| 236|0x000000077d800000, 0x000000077d800000, 0x000000077da00000|  0%| F|  |TAMS 0x000000077d800000, 0x000000077d800000| Untracked 
| 237|0x000000077da00000, 0x000000077da00000, 0x000000077dc00000|  0%| F|  |TAMS 0x000000077da00000, 0x000000077da00000| Untracked 
| 238|0x000000077dc00000, 0x000000077dc00000, 0x000000077de00000|  0%| F|  |TAMS 0x000000077dc00000, 0x000000077dc00000| Untracked 
| 239|0x000000077de00000, 0x000000077de00000, 0x000000077e000000|  0%| F|  |TAMS 0x000000077de00000, 0x000000077de00000| Untracked 
| 240|0x000000077e000000, 0x000000077e000000, 0x000000077e200000|  0%| F|  |TAMS 0x000000077e000000, 0x000000077e000000| Untracked 
| 241|0x000000077e200000, 0x000000077e200000, 0x000000077e400000|  0%| F|  |TAMS 0x000000077e200000, 0x000000077e200000| Untracked 
| 242|0x000000077e400000, 0x000000077e400000, 0x000000077e600000|  0%| F|  |TAMS 0x000000077e400000, 0x000000077e400000| Untracked 
| 243|0x000000077e600000, 0x000000077e600000, 0x000000077e800000|  0%| F|  |TAMS 0x000000077e600000, 0x000000077e600000| Untracked 
| 244|0x000000077e800000, 0x000000077e800000, 0x000000077ea00000|  0%| F|  |TAMS 0x000000077e800000, 0x000000077e800000| Untracked 
| 245|0x000000077ea00000, 0x000000077ea00000, 0x000000077ec00000|  0%| F|  |TAMS 0x000000077ea00000, 0x000000077ea00000| Untracked 
| 246|0x000000077ec00000, 0x000000077ec00000, 0x000000077ee00000|  0%| F|  |TAMS 0x000000077ec00000, 0x000000077ec00000| Untracked 
| 247|0x000000077ee00000, 0x000000077ee00000, 0x000000077f000000|  0%| F|  |TAMS 0x000000077ee00000, 0x000000077ee00000| Untracked 
| 248|0x000000077f000000, 0x000000077f000000, 0x000000077f200000|  0%| F|  |TAMS 0x000000077f000000, 0x000000077f000000| Untracked 
| 249|0x000000077f200000, 0x000000077f200000, 0x000000077f400000|  0%| F|  |TAMS 0x000000077f200000, 0x000000077f200000| Untracked 
| 250|0x000000077f400000, 0x000000077f400000, 0x000000077f600000|  0%| F|  |TAMS 0x000000077f400000, 0x000000077f400000| Untracked 
| 251|0x000000077f600000, 0x000000077f600000, 0x000000077f800000|  0%| F|  |TAMS 0x000000077f600000, 0x000000077f600000| Untracked 
| 252|0x000000077f800000, 0x000000077f800000, 0x000000077fa00000|  0%| F|  |TAMS 0x000000077f800000, 0x000000077f800000| Untracked 
| 253|0x000000077fa00000, 0x000000077fa00000, 0x000000077fc00000|  0%| F|  |TAMS 0x000000077fa00000, 0x000000077fa00000| Untracked 
| 254|0x000000077fc00000, 0x000000077fc00000, 0x000000077fe00000|  0%| F|  |TAMS 0x000000077fc00000, 0x000000077fc00000| Untracked 
| 255|0x000000077fe00000, 0x000000077fe00000, 0x0000000780000000|  0%| F|  |TAMS 0x000000077fe00000, 0x000000077fe00000| Untracked 
| 256|0x0000000780000000, 0x0000000780000000, 0x0000000780200000|  0%| F|  |TAMS 0x0000000780000000, 0x0000000780000000| Untracked 
| 257|0x0000000780200000, 0x0000000780200000, 0x0000000780400000|  0%| F|  |TAMS 0x0000000780200000, 0x0000000780200000| Untracked 
| 258|0x0000000780400000, 0x0000000780400000, 0x0000000780600000|  0%| F|  |TAMS 0x0000000780400000, 0x0000000780400000| Untracked 
| 259|0x0000000780600000, 0x0000000780600000, 0x0000000780800000|  0%| F|  |TAMS 0x0000000780600000, 0x0000000780600000| Untracked 
| 260|0x0000000780800000, 0x0000000780800000, 0x0000000780a00000|  0%| F|  |TAMS 0x0000000780800000, 0x0000000780800000| Untracked 
| 261|0x0000000780a00000, 0x0000000780a00000, 0x0000000780c00000|  0%| F|  |TAMS 0x0000000780a00000, 0x0000000780a00000| Untracked 
| 262|0x0000000780c00000, 0x0000000780c00000, 0x0000000780e00000|  0%| F|  |TAMS 0x0000000780c00000, 0x0000000780c00000| Untracked 
| 263|0x0000000780e00000, 0x0000000780e00000, 0x0000000781000000|  0%| F|  |TAMS 0x0000000780e00000, 0x0000000780e00000| Untracked 
| 264|0x0000000781000000, 0x0000000781000000, 0x0000000781200000|  0%| F|  |TAMS 0x0000000781000000, 0x0000000781000000| Untracked 
| 265|0x0000000781200000, 0x0000000781200000, 0x0000000781400000|  0%| F|  |TAMS 0x0000000781200000, 0x0000000781200000| Untracked 
| 266|0x0000000781400000, 0x0000000781400000, 0x0000000781600000|  0%| F|  |TAMS 0x0000000781400000, 0x0000000781400000| Untracked 
| 267|0x0000000781600000, 0x0000000781600000, 0x0000000781800000|  0%| F|  |TAMS 0x0000000781600000, 0x0000000781600000| Untracked 
| 268|0x0000000781800000, 0x0000000781a00000, 0x0000000781a00000|100%| O|  |TAMS 0x0000000781a00000, 0x0000000781800000| Untracked 
| 269|0x0000000781a00000, 0x0000000781a00000, 0x0000000781c00000|  0%| F|  |TAMS 0x0000000781a00000, 0x0000000781a00000| Untracked 
| 270|0x0000000781c00000, 0x0000000781c00000, 0x0000000781e00000|  0%| F|  |TAMS 0x0000000781c00000, 0x0000000781c00000| Untracked 
| 271|0x0000000781e00000, 0x0000000781e00000, 0x0000000782000000|  0%| F|  |TAMS 0x0000000781e00000, 0x0000000781e00000| Untracked 
| 272|0x0000000782000000, 0x0000000782000000, 0x0000000782200000|  0%| F|  |TAMS 0x0000000782000000, 0x0000000782000000| Untracked 
| 273|0x0000000782200000, 0x0000000782200000, 0x0000000782400000|  0%| F|  |TAMS 0x0000000782200000, 0x0000000782200000| Untracked 
| 274|0x0000000782400000, 0x0000000782400000, 0x0000000782600000|  0%| F|  |TAMS 0x0000000782400000, 0x0000000782400000| Untracked 
| 275|0x0000000782600000, 0x0000000782600000, 0x0000000782800000|  0%| F|  |TAMS 0x0000000782600000, 0x0000000782600000| Untracked 
| 276|0x0000000782800000, 0x0000000782800000, 0x0000000782a00000|  0%| F|  |TAMS 0x0000000782800000, 0x0000000782800000| Untracked 
| 277|0x0000000782a00000, 0x0000000782a00000, 0x0000000782c00000|  0%| F|  |TAMS 0x0000000782a00000, 0x0000000782a00000| Untracked 
| 278|0x0000000782c00000, 0x0000000782c00000, 0x0000000782e00000|  0%| F|  |TAMS 0x0000000782c00000, 0x0000000782c00000| Untracked 
| 279|0x0000000782e00000, 0x0000000782e00000, 0x0000000783000000|  0%| F|  |TAMS 0x0000000782e00000, 0x0000000782e00000| Untracked 
| 280|0x0000000783000000, 0x0000000783000000, 0x0000000783200000|  0%| F|  |TAMS 0x0000000783000000, 0x0000000783000000| Untracked 
| 281|0x0000000783200000, 0x0000000783200000, 0x0000000783400000|  0%| F|  |TAMS 0x0000000783200000, 0x0000000783200000| Untracked 
| 282|0x0000000783400000, 0x0000000783400000, 0x0000000783600000|  0%| F|  |TAMS 0x0000000783400000, 0x0000000783400000| Untracked 
| 283|0x0000000783600000, 0x0000000783600000, 0x0000000783800000|  0%| F|  |TAMS 0x0000000783600000, 0x0000000783600000| Untracked 
| 284|0x0000000783800000, 0x0000000783800000, 0x0000000783a00000|  0%| F|  |TAMS 0x0000000783800000, 0x0000000783800000| Untracked 
| 285|0x0000000783a00000, 0x0000000783a00000, 0x0000000783c00000|  0%| F|  |TAMS 0x0000000783a00000, 0x0000000783a00000| Untracked 
| 286|0x0000000783c00000, 0x0000000783c00000, 0x0000000783e00000|  0%| F|  |TAMS 0x0000000783c00000, 0x0000000783c00000| Untracked 
| 287|0x0000000783e00000, 0x0000000783e00000, 0x0000000784000000|  0%| F|  |TAMS 0x0000000783e00000, 0x0000000783e00000| Untracked 
| 288|0x0000000784000000, 0x0000000784000000, 0x0000000784200000|  0%| F|  |TAMS 0x0000000784000000, 0x0000000784000000| Untracked 
| 289|0x0000000784200000, 0x0000000784200000, 0x0000000784400000|  0%| F|  |TAMS 0x0000000784200000, 0x0000000784200000| Untracked 
| 290|0x0000000784400000, 0x0000000784400000, 0x0000000784600000|  0%| F|  |TAMS 0x0000000784400000, 0x0000000784400000| Untracked 
| 291|0x0000000784600000, 0x0000000784600000, 0x0000000784800000|  0%| F|  |TAMS 0x0000000784600000, 0x0000000784600000| Untracked 
| 292|0x0000000784800000, 0x0000000784800000, 0x0000000784a00000|  0%| F|  |TAMS 0x0000000784800000, 0x0000000784800000| Untracked 
| 293|0x0000000784a00000, 0x0000000784a00000, 0x0000000784c00000|  0%| F|  |TAMS 0x0000000784a00000, 0x0000000784a00000| Untracked 
| 294|0x0000000784c00000, 0x0000000784c00000, 0x0000000784e00000|  0%| F|  |TAMS 0x0000000784c00000, 0x0000000784c00000| Untracked 
| 295|0x0000000784e00000, 0x0000000784e00000, 0x0000000785000000|  0%| F|  |TAMS 0x0000000784e00000, 0x0000000784e00000| Untracked 
| 296|0x0000000785000000, 0x0000000785000000, 0x0000000785200000|  0%| F|  |TAMS 0x0000000785000000, 0x0000000785000000| Untracked 
| 297|0x0000000785200000, 0x0000000785200000, 0x0000000785400000|  0%| F|  |TAMS 0x0000000785200000, 0x0000000785200000| Untracked 
| 298|0x0000000785400000, 0x0000000785400000, 0x0000000785600000|  0%| F|  |TAMS 0x0000000785400000, 0x0000000785400000| Untracked 
| 299|0x0000000785600000, 0x0000000785600000, 0x0000000785800000|  0%| F|  |TAMS 0x0000000785600000, 0x0000000785600000| Untracked 
| 300|0x0000000785800000, 0x0000000785800000, 0x0000000785a00000|  0%| F|  |TAMS 0x0000000785800000, 0x0000000785800000| Untracked 
| 301|0x0000000785a00000, 0x0000000785a00000, 0x0000000785c00000|  0%| F|  |TAMS 0x0000000785a00000, 0x0000000785a00000| Untracked 
| 302|0x0000000785c00000, 0x0000000785c00000, 0x0000000785e00000|  0%| F|  |TAMS 0x0000000785c00000, 0x0000000785c00000| Untracked 
| 303|0x0000000785e00000, 0x0000000785e00000, 0x0000000786000000|  0%| F|  |TAMS 0x0000000785e00000, 0x0000000785e00000| Untracked 
| 304|0x0000000786000000, 0x0000000786000000, 0x0000000786200000|  0%| F|  |TAMS 0x0000000786000000, 0x0000000786000000| Untracked 
| 305|0x0000000786200000, 0x0000000786200000, 0x0000000786400000|  0%| F|  |TAMS 0x0000000786200000, 0x0000000786200000| Untracked 
| 306|0x0000000786400000, 0x0000000786400000, 0x0000000786600000|  0%| F|  |TAMS 0x0000000786400000, 0x0000000786400000| Untracked 
| 307|0x0000000786600000, 0x0000000786600000, 0x0000000786800000|  0%| F|  |TAMS 0x0000000786600000, 0x0000000786600000| Untracked 
| 308|0x0000000786800000, 0x0000000786800000, 0x0000000786a00000|  0%| F|  |TAMS 0x0000000786800000, 0x0000000786800000| Untracked 
| 309|0x0000000786a00000, 0x0000000786a00000, 0x0000000786c00000|  0%| F|  |TAMS 0x0000000786a00000, 0x0000000786a00000| Untracked 
| 310|0x0000000786c00000, 0x0000000786c00000, 0x0000000786e00000|  0%| F|  |TAMS 0x0000000786c00000, 0x0000000786c00000| Untracked 
| 311|0x0000000786e00000, 0x0000000786e00000, 0x0000000787000000|  0%| F|  |TAMS 0x0000000786e00000, 0x0000000786e00000| Untracked 
| 312|0x0000000787000000, 0x0000000787000000, 0x0000000787200000|  0%| F|  |TAMS 0x0000000787000000, 0x0000000787000000| Untracked 
| 313|0x0000000787200000, 0x0000000787200000, 0x0000000787400000|  0%| F|  |TAMS 0x0000000787200000, 0x0000000787200000| Untracked 
| 314|0x0000000787400000, 0x0000000787400000, 0x0000000787600000|  0%| F|  |TAMS 0x0000000787400000, 0x0000000787400000| Untracked 
| 315|0x0000000787600000, 0x0000000787600000, 0x0000000787800000|  0%| F|  |TAMS 0x0000000787600000, 0x0000000787600000| Untracked 
| 316|0x0000000787800000, 0x0000000787800000, 0x0000000787a00000|  0%| F|  |TAMS 0x0000000787800000, 0x0000000787800000| Untracked 
| 317|0x0000000787a00000, 0x0000000787a00000, 0x0000000787c00000|  0%| F|  |TAMS 0x0000000787a00000, 0x0000000787a00000| Untracked 
| 318|0x0000000787c00000, 0x0000000787c00000, 0x0000000787e00000|  0%| F|  |TAMS 0x0000000787c00000, 0x0000000787c00000| Untracked 
| 319|0x0000000787e00000, 0x0000000787e00000, 0x0000000788000000|  0%| F|  |TAMS 0x0000000787e00000, 0x0000000787e00000| Untracked 
| 320|0x0000000788000000, 0x0000000788000000, 0x0000000788200000|  0%| F|  |TAMS 0x0000000788000000, 0x0000000788000000| Untracked 
| 321|0x0000000788200000, 0x0000000788200000, 0x0000000788400000|  0%| F|  |TAMS 0x0000000788200000, 0x0000000788200000| Untracked 
| 322|0x0000000788400000, 0x0000000788400000, 0x0000000788600000|  0%| F|  |TAMS 0x0000000788400000, 0x0000000788400000| Untracked 
| 323|0x0000000788600000, 0x0000000788600000, 0x0000000788800000|  0%| F|  |TAMS 0x0000000788600000, 0x0000000788600000| Untracked 
| 324|0x0000000788800000, 0x0000000788800000, 0x0000000788a00000|  0%| F|  |TAMS 0x0000000788800000, 0x0000000788800000| Untracked 
| 325|0x0000000788a00000, 0x0000000788a00000, 0x0000000788c00000|  0%| F|  |TAMS 0x0000000788a00000, 0x0000000788a00000| Untracked 
| 326|0x0000000788c00000, 0x0000000788c00000, 0x0000000788e00000|  0%| F|  |TAMS 0x0000000788c00000, 0x0000000788c00000| Untracked 
| 327|0x0000000788e00000, 0x0000000788e00000, 0x0000000789000000|  0%| F|  |TAMS 0x0000000788e00000, 0x0000000788e00000| Untracked 
| 328|0x0000000789000000, 0x0000000789000000, 0x0000000789200000|  0%| F|  |TAMS 0x0000000789000000, 0x0000000789000000| Untracked 
| 329|0x0000000789200000, 0x0000000789400000, 0x0000000789400000|100%| O|  |TAMS 0x0000000789400000, 0x0000000789200000| Untracked 
| 330|0x0000000789400000, 0x0000000789400000, 0x0000000789600000|  0%| F|  |TAMS 0x0000000789400000, 0x0000000789400000| Untracked 
| 331|0x0000000789600000, 0x0000000789600000, 0x0000000789800000|  0%| F|  |TAMS 0x0000000789600000, 0x0000000789600000| Untracked 
| 332|0x0000000789800000, 0x0000000789800000, 0x0000000789a00000|  0%| F|  |TAMS 0x0000000789800000, 0x0000000789800000| Untracked 
| 333|0x0000000789a00000, 0x0000000789a00000, 0x0000000789c00000|  0%| F|  |TAMS 0x0000000789a00000, 0x0000000789a00000| Untracked 
| 334|0x0000000789c00000, 0x0000000789c00000, 0x0000000789e00000|  0%| F|  |TAMS 0x0000000789c00000, 0x0000000789c00000| Untracked 
| 335|0x0000000789e00000, 0x0000000789e00000, 0x000000078a000000|  0%| F|  |TAMS 0x0000000789e00000, 0x0000000789e00000| Untracked 
| 336|0x000000078a000000, 0x000000078a000000, 0x000000078a200000|  0%| F|  |TAMS 0x000000078a000000, 0x000000078a000000| Untracked 
| 337|0x000000078a200000, 0x000000078a200000, 0x000000078a400000|  0%| F|  |TAMS 0x000000078a200000, 0x000000078a200000| Untracked 
| 338|0x000000078a400000, 0x000000078a400000, 0x000000078a600000|  0%| F|  |TAMS 0x000000078a400000, 0x000000078a400000| Untracked 
| 339|0x000000078a600000, 0x000000078a600000, 0x000000078a800000|  0%| F|  |TAMS 0x000000078a600000, 0x000000078a600000| Untracked 
| 340|0x000000078a800000, 0x000000078a800000, 0x000000078aa00000|  0%| F|  |TAMS 0x000000078a800000, 0x000000078a800000| Untracked 
| 341|0x000000078aa00000, 0x000000078aa00000, 0x000000078ac00000|  0%| F|  |TAMS 0x000000078aa00000, 0x000000078aa00000| Untracked 
| 342|0x000000078ac00000, 0x000000078ac00000, 0x000000078ae00000|  0%| F|  |TAMS 0x000000078ac00000, 0x000000078ac00000| Untracked 
| 343|0x000000078ae00000, 0x000000078ae00000, 0x000000078b000000|  0%| F|  |TAMS 0x000000078ae00000, 0x000000078ae00000| Untracked 
| 344|0x000000078b000000, 0x000000078b000000, 0x000000078b200000|  0%| F|  |TAMS 0x000000078b000000, 0x000000078b000000| Untracked 
| 345|0x000000078b200000, 0x000000078b200000, 0x000000078b400000|  0%| F|  |TAMS 0x000000078b200000, 0x000000078b200000| Untracked 
| 346|0x000000078b400000, 0x000000078b400000, 0x000000078b600000|  0%| F|  |TAMS 0x000000078b400000, 0x000000078b400000| Untracked 
| 347|0x000000078b600000, 0x000000078b600000, 0x000000078b800000|  0%| F|  |TAMS 0x000000078b600000, 0x000000078b600000| Untracked 
| 348|0x000000078b800000, 0x000000078b800000, 0x000000078ba00000|  0%| F|  |TAMS 0x000000078b800000, 0x000000078b800000| Untracked 
| 349|0x000000078ba00000, 0x000000078ba00000, 0x000000078bc00000|  0%| F|  |TAMS 0x000000078ba00000, 0x000000078ba00000| Untracked 
| 350|0x000000078bc00000, 0x000000078bc00000, 0x000000078be00000|  0%| F|  |TAMS 0x000000078bc00000, 0x000000078bc00000| Untracked 
| 351|0x000000078be00000, 0x000000078be00000, 0x000000078c000000|  0%| F|  |TAMS 0x000000078be00000, 0x000000078be00000| Untracked 
| 352|0x000000078c000000, 0x000000078c000000, 0x000000078c200000|  0%| F|  |TAMS 0x000000078c000000, 0x000000078c000000| Untracked 
| 353|0x000000078c200000, 0x000000078c200000, 0x000000078c400000|  0%| F|  |TAMS 0x000000078c200000, 0x000000078c200000| Untracked 
| 354|0x000000078c400000, 0x000000078c400000, 0x000000078c600000|  0%| F|  |TAMS 0x000000078c400000, 0x000000078c400000| Untracked 
| 355|0x000000078c600000, 0x000000078c600000, 0x000000078c800000|  0%| F|  |TAMS 0x000000078c600000, 0x000000078c600000| Untracked 
| 356|0x000000078c800000, 0x000000078c800000, 0x000000078ca00000|  0%| F|  |TAMS 0x000000078c800000, 0x000000078c800000| Untracked 
| 357|0x000000078ca00000, 0x000000078ca00000, 0x000000078cc00000|  0%| F|  |TAMS 0x000000078ca00000, 0x000000078ca00000| Untracked 
| 358|0x000000078cc00000, 0x000000078cc00000, 0x000000078ce00000|  0%| F|  |TAMS 0x000000078cc00000, 0x000000078cc00000| Untracked 
| 359|0x000000078ce00000, 0x000000078ce00000, 0x000000078d000000|  0%| F|  |TAMS 0x000000078ce00000, 0x000000078ce00000| Untracked 
| 360|0x000000078d000000, 0x000000078d000000, 0x000000078d200000|  0%| F|  |TAMS 0x000000078d000000, 0x000000078d000000| Untracked 
| 361|0x000000078d200000, 0x000000078d200000, 0x000000078d400000|  0%| F|  |TAMS 0x000000078d200000, 0x000000078d200000| Untracked 
| 362|0x000000078d400000, 0x000000078d400000, 0x000000078d600000|  0%| F|  |TAMS 0x000000078d400000, 0x000000078d400000| Untracked 
| 363|0x000000078d600000, 0x000000078d600000, 0x000000078d800000|  0%| F|  |TAMS 0x000000078d600000, 0x000000078d600000| Untracked 
| 364|0x000000078d800000, 0x000000078d800000, 0x000000078da00000|  0%| F|  |TAMS 0x000000078d800000, 0x000000078d800000| Untracked 
| 365|0x000000078da00000, 0x000000078da00000, 0x000000078dc00000|  0%| F|  |TAMS 0x000000078da00000, 0x000000078da00000| Untracked 
| 366|0x000000078dc00000, 0x000000078dc00000, 0x000000078de00000|  0%| F|  |TAMS 0x000000078dc00000, 0x000000078dc00000| Untracked 
| 367|0x000000078de00000, 0x000000078de00000, 0x000000078e000000|  0%| F|  |TAMS 0x000000078de00000, 0x000000078de00000| Untracked 
| 368|0x000000078e000000, 0x000000078e000000, 0x000000078e200000|  0%| F|  |TAMS 0x000000078e000000, 0x000000078e000000| Untracked 
| 369|0x000000078e200000, 0x000000078e200000, 0x000000078e400000|  0%| F|  |TAMS 0x000000078e200000, 0x000000078e200000| Untracked 
| 370|0x000000078e400000, 0x000000078e400000, 0x000000078e600000|  0%| F|  |TAMS 0x000000078e400000, 0x000000078e400000| Untracked 
| 371|0x000000078e600000, 0x000000078e600000, 0x000000078e800000|  0%| F|  |TAMS 0x000000078e600000, 0x000000078e600000| Untracked 
| 372|0x000000078e800000, 0x000000078e800000, 0x000000078ea00000|  0%| F|  |TAMS 0x000000078e800000, 0x000000078e800000| Untracked 
| 373|0x000000078ea00000, 0x000000078ea00000, 0x000000078ec00000|  0%| F|  |TAMS 0x000000078ea00000, 0x000000078ea00000| Untracked 
| 374|0x000000078ec00000, 0x000000078ec00000, 0x000000078ee00000|  0%| F|  |TAMS 0x000000078ec00000, 0x000000078ec00000| Untracked 
| 375|0x000000078ee00000, 0x000000078ee00000, 0x000000078f000000|  0%| F|  |TAMS 0x000000078ee00000, 0x000000078ee00000| Untracked 
| 376|0x000000078f000000, 0x000000078f000000, 0x000000078f200000|  0%| F|  |TAMS 0x000000078f000000, 0x000000078f000000| Untracked 
| 377|0x000000078f200000, 0x000000078f200000, 0x000000078f400000|  0%| F|  |TAMS 0x000000078f200000, 0x000000078f200000| Untracked 
| 378|0x000000078f400000, 0x000000078f400000, 0x000000078f600000|  0%| F|  |TAMS 0x000000078f400000, 0x000000078f400000| Untracked 
| 379|0x000000078f600000, 0x000000078f600000, 0x000000078f800000|  0%| F|  |TAMS 0x000000078f600000, 0x000000078f600000| Untracked 
| 380|0x000000078f800000, 0x000000078f800000, 0x000000078fa00000|  0%| F|  |TAMS 0x000000078f800000, 0x000000078f800000| Untracked 
| 381|0x000000078fa00000, 0x000000078fa00000, 0x000000078fc00000|  0%| F|  |TAMS 0x000000078fa00000, 0x000000078fa00000| Untracked 
| 382|0x000000078fc00000, 0x000000078fc00000, 0x000000078fe00000|  0%| F|  |TAMS 0x000000078fc00000, 0x000000078fc00000| Untracked 
| 383|0x000000078fe00000, 0x000000078fe00000, 0x0000000790000000|  0%| F|  |TAMS 0x000000078fe00000, 0x000000078fe00000| Untracked 
| 384|0x0000000790000000, 0x0000000790000000, 0x0000000790200000|  0%| F|  |TAMS 0x0000000790000000, 0x0000000790000000| Untracked 
| 385|0x0000000790200000, 0x0000000790200000, 0x0000000790400000|  0%| F|  |TAMS 0x0000000790200000, 0x0000000790200000| Untracked 
| 386|0x0000000790400000, 0x0000000790400000, 0x0000000790600000|  0%| F|  |TAMS 0x0000000790400000, 0x0000000790400000| Untracked 
| 387|0x0000000790600000, 0x0000000790600000, 0x0000000790800000|  0%| F|  |TAMS 0x0000000790600000, 0x0000000790600000| Untracked 
| 388|0x0000000790800000, 0x0000000790800000, 0x0000000790a00000|  0%| F|  |TAMS 0x0000000790800000, 0x0000000790800000| Untracked 
| 389|0x0000000790a00000, 0x0000000790a00000, 0x0000000790c00000|  0%| F|  |TAMS 0x0000000790a00000, 0x0000000790a00000| Untracked 
| 390|0x0000000790c00000, 0x0000000790c00000, 0x0000000790e00000|  0%| F|  |TAMS 0x0000000790c00000, 0x0000000790c00000| Untracked 
| 391|0x0000000790e00000, 0x0000000790e00000, 0x0000000791000000|  0%| F|  |TAMS 0x0000000790e00000, 0x0000000790e00000| Untracked 
| 392|0x0000000791000000, 0x0000000791000000, 0x0000000791200000|  0%| F|  |TAMS 0x0000000791000000, 0x0000000791000000| Untracked 
| 393|0x0000000791200000, 0x0000000791200000, 0x0000000791400000|  0%| F|  |TAMS 0x0000000791200000, 0x0000000791200000| Untracked 
| 394|0x0000000791400000, 0x0000000791400000, 0x0000000791600000|  0%| F|  |TAMS 0x0000000791400000, 0x0000000791400000| Untracked 
| 395|0x0000000791600000, 0x0000000791600000, 0x0000000791800000|  0%| F|  |TAMS 0x0000000791600000, 0x0000000791600000| Untracked 
| 396|0x0000000791800000, 0x0000000791800000, 0x0000000791a00000|  0%| F|  |TAMS 0x0000000791800000, 0x0000000791800000| Untracked 
| 397|0x0000000791a00000, 0x0000000791a00000, 0x0000000791c00000|  0%| F|  |TAMS 0x0000000791a00000, 0x0000000791a00000| Untracked 
| 398|0x0000000791c00000, 0x0000000791c00000, 0x0000000791e00000|  0%| F|  |TAMS 0x0000000791c00000, 0x0000000791c00000| Untracked 
| 399|0x0000000791e00000, 0x0000000791e00000, 0x0000000792000000|  0%| F|  |TAMS 0x0000000791e00000, 0x0000000791e00000| Untracked 
| 400|0x0000000792000000, 0x0000000792000000, 0x0000000792200000|  0%| F|  |TAMS 0x0000000792000000, 0x0000000792000000| Untracked 
| 401|0x0000000792200000, 0x0000000792200000, 0x0000000792400000|  0%| F|  |TAMS 0x0000000792200000, 0x0000000792200000| Untracked 
| 402|0x0000000792400000, 0x0000000792400000, 0x0000000792600000|  0%| F|  |TAMS 0x0000000792400000, 0x0000000792400000| Untracked 
| 403|0x0000000792600000, 0x0000000792600000, 0x0000000792800000|  0%| F|  |TAMS 0x0000000792600000, 0x0000000792600000| Untracked 
| 404|0x0000000792800000, 0x0000000792800000, 0x0000000792a00000|  0%| F|  |TAMS 0x0000000792800000, 0x0000000792800000| Untracked 
| 405|0x0000000792a00000, 0x0000000792a00000, 0x0000000792c00000|  0%| F|  |TAMS 0x0000000792a00000, 0x0000000792a00000| Untracked 
| 406|0x0000000792c00000, 0x0000000792c00000, 0x0000000792e00000|  0%| F|  |TAMS 0x0000000792c00000, 0x0000000792c00000| Untracked 
| 407|0x0000000792e00000, 0x0000000792e00000, 0x0000000793000000|  0%| F|  |TAMS 0x0000000792e00000, 0x0000000792e00000| Untracked 
| 408|0x0000000793000000, 0x0000000793000000, 0x0000000793200000|  0%| F|  |TAMS 0x0000000793000000, 0x0000000793000000| Untracked 
| 409|0x0000000793200000, 0x0000000793400000, 0x0000000793400000|100%| O|  |TAMS 0x0000000793400000, 0x0000000793200000| Untracked 
| 410|0x0000000793400000, 0x0000000793400000, 0x0000000793600000|  0%| F|  |TAMS 0x0000000793400000, 0x0000000793400000| Untracked 
| 411|0x0000000793600000, 0x0000000793600000, 0x0000000793800000|  0%| F|  |TAMS 0x0000000793600000, 0x0000000793600000| Untracked 
| 412|0x0000000793800000, 0x0000000793800000, 0x0000000793a00000|  0%| F|  |TAMS 0x0000000793800000, 0x0000000793800000| Untracked 
| 413|0x0000000793a00000, 0x0000000793a00000, 0x0000000793c00000|  0%| F|  |TAMS 0x0000000793a00000, 0x0000000793a00000| Untracked 
| 414|0x0000000793c00000, 0x0000000793c00000, 0x0000000793e00000|  0%| F|  |TAMS 0x0000000793c00000, 0x0000000793c00000| Untracked 
| 415|0x0000000793e00000, 0x0000000793e00000, 0x0000000794000000|  0%| F|  |TAMS 0x0000000793e00000, 0x0000000793e00000| Untracked 
| 416|0x0000000794000000, 0x0000000794000000, 0x0000000794200000|  0%| F|  |TAMS 0x0000000794000000, 0x0000000794000000| Untracked 
| 417|0x0000000794200000, 0x0000000794200000, 0x0000000794400000|  0%| F|  |TAMS 0x0000000794200000, 0x0000000794200000| Untracked 
| 418|0x0000000794400000, 0x0000000794400000, 0x0000000794600000|  0%| F|  |TAMS 0x0000000794400000, 0x0000000794400000| Untracked 
| 419|0x0000000794600000, 0x0000000794600000, 0x0000000794800000|  0%| F|  |TAMS 0x0000000794600000, 0x0000000794600000| Untracked 
| 420|0x0000000794800000, 0x0000000794800000, 0x0000000794a00000|  0%| F|  |TAMS 0x0000000794800000, 0x0000000794800000| Untracked 
| 421|0x0000000794a00000, 0x0000000794a00000, 0x0000000794c00000|  0%| F|  |TAMS 0x0000000794a00000, 0x0000000794a00000| Untracked 
| 422|0x0000000794c00000, 0x0000000794c00000, 0x0000000794e00000|  0%| F|  |TAMS 0x0000000794c00000, 0x0000000794c00000| Untracked 
| 423|0x0000000794e00000, 0x0000000794e00000, 0x0000000795000000|  0%| F|  |TAMS 0x0000000794e00000, 0x0000000794e00000| Untracked 
| 424|0x0000000795000000, 0x0000000795000000, 0x0000000795200000|  0%| F|  |TAMS 0x0000000795000000, 0x0000000795000000| Untracked 
| 425|0x0000000795200000, 0x0000000795200000, 0x0000000795400000|  0%| F|  |TAMS 0x0000000795200000, 0x0000000795200000| Untracked 
| 426|0x0000000795400000, 0x0000000795400000, 0x0000000795600000|  0%| F|  |TAMS 0x0000000795400000, 0x0000000795400000| Untracked 
| 427|0x0000000795600000, 0x0000000795600000, 0x0000000795800000|  0%| F|  |TAMS 0x0000000795600000, 0x0000000795600000| Untracked 
| 428|0x0000000795800000, 0x0000000795800000, 0x0000000795a00000|  0%| F|  |TAMS 0x0000000795800000, 0x0000000795800000| Untracked 
| 429|0x0000000795a00000, 0x0000000795a00000, 0x0000000795c00000|  0%| F|  |TAMS 0x0000000795a00000, 0x0000000795a00000| Untracked 
| 430|0x0000000795c00000, 0x0000000795c00000, 0x0000000795e00000|  0%| F|  |TAMS 0x0000000795c00000, 0x0000000795c00000| Untracked 
| 431|0x0000000795e00000, 0x0000000795e00000, 0x0000000796000000|  0%| F|  |TAMS 0x0000000795e00000, 0x0000000795e00000| Untracked 
| 432|0x0000000796000000, 0x0000000796000000, 0x0000000796200000|  0%| F|  |TAMS 0x0000000796000000, 0x0000000796000000| Untracked 
| 433|0x0000000796200000, 0x0000000796200000, 0x0000000796400000|  0%| F|  |TAMS 0x0000000796200000, 0x0000000796200000| Untracked 
| 434|0x0000000796400000, 0x0000000796400000, 0x0000000796600000|  0%| F|  |TAMS 0x0000000796400000, 0x0000000796400000| Untracked 
| 435|0x0000000796600000, 0x0000000796600000, 0x0000000796800000|  0%| F|  |TAMS 0x0000000796600000, 0x0000000796600000| Untracked 
| 436|0x0000000796800000, 0x0000000796800000, 0x0000000796a00000|  0%| F|  |TAMS 0x0000000796800000, 0x0000000796800000| Untracked 
| 437|0x0000000796a00000, 0x0000000796a00000, 0x0000000796c00000|  0%| F|  |TAMS 0x0000000796a00000, 0x0000000796a00000| Untracked 
| 438|0x0000000796c00000, 0x0000000796c00000, 0x0000000796e00000|  0%| F|  |TAMS 0x0000000796c00000, 0x0000000796c00000| Untracked 
| 439|0x0000000796e00000, 0x0000000796e00000, 0x0000000797000000|  0%| F|  |TAMS 0x0000000796e00000, 0x0000000796e00000| Untracked 
| 440|0x0000000797000000, 0x0000000797000000, 0x0000000797200000|  0%| F|  |TAMS 0x0000000797000000, 0x0000000797000000| Untracked 
| 441|0x0000000797200000, 0x0000000797200000, 0x0000000797400000|  0%| F|  |TAMS 0x0000000797200000, 0x0000000797200000| Untracked 
| 442|0x0000000797400000, 0x0000000797400000, 0x0000000797600000|  0%| F|  |TAMS 0x0000000797400000, 0x0000000797400000| Untracked 
| 443|0x0000000797600000, 0x0000000797600000, 0x0000000797800000|  0%| F|  |TAMS 0x0000000797600000, 0x0000000797600000| Untracked 
| 444|0x0000000797800000, 0x0000000797800000, 0x0000000797a00000|  0%| F|  |TAMS 0x0000000797800000, 0x0000000797800000| Untracked 
| 445|0x0000000797a00000, 0x0000000797a00000, 0x0000000797c00000|  0%| F|  |TAMS 0x0000000797a00000, 0x0000000797a00000| Untracked 
| 446|0x0000000797c00000, 0x0000000797c00000, 0x0000000797e00000|  0%| F|  |TAMS 0x0000000797c00000, 0x0000000797c00000| Untracked 
| 447|0x0000000797e00000, 0x0000000797e00000, 0x0000000798000000|  0%| F|  |TAMS 0x0000000797e00000, 0x0000000797e00000| Untracked 
| 448|0x0000000798000000, 0x0000000798000000, 0x0000000798200000|  0%| F|  |TAMS 0x0000000798000000, 0x0000000798000000| Untracked 
| 449|0x0000000798200000, 0x0000000798200000, 0x0000000798400000|  0%| F|  |TAMS 0x0000000798200000, 0x0000000798200000| Untracked 
| 450|0x0000000798400000, 0x0000000798400000, 0x0000000798600000|  0%| F|  |TAMS 0x0000000798400000, 0x0000000798400000| Untracked 
| 451|0x0000000798600000, 0x0000000798600000, 0x0000000798800000|  0%| F|  |TAMS 0x0000000798600000, 0x0000000798600000| Untracked 
| 452|0x0000000798800000, 0x0000000798800000, 0x0000000798a00000|  0%| F|  |TAMS 0x0000000798800000, 0x0000000798800000| Untracked 
| 453|0x0000000798a00000, 0x0000000798a00000, 0x0000000798c00000|  0%| F|  |TAMS 0x0000000798a00000, 0x0000000798a00000| Untracked 
| 454|0x0000000798c00000, 0x0000000798c00000, 0x0000000798e00000|  0%| F|  |TAMS 0x0000000798c00000, 0x0000000798c00000| Untracked 
| 455|0x0000000798e00000, 0x0000000798e00000, 0x0000000799000000|  0%| F|  |TAMS 0x0000000798e00000, 0x0000000798e00000| Untracked 
| 456|0x0000000799000000, 0x0000000799000000, 0x0000000799200000|  0%| F|  |TAMS 0x0000000799000000, 0x0000000799000000| Untracked 
| 457|0x0000000799200000, 0x0000000799200000, 0x0000000799400000|  0%| F|  |TAMS 0x0000000799200000, 0x0000000799200000| Untracked 
| 458|0x0000000799400000, 0x0000000799400000, 0x0000000799600000|  0%| F|  |TAMS 0x0000000799400000, 0x0000000799400000| Untracked 
| 459|0x0000000799600000, 0x0000000799600000, 0x0000000799800000|  0%| F|  |TAMS 0x0000000799600000, 0x0000000799600000| Untracked 
| 460|0x0000000799800000, 0x0000000799800000, 0x0000000799a00000|  0%| F|  |TAMS 0x0000000799800000, 0x0000000799800000| Untracked 
| 461|0x0000000799a00000, 0x0000000799a00000, 0x0000000799c00000|  0%| F|  |TAMS 0x0000000799a00000, 0x0000000799a00000| Untracked 
| 462|0x0000000799c00000, 0x0000000799c00000, 0x0000000799e00000|  0%| F|  |TAMS 0x0000000799c00000, 0x0000000799c00000| Untracked 
| 463|0x0000000799e00000, 0x0000000799e00000, 0x000000079a000000|  0%| F|  |TAMS 0x0000000799e00000, 0x0000000799e00000| Untracked 
| 464|0x000000079a000000, 0x000000079a000000, 0x000000079a200000|  0%| F|  |TAMS 0x000000079a000000, 0x000000079a000000| Untracked 
| 465|0x000000079a200000, 0x000000079a200000, 0x000000079a400000|  0%| F|  |TAMS 0x000000079a200000, 0x000000079a200000| Untracked 
| 466|0x000000079a400000, 0x000000079a400000, 0x000000079a600000|  0%| F|  |TAMS 0x000000079a400000, 0x000000079a400000| Untracked 
| 467|0x000000079a600000, 0x000000079a600000, 0x000000079a800000|  0%| F|  |TAMS 0x000000079a600000, 0x000000079a600000| Untracked 
| 468|0x000000079a800000, 0x000000079a800000, 0x000000079aa00000|  0%| F|  |TAMS 0x000000079a800000, 0x000000079a800000| Untracked 
| 469|0x000000079aa00000, 0x000000079aa00000, 0x000000079ac00000|  0%| F|  |TAMS 0x000000079aa00000, 0x000000079aa00000| Untracked 
| 470|0x000000079ac00000, 0x000000079ac00000, 0x000000079ae00000|  0%| F|  |TAMS 0x000000079ac00000, 0x000000079ac00000| Untracked 
| 471|0x000000079ae00000, 0x000000079ae00000, 0x000000079b000000|  0%| F|  |TAMS 0x000000079ae00000, 0x000000079ae00000| Untracked 
| 472|0x000000079b000000, 0x000000079b000000, 0x000000079b200000|  0%| F|  |TAMS 0x000000079b000000, 0x000000079b000000| Untracked 
| 473|0x000000079b200000, 0x000000079b200000, 0x000000079b400000|  0%| F|  |TAMS 0x000000079b200000, 0x000000079b200000| Untracked 
| 474|0x000000079b400000, 0x000000079b400000, 0x000000079b600000|  0%| F|  |TAMS 0x000000079b400000, 0x000000079b400000| Untracked 
| 475|0x000000079b600000, 0x000000079b600000, 0x000000079b800000|  0%| F|  |TAMS 0x000000079b600000, 0x000000079b600000| Untracked 
| 476|0x000000079b800000, 0x000000079b800000, 0x000000079ba00000|  0%| F|  |TAMS 0x000000079b800000, 0x000000079b800000| Untracked 
| 477|0x000000079ba00000, 0x000000079ba00000, 0x000000079bc00000|  0%| F|  |TAMS 0x000000079ba00000, 0x000000079ba00000| Untracked 
| 478|0x000000079bc00000, 0x000000079bc00000, 0x000000079be00000|  0%| F|  |TAMS 0x000000079bc00000, 0x000000079bc00000| Untracked 
| 479|0x000000079be00000, 0x000000079be00000, 0x000000079c000000|  0%| F|  |TAMS 0x000000079be00000, 0x000000079be00000| Untracked 
| 480|0x000000079c000000, 0x000000079c000000, 0x000000079c200000|  0%| F|  |TAMS 0x000000079c000000, 0x000000079c000000| Untracked 
| 481|0x000000079c200000, 0x000000079c200000, 0x000000079c400000|  0%| F|  |TAMS 0x000000079c200000, 0x000000079c200000| Untracked 
| 482|0x000000079c400000, 0x000000079c400000, 0x000000079c600000|  0%| F|  |TAMS 0x000000079c400000, 0x000000079c400000| Untracked 
| 483|0x000000079c600000, 0x000000079c600000, 0x000000079c800000|  0%| F|  |TAMS 0x000000079c600000, 0x000000079c600000| Untracked 
| 484|0x000000079c800000, 0x000000079c800000, 0x000000079ca00000|  0%| F|  |TAMS 0x000000079c800000, 0x000000079c800000| Untracked 
| 485|0x000000079ca00000, 0x000000079ca00000, 0x000000079cc00000|  0%| F|  |TAMS 0x000000079ca00000, 0x000000079ca00000| Untracked 
| 486|0x000000079cc00000, 0x000000079cc00000, 0x000000079ce00000|  0%| F|  |TAMS 0x000000079cc00000, 0x000000079cc00000| Untracked 
| 487|0x000000079ce00000, 0x000000079ce00000, 0x000000079d000000|  0%| F|  |TAMS 0x000000079ce00000, 0x000000079ce00000| Untracked 
| 488|0x000000079d000000, 0x000000079d000000, 0x000000079d200000|  0%| F|  |TAMS 0x000000079d000000, 0x000000079d000000| Untracked 
| 489|0x000000079d200000, 0x000000079d200000, 0x000000079d400000|  0%| F|  |TAMS 0x000000079d200000, 0x000000079d200000| Untracked 
| 490|0x000000079d400000, 0x000000079d400000, 0x000000079d600000|  0%| F|  |TAMS 0x000000079d400000, 0x000000079d400000| Untracked 
| 491|0x000000079d600000, 0x000000079d600000, 0x000000079d800000|  0%| F|  |TAMS 0x000000079d600000, 0x000000079d600000| Untracked 
| 492|0x000000079d800000, 0x000000079d800000, 0x000000079da00000|  0%| F|  |TAMS 0x000000079d800000, 0x000000079d800000| Untracked 
| 493|0x000000079da00000, 0x000000079da00000, 0x000000079dc00000|  0%| F|  |TAMS 0x000000079da00000, 0x000000079da00000| Untracked 
| 494|0x000000079dc00000, 0x000000079dc00000, 0x000000079de00000|  0%| F|  |TAMS 0x000000079dc00000, 0x000000079dc00000| Untracked 
| 495|0x000000079de00000, 0x000000079de00000, 0x000000079e000000|  0%| F|  |TAMS 0x000000079de00000, 0x000000079de00000| Untracked 
| 496|0x000000079e000000, 0x000000079e000000, 0x000000079e200000|  0%| F|  |TAMS 0x000000079e000000, 0x000000079e000000| Untracked 
| 497|0x000000079e200000, 0x000000079e200000, 0x000000079e400000|  0%| F|  |TAMS 0x000000079e200000, 0x000000079e200000| Untracked 
| 498|0x000000079e400000, 0x000000079e400000, 0x000000079e600000|  0%| F|  |TAMS 0x000000079e400000, 0x000000079e400000| Untracked 
| 499|0x000000079e600000, 0x000000079e600000, 0x000000079e800000|  0%| F|  |TAMS 0x000000079e600000, 0x000000079e600000| Untracked 
| 500|0x000000079e800000, 0x000000079e800000, 0x000000079ea00000|  0%| F|  |TAMS 0x000000079e800000, 0x000000079e800000| Untracked 
| 501|0x000000079ea00000, 0x000000079ea00000, 0x000000079ec00000|  0%| F|  |TAMS 0x000000079ea00000, 0x000000079ea00000| Untracked 
| 502|0x000000079ec00000, 0x000000079ec00000, 0x000000079ee00000|  0%| F|  |TAMS 0x000000079ec00000, 0x000000079ec00000| Untracked 
| 503|0x000000079ee00000, 0x000000079ee00000, 0x000000079f000000|  0%| F|  |TAMS 0x000000079ee00000, 0x000000079ee00000| Untracked 
| 504|0x000000079f000000, 0x000000079f000000, 0x000000079f200000|  0%| F|  |TAMS 0x000000079f000000, 0x000000079f000000| Untracked 
| 505|0x000000079f200000, 0x000000079f200000, 0x000000079f400000|  0%| F|  |TAMS 0x000000079f200000, 0x000000079f200000| Untracked 
| 506|0x000000079f400000, 0x000000079f400000, 0x000000079f600000|  0%| F|  |TAMS 0x000000079f400000, 0x000000079f400000| Untracked 
| 507|0x000000079f600000, 0x000000079f600000, 0x000000079f800000|  0%| F|  |TAMS 0x000000079f600000, 0x000000079f600000| Untracked 
| 508|0x000000079f800000, 0x000000079f800000, 0x000000079fa00000|  0%| F|  |TAMS 0x000000079f800000, 0x000000079f800000| Untracked 
| 509|0x000000079fa00000, 0x000000079fa00000, 0x000000079fc00000|  0%| F|  |TAMS 0x000000079fa00000, 0x000000079fa00000| Untracked 
| 510|0x000000079fc00000, 0x000000079fc00000, 0x000000079fe00000|  0%| F|  |TAMS 0x000000079fc00000, 0x000000079fc00000| Untracked 
| 511|0x000000079fe00000, 0x000000079fe00000, 0x00000007a0000000|  0%| F|  |TAMS 0x000000079fe00000, 0x000000079fe00000| Untracked 
| 512|0x00000007a0000000, 0x00000007a0000000, 0x00000007a0200000|  0%| F|  |TAMS 0x00000007a0000000, 0x00000007a0000000| Untracked 
| 513|0x00000007a0200000, 0x00000007a0200000, 0x00000007a0400000|  0%| F|  |TAMS 0x00000007a0200000, 0x00000007a0200000| Untracked 
| 514|0x00000007a0400000, 0x00000007a0400000, 0x00000007a0600000|  0%| F|  |TAMS 0x00000007a0400000, 0x00000007a0400000| Untracked 
| 515|0x00000007a0600000, 0x00000007a0600000, 0x00000007a0800000|  0%| F|  |TAMS 0x00000007a0600000, 0x00000007a0600000| Untracked 
| 516|0x00000007a0800000, 0x00000007a0800000, 0x00000007a0a00000|  0%| F|  |TAMS 0x00000007a0800000, 0x00000007a0800000| Untracked 
| 517|0x00000007a0a00000, 0x00000007a0a00000, 0x00000007a0c00000|  0%| F|  |TAMS 0x00000007a0a00000, 0x00000007a0a00000| Untracked 
| 518|0x00000007a0c00000, 0x00000007a0c00000, 0x00000007a0e00000|  0%| F|  |TAMS 0x00000007a0c00000, 0x00000007a0c00000| Untracked 
| 519|0x00000007a0e00000, 0x00000007a0e00000, 0x00000007a1000000|  0%| F|  |TAMS 0x00000007a0e00000, 0x00000007a0e00000| Untracked 
| 520|0x00000007a1000000, 0x00000007a1000000, 0x00000007a1200000|  0%| F|  |TAMS 0x00000007a1000000, 0x00000007a1000000| Untracked 
| 521|0x00000007a1200000, 0x00000007a1200000, 0x00000007a1400000|  0%| F|  |TAMS 0x00000007a1200000, 0x00000007a1200000| Untracked 
| 522|0x00000007a1400000, 0x00000007a1400000, 0x00000007a1600000|  0%| F|  |TAMS 0x00000007a1400000, 0x00000007a1400000| Untracked 
| 523|0x00000007a1600000, 0x00000007a1600000, 0x00000007a1800000|  0%| F|  |TAMS 0x00000007a1600000, 0x00000007a1600000| Untracked 
| 524|0x00000007a1800000, 0x00000007a1800000, 0x00000007a1a00000|  0%| F|  |TAMS 0x00000007a1800000, 0x00000007a1800000| Untracked 
| 525|0x00000007a1a00000, 0x00000007a1a00000, 0x00000007a1c00000|  0%| F|  |TAMS 0x00000007a1a00000, 0x00000007a1a00000| Untracked 
| 526|0x00000007a1c00000, 0x00000007a1c00000, 0x00000007a1e00000|  0%| F|  |TAMS 0x00000007a1c00000, 0x00000007a1c00000| Untracked 
| 527|0x00000007a1e00000, 0x00000007a1e00000, 0x00000007a2000000|  0%| F|  |TAMS 0x00000007a1e00000, 0x00000007a1e00000| Untracked 
| 528|0x00000007a2000000, 0x00000007a2000000, 0x00000007a2200000|  0%| F|  |TAMS 0x00000007a2000000, 0x00000007a2000000| Untracked 
| 529|0x00000007a2200000, 0x00000007a2200000, 0x00000007a2400000|  0%| F|  |TAMS 0x00000007a2200000, 0x00000007a2200000| Untracked 
| 530|0x00000007a2400000, 0x00000007a2400000, 0x00000007a2600000|  0%| F|  |TAMS 0x00000007a2400000, 0x00000007a2400000| Untracked 
| 531|0x00000007a2600000, 0x00000007a2600000, 0x00000007a2800000|  0%| F|  |TAMS 0x00000007a2600000, 0x00000007a2600000| Untracked 
| 532|0x00000007a2800000, 0x00000007a2800000, 0x00000007a2a00000|  0%| F|  |TAMS 0x00000007a2800000, 0x00000007a2800000| Untracked 
| 533|0x00000007a2a00000, 0x00000007a2a00000, 0x00000007a2c00000|  0%| F|  |TAMS 0x00000007a2a00000, 0x00000007a2a00000| Untracked 
| 534|0x00000007a2c00000, 0x00000007a2c00000, 0x00000007a2e00000|  0%| F|  |TAMS 0x00000007a2c00000, 0x00000007a2c00000| Untracked 
| 535|0x00000007a2e00000, 0x00000007a2e00000, 0x00000007a3000000|  0%| F|  |TAMS 0x00000007a2e00000, 0x00000007a2e00000| Untracked 
| 536|0x00000007a3000000, 0x00000007a3000000, 0x00000007a3200000|  0%| F|  |TAMS 0x00000007a3000000, 0x00000007a3000000| Untracked 
| 537|0x00000007a3200000, 0x00000007a3200000, 0x00000007a3400000|  0%| F|  |TAMS 0x00000007a3200000, 0x00000007a3200000| Untracked 
| 538|0x00000007a3400000, 0x00000007a3400000, 0x00000007a3600000|  0%| F|  |TAMS 0x00000007a3400000, 0x00000007a3400000| Untracked 
| 539|0x00000007a3600000, 0x00000007a3600000, 0x00000007a3800000|  0%| F|  |TAMS 0x00000007a3600000, 0x00000007a3600000| Untracked 
| 540|0x00000007a3800000, 0x00000007a3800000, 0x00000007a3a00000|  0%| F|  |TAMS 0x00000007a3800000, 0x00000007a3800000| Untracked 
| 541|0x00000007a3a00000, 0x00000007a3a00000, 0x00000007a3c00000|  0%| F|  |TAMS 0x00000007a3a00000, 0x00000007a3a00000| Untracked 
| 542|0x00000007a3c00000, 0x00000007a3e00000, 0x00000007a3e00000|100%|HS|  |TAMS 0x00000007a3e00000, 0x00000007a3c00000| Complete 
| 543|0x00000007a3e00000, 0x00000007a3e00000, 0x00000007a4000000|  0%| F|  |TAMS 0x00000007a3e00000, 0x00000007a3e00000| Untracked 
| 544|0x00000007a4000000, 0x00000007a4200000, 0x00000007a4200000|100%| O|  |TAMS 0x00000007a4200000, 0x00000007a4000000| Untracked 
| 545|0x00000007a4200000, 0x00000007a4400000, 0x00000007a4400000|100%| O|  |TAMS 0x00000007a4400000, 0x00000007a4200000| Untracked 
| 546|0x00000007a4400000, 0x00000007a4600000, 0x00000007a4600000|100%| O|  |TAMS 0x00000007a4600000, 0x00000007a4400000| Untracked 
| 547|0x00000007a4600000, 0x00000007a4600000, 0x00000007a4800000|  0%| F|  |TAMS 0x00000007a4600000, 0x00000007a4600000| Untracked 
| 548|0x00000007a4800000, 0x00000007a4800000, 0x00000007a4a00000|  0%| F|  |TAMS 0x00000007a4800000, 0x00000007a4800000| Untracked 
| 549|0x00000007a4a00000, 0x00000007a4a00000, 0x00000007a4c00000|  0%| F|  |TAMS 0x00000007a4a00000, 0x00000007a4a00000| Untracked 
| 550|0x00000007a4c00000, 0x00000007a4c00000, 0x00000007a4e00000|  0%| F|  |TAMS 0x00000007a4c00000, 0x00000007a4c00000| Untracked 
| 551|0x00000007a4e00000, 0x00000007a5000000, 0x00000007a5000000|100%| O|  |TAMS 0x00000007a5000000, 0x00000007a4e00000| Untracked 
| 552|0x00000007a5000000, 0x00000007a5200000, 0x00000007a5200000|100%| O|  |TAMS 0x00000007a5200000, 0x00000007a5000000| Untracked 
| 553|0x00000007a5200000, 0x00000007a5200000, 0x00000007a5400000|  0%| F|  |TAMS 0x00000007a5200000, 0x00000007a5200000| Untracked 
| 554|0x00000007a5400000, 0x00000007a5400000, 0x00000007a5600000|  0%| F|  |TAMS 0x00000007a5400000, 0x00000007a5400000| Untracked 
| 555|0x00000007a5600000, 0x00000007a5600000, 0x00000007a5800000|  0%| F|  |TAMS 0x00000007a5600000, 0x00000007a5600000| Untracked 
| 556|0x00000007a5800000, 0x00000007a5a00000, 0x00000007a5a00000|100%| O|  |TAMS 0x00000007a5a00000, 0x00000007a5800000| Untracked 
| 557|0x00000007a5a00000, 0x00000007a5c00000, 0x00000007a5c00000|100%| O|  |TAMS 0x00000007a5c00000, 0x00000007a5a00000| Untracked 
| 558|0x00000007a5c00000, 0x00000007a5e00000, 0x00000007a5e00000|100%| O|  |TAMS 0x00000007a5e00000, 0x00000007a5c00000| Untracked 
| 559|0x00000007a5e00000, 0x00000007a6000000, 0x00000007a6000000|100%| O|  |TAMS 0x00000007a6000000, 0x00000007a5e00000| Untracked 
| 560|0x00000007a6000000, 0x00000007a6200000, 0x00000007a6200000|100%| O|  |TAMS 0x00000007a6200000, 0x00000007a6000000| Untracked 
| 561|0x00000007a6200000, 0x00000007a6400000, 0x00000007a6400000|100%| O|  |TAMS 0x00000007a6400000, 0x00000007a6200000| Untracked 
| 562|0x00000007a6400000, 0x00000007a6600000, 0x00000007a6600000|100%| O|  |TAMS 0x00000007a6600000, 0x00000007a6400000| Untracked 
| 563|0x00000007a6600000, 0x00000007a6600000, 0x00000007a6800000|  0%| F|  |TAMS 0x00000007a6600000, 0x00000007a6600000| Untracked 
| 564|0x00000007a6800000, 0x00000007a6800000, 0x00000007a6a00000|  0%| F|  |TAMS 0x00000007a6800000, 0x00000007a6800000| Untracked 
| 565|0x00000007a6a00000, 0x00000007a6a00000, 0x00000007a6c00000|  0%| F|  |TAMS 0x00000007a6a00000, 0x00000007a6a00000| Untracked 
| 566|0x00000007a6c00000, 0x00000007a6c00000, 0x00000007a6e00000|  0%| F|  |TAMS 0x00000007a6c00000, 0x00000007a6c00000| Untracked 
| 567|0x00000007a6e00000, 0x00000007a7000000, 0x00000007a7000000|100%| O|  |TAMS 0x00000007a7000000, 0x00000007a6e00000| Untracked 
| 568|0x00000007a7000000, 0x00000007a7200000, 0x00000007a7200000|100%| O|  |TAMS 0x00000007a7200000, 0x00000007a7000000| Untracked 
| 569|0x00000007a7200000, 0x00000007a7400000, 0x00000007a7400000|100%| O|  |TAMS 0x00000007a7400000, 0x00000007a7200000| Untracked 
| 570|0x00000007a7400000, 0x00000007a7600000, 0x00000007a7600000|100%| O|  |TAMS 0x00000007a7600000, 0x00000007a7400000| Untracked 
| 571|0x00000007a7600000, 0x00000007a7600000, 0x00000007a7800000|  0%| F|  |TAMS 0x00000007a7600000, 0x00000007a7600000| Untracked 
| 572|0x00000007a7800000, 0x00000007a7a00000, 0x00000007a7a00000|100%| O|  |TAMS 0x00000007a7a00000, 0x00000007a7800000| Untracked 
| 573|0x00000007a7a00000, 0x00000007a7a00000, 0x00000007a7c00000|  0%| F|  |TAMS 0x00000007a7a00000, 0x00000007a7a00000| Untracked 
| 574|0x00000007a7c00000, 0x00000007a7c00000, 0x00000007a7e00000|  0%| F|  |TAMS 0x00000007a7c00000, 0x00000007a7c00000| Untracked 
| 575|0x00000007a7e00000, 0x00000007a8000000, 0x00000007a8000000|100%| O|  |TAMS 0x00000007a8000000, 0x00000007a7e00000| Untracked 
| 576|0x00000007a8000000, 0x00000007a8200000, 0x00000007a8200000|100%| O|  |TAMS 0x00000007a8200000, 0x00000007a8000000| Untracked 
| 577|0x00000007a8200000, 0x00000007a8200000, 0x00000007a8400000|  0%| F|  |TAMS 0x00000007a8200000, 0x00000007a8200000| Untracked 
| 578|0x00000007a8400000, 0x00000007a8400000, 0x00000007a8600000|  0%| F|  |TAMS 0x00000007a8400000, 0x00000007a8400000| Untracked 
| 579|0x00000007a8600000, 0x00000007a8600000, 0x00000007a8800000|  0%| F|  |TAMS 0x00000007a8600000, 0x00000007a8600000| Untracked 
| 580|0x00000007a8800000, 0x00000007a8800000, 0x00000007a8a00000|  0%| F|  |TAMS 0x00000007a8800000, 0x00000007a8800000| Untracked 
| 581|0x00000007a8a00000, 0x00000007a8a00000, 0x00000007a8c00000|  0%| F|  |TAMS 0x00000007a8a00000, 0x00000007a8a00000| Untracked 
| 582|0x00000007a8c00000, 0x00000007a8c00000, 0x00000007a8e00000|  0%| F|  |TAMS 0x00000007a8c00000, 0x00000007a8c00000| Untracked 
| 583|0x00000007a8e00000, 0x00000007a8e00000, 0x00000007a9000000|  0%| F|  |TAMS 0x00000007a8e00000, 0x00000007a8e00000| Untracked 
| 584|0x00000007a9000000, 0x00000007a9000000, 0x00000007a9200000|  0%| F|  |TAMS 0x00000007a9000000, 0x00000007a9000000| Untracked 
| 585|0x00000007a9200000, 0x00000007a9200000, 0x00000007a9400000|  0%| F|  |TAMS 0x00000007a9200000, 0x00000007a9200000| Untracked 
| 586|0x00000007a9400000, 0x00000007a9400000, 0x00000007a9600000|  0%| F|  |TAMS 0x00000007a9400000, 0x00000007a9400000| Untracked 
| 587|0x00000007a9600000, 0x00000007a9600000, 0x00000007a9800000|  0%| F|  |TAMS 0x00000007a9600000, 0x00000007a9600000| Untracked 
| 588|0x00000007a9800000, 0x00000007a9800000, 0x00000007a9a00000|  0%| F|  |TAMS 0x00000007a9800000, 0x00000007a9800000| Untracked 
| 589|0x00000007a9a00000, 0x00000007a9a00000, 0x00000007a9c00000|  0%| F|  |TAMS 0x00000007a9a00000, 0x00000007a9a00000| Untracked 
| 590|0x00000007a9c00000, 0x00000007a9c00000, 0x00000007a9e00000|  0%| F|  |TAMS 0x00000007a9c00000, 0x00000007a9c00000| Untracked 
| 591|0x00000007a9e00000, 0x00000007a9e00000, 0x00000007aa000000|  0%| F|  |TAMS 0x00000007a9e00000, 0x00000007a9e00000| Untracked 
| 592|0x00000007aa000000, 0x00000007aa000000, 0x00000007aa200000|  0%| F|  |TAMS 0x00000007aa000000, 0x00000007aa000000| Untracked 
| 593|0x00000007aa200000, 0x00000007aa200000, 0x00000007aa400000|  0%| F|  |TAMS 0x00000007aa200000, 0x00000007aa200000| Untracked 
| 594|0x00000007aa400000, 0x00000007aa400000, 0x00000007aa600000|  0%| F|  |TAMS 0x00000007aa400000, 0x00000007aa400000| Untracked 
| 595|0x00000007aa600000, 0x00000007aa600000, 0x00000007aa800000|  0%| F|  |TAMS 0x00000007aa600000, 0x00000007aa600000| Untracked 
| 596|0x00000007aa800000, 0x00000007aa800000, 0x00000007aaa00000|  0%| F|  |TAMS 0x00000007aa800000, 0x00000007aa800000| Untracked 
| 597|0x00000007aaa00000, 0x00000007aaa00000, 0x00000007aac00000|  0%| F|  |TAMS 0x00000007aaa00000, 0x00000007aaa00000| Untracked 
| 598|0x00000007aac00000, 0x00000007aac00000, 0x00000007aae00000|  0%| F|  |TAMS 0x00000007aac00000, 0x00000007aac00000| Untracked 
| 599|0x00000007aae00000, 0x00000007aae00000, 0x00000007ab000000|  0%| F|  |TAMS 0x00000007aae00000, 0x00000007aae00000| Untracked 
| 600|0x00000007ab000000, 0x00000007ab000000, 0x00000007ab200000|  0%| F|  |TAMS 0x00000007ab000000, 0x00000007ab000000| Untracked 
| 601|0x00000007ab200000, 0x00000007ab200000, 0x00000007ab400000|  0%| F|  |TAMS 0x00000007ab200000, 0x00000007ab200000| Untracked 
| 602|0x00000007ab400000, 0x00000007ab400000, 0x00000007ab600000|  0%| F|  |TAMS 0x00000007ab400000, 0x00000007ab400000| Untracked 
| 603|0x00000007ab600000, 0x00000007ab600000, 0x00000007ab800000|  0%| F|  |TAMS 0x00000007ab600000, 0x00000007ab600000| Untracked 
| 604|0x00000007ab800000, 0x00000007aba00000, 0x00000007aba00000|100%| O|  |TAMS 0x00000007ab8eae00, 0x00000007ab800000| Untracked 
| 605|0x00000007aba00000, 0x00000007abc00000, 0x00000007abc00000|100%| O|  |TAMS 0x00000007aba00000, 0x00000007aba00000| Untracked 
| 606|0x00000007abc00000, 0x00000007abc00000, 0x00000007abe00000|  0%| F|  |TAMS 0x00000007abc00000, 0x00000007abc00000| Untracked 
| 607|0x00000007abe00000, 0x00000007abe00000, 0x00000007ac000000|  0%| F|  |TAMS 0x00000007abe00000, 0x00000007abe00000| Untracked 
| 608|0x00000007ac000000, 0x00000007ac000000, 0x00000007ac200000|  0%| F|  |TAMS 0x00000007ac000000, 0x00000007ac000000| Untracked 
| 609|0x00000007ac200000, 0x00000007ac200000, 0x00000007ac400000|  0%| F|  |TAMS 0x00000007ac200000, 0x00000007ac200000| Untracked 
| 610|0x00000007ac400000, 0x00000007ac400000, 0x00000007ac600000|  0%| F|  |TAMS 0x00000007ac400000, 0x00000007ac400000| Untracked 
| 611|0x00000007ac600000, 0x00000007ac600000, 0x00000007ac800000|  0%| F|  |TAMS 0x00000007ac600000, 0x00000007ac600000| Untracked 
| 612|0x00000007ac800000, 0x00000007ac800000, 0x00000007aca00000|  0%| F|  |TAMS 0x00000007ac800000, 0x00000007ac800000| Untracked 
| 613|0x00000007aca00000, 0x00000007aca00000, 0x00000007acc00000|  0%| F|  |TAMS 0x00000007aca00000, 0x00000007aca00000| Untracked 
| 614|0x00000007acc00000, 0x00000007acc00000, 0x00000007ace00000|  0%| F|  |TAMS 0x00000007acc00000, 0x00000007acc00000| Untracked 
| 615|0x00000007ace00000, 0x00000007ace00000, 0x00000007ad000000|  0%| F|  |TAMS 0x00000007ace00000, 0x00000007ace00000| Untracked 
| 616|0x00000007ad000000, 0x00000007ad000000, 0x00000007ad200000|  0%| F|  |TAMS 0x00000007ad000000, 0x00000007ad000000| Untracked 
| 617|0x00000007ad200000, 0x00000007ad200000, 0x00000007ad400000|  0%| F|  |TAMS 0x00000007ad200000, 0x00000007ad200000| Untracked 
| 618|0x00000007ad400000, 0x00000007ad400000, 0x00000007ad600000|  0%| F|  |TAMS 0x00000007ad400000, 0x00000007ad400000| Untracked 
| 619|0x00000007ad600000, 0x00000007ad600000, 0x00000007ad800000|  0%| F|  |TAMS 0x00000007ad600000, 0x00000007ad600000| Untracked 
| 620|0x00000007ad800000, 0x00000007ad800000, 0x00000007ada00000|  0%| F|  |TAMS 0x00000007ad800000, 0x00000007ad800000| Untracked 
| 621|0x00000007ada00000, 0x00000007ada00000, 0x00000007adc00000|  0%| F|  |TAMS 0x00000007ada00000, 0x00000007ada00000| Untracked 
| 622|0x00000007adc00000, 0x00000007adc00000, 0x00000007ade00000|  0%| F|  |TAMS 0x00000007adc00000, 0x00000007adc00000| Untracked 
| 623|0x00000007ade00000, 0x00000007ade00000, 0x00000007ae000000|  0%| F|  |TAMS 0x00000007ade00000, 0x00000007ade00000| Untracked 
| 624|0x00000007ae000000, 0x00000007ae000000, 0x00000007ae200000|  0%| F|  |TAMS 0x00000007ae000000, 0x00000007ae000000| Untracked 
| 625|0x00000007ae200000, 0x00000007ae200000, 0x00000007ae400000|  0%| F|  |TAMS 0x00000007ae200000, 0x00000007ae200000| Untracked 
| 626|0x00000007ae400000, 0x00000007ae400000, 0x00000007ae600000|  0%| F|  |TAMS 0x00000007ae400000, 0x00000007ae400000| Untracked 
| 627|0x00000007ae600000, 0x00000007ae600000, 0x00000007ae800000|  0%| F|  |TAMS 0x00000007ae600000, 0x00000007ae600000| Untracked 
| 628|0x00000007ae800000, 0x00000007ae800000, 0x00000007aea00000|  0%| F|  |TAMS 0x00000007ae800000, 0x00000007ae800000| Untracked 
| 629|0x00000007aea00000, 0x00000007aea00000, 0x00000007aec00000|  0%| F|  |TAMS 0x00000007aea00000, 0x00000007aea00000| Untracked 
| 630|0x00000007aec00000, 0x00000007aec00000, 0x00000007aee00000|  0%| F|  |TAMS 0x00000007aec00000, 0x00000007aec00000| Untracked 
| 631|0x00000007aee00000, 0x00000007aee00000, 0x00000007af000000|  0%| F|  |TAMS 0x00000007aee00000, 0x00000007aee00000| Untracked 
| 632|0x00000007af000000, 0x00000007af000000, 0x00000007af200000|  0%| F|  |TAMS 0x00000007af000000, 0x00000007af000000| Untracked 
| 633|0x00000007af200000, 0x00000007af200000, 0x00000007af400000|  0%| F|  |TAMS 0x00000007af200000, 0x00000007af200000| Untracked 
| 634|0x00000007af400000, 0x00000007af400000, 0x00000007af600000|  0%| F|  |TAMS 0x00000007af400000, 0x00000007af400000| Untracked 
| 635|0x00000007af600000, 0x00000007af600000, 0x00000007af800000|  0%| F|  |TAMS 0x00000007af600000, 0x00000007af600000| Untracked 
| 636|0x00000007af800000, 0x00000007af800000, 0x00000007afa00000|  0%| F|  |TAMS 0x00000007af800000, 0x00000007af800000| Untracked 
| 637|0x00000007afa00000, 0x00000007afa00000, 0x00000007afc00000|  0%| F|  |TAMS 0x00000007afa00000, 0x00000007afa00000| Untracked 
| 638|0x00000007afc00000, 0x00000007afc00000, 0x00000007afe00000|  0%| F|  |TAMS 0x00000007afc00000, 0x00000007afc00000| Untracked 
| 639|0x00000007afe00000, 0x00000007afe00000, 0x00000007b0000000|  0%| F|  |TAMS 0x00000007afe00000, 0x00000007afe00000| Untracked 
| 640|0x00000007b0000000, 0x00000007b0000000, 0x00000007b0200000|  0%| F|  |TAMS 0x00000007b0000000, 0x00000007b0000000| Untracked 
| 641|0x00000007b0200000, 0x00000007b0200000, 0x00000007b0400000|  0%| F|  |TAMS 0x00000007b0200000, 0x00000007b0200000| Untracked 
| 642|0x00000007b0400000, 0x00000007b0400000, 0x00000007b0600000|  0%| F|  |TAMS 0x00000007b0400000, 0x00000007b0400000| Untracked 
| 643|0x00000007b0600000, 0x00000007b0600000, 0x00000007b0800000|  0%| F|  |TAMS 0x00000007b0600000, 0x00000007b0600000| Untracked 
| 644|0x00000007b0800000, 0x00000007b0800000, 0x00000007b0a00000|  0%| F|  |TAMS 0x00000007b0800000, 0x00000007b0800000| Untracked 
| 645|0x00000007b0a00000, 0x00000007b0a00000, 0x00000007b0c00000|  0%| F|  |TAMS 0x00000007b0a00000, 0x00000007b0a00000| Untracked 
| 646|0x00000007b0c00000, 0x00000007b0c00000, 0x00000007b0e00000|  0%| F|  |TAMS 0x00000007b0c00000, 0x00000007b0c00000| Untracked 
| 647|0x00000007b0e00000, 0x00000007b0e00000, 0x00000007b1000000|  0%| F|  |TAMS 0x00000007b0e00000, 0x00000007b0e00000| Untracked 
| 648|0x00000007b1000000, 0x00000007b1000000, 0x00000007b1200000|  0%| F|  |TAMS 0x00000007b1000000, 0x00000007b1000000| Untracked 
| 649|0x00000007b1200000, 0x00000007b1200000, 0x00000007b1400000|  0%| F|  |TAMS 0x00000007b1200000, 0x00000007b1200000| Untracked 
| 650|0x00000007b1400000, 0x00000007b1400000, 0x00000007b1600000|  0%| F|  |TAMS 0x00000007b1400000, 0x00000007b1400000| Untracked 
| 651|0x00000007b1600000, 0x00000007b1600000, 0x00000007b1800000|  0%| F|  |TAMS 0x00000007b1600000, 0x00000007b1600000| Untracked 
| 652|0x00000007b1800000, 0x00000007b1800000, 0x00000007b1a00000|  0%| F|  |TAMS 0x00000007b1800000, 0x00000007b1800000| Untracked 
| 653|0x00000007b1a00000, 0x00000007b1a00000, 0x00000007b1c00000|  0%| F|  |TAMS 0x00000007b1a00000, 0x00000007b1a00000| Untracked 
| 654|0x00000007b1c00000, 0x00000007b1c00000, 0x00000007b1e00000|  0%| F|  |TAMS 0x00000007b1c00000, 0x00000007b1c00000| Untracked 
| 655|0x00000007b1e00000, 0x00000007b1e00000, 0x00000007b2000000|  0%| F|  |TAMS 0x00000007b1e00000, 0x00000007b1e00000| Untracked 
| 656|0x00000007b2000000, 0x00000007b2000000, 0x00000007b2200000|  0%| F|  |TAMS 0x00000007b2000000, 0x00000007b2000000| Untracked 
| 657|0x00000007b2200000, 0x00000007b2200000, 0x00000007b2400000|  0%| F|  |TAMS 0x00000007b2200000, 0x00000007b2200000| Untracked 
| 658|0x00000007b2400000, 0x00000007b2400000, 0x00000007b2600000|  0%| F|  |TAMS 0x00000007b2400000, 0x00000007b2400000| Untracked 
| 659|0x00000007b2600000, 0x00000007b2600000, 0x00000007b2800000|  0%| F|  |TAMS 0x00000007b2600000, 0x00000007b2600000| Untracked 
| 660|0x00000007b2800000, 0x00000007b2800000, 0x00000007b2a00000|  0%| F|  |TAMS 0x00000007b2800000, 0x00000007b2800000| Untracked 
| 661|0x00000007b2a00000, 0x00000007b2a00000, 0x00000007b2c00000|  0%| F|  |TAMS 0x00000007b2a00000, 0x00000007b2a00000| Untracked 
| 662|0x00000007b2c00000, 0x00000007b2c00000, 0x00000007b2e00000|  0%| F|  |TAMS 0x00000007b2c00000, 0x00000007b2c00000| Untracked 
| 663|0x00000007b2e00000, 0x00000007b2e00000, 0x00000007b3000000|  0%| F|  |TAMS 0x00000007b2e00000, 0x00000007b2e00000| Untracked 
| 664|0x00000007b3000000, 0x00000007b3000000, 0x00000007b3200000|  0%| F|  |TAMS 0x00000007b3000000, 0x00000007b3000000| Untracked 
| 665|0x00000007b3200000, 0x00000007b3200000, 0x00000007b3400000|  0%| F|  |TAMS 0x00000007b3200000, 0x00000007b3200000| Untracked 
| 666|0x00000007b3400000, 0x00000007b3400000, 0x00000007b3600000|  0%| F|  |TAMS 0x00000007b3400000, 0x00000007b3400000| Untracked 
| 667|0x00000007b3600000, 0x00000007b3600000, 0x00000007b3800000|  0%| F|  |TAMS 0x00000007b3600000, 0x00000007b3600000| Untracked 
| 668|0x00000007b3800000, 0x00000007b3800000, 0x00000007b3a00000|  0%| F|  |TAMS 0x00000007b3800000, 0x00000007b3800000| Untracked 
| 669|0x00000007b3a00000, 0x00000007b3a00000, 0x00000007b3c00000|  0%| F|  |TAMS 0x00000007b3a00000, 0x00000007b3a00000| Untracked 
| 670|0x00000007b3c00000, 0x00000007b3c00000, 0x00000007b3e00000|  0%| F|  |TAMS 0x00000007b3c00000, 0x00000007b3c00000| Untracked 
| 671|0x00000007b3e00000, 0x00000007b3e00000, 0x00000007b4000000|  0%| F|  |TAMS 0x00000007b3e00000, 0x00000007b3e00000| Untracked 
| 672|0x00000007b4000000, 0x00000007b4000000, 0x00000007b4200000|  0%| F|  |TAMS 0x00000007b4000000, 0x00000007b4000000| Untracked 
| 673|0x00000007b4200000, 0x00000007b4200000, 0x00000007b4400000|  0%| F|  |TAMS 0x00000007b4200000, 0x00000007b4200000| Untracked 
| 674|0x00000007b4400000, 0x00000007b4400000, 0x00000007b4600000|  0%| F|  |TAMS 0x00000007b4400000, 0x00000007b4400000| Untracked 
| 675|0x00000007b4600000, 0x00000007b4600000, 0x00000007b4800000|  0%| F|  |TAMS 0x00000007b4600000, 0x00000007b4600000| Untracked 
| 676|0x00000007b4800000, 0x00000007b4800000, 0x00000007b4a00000|  0%| F|  |TAMS 0x00000007b4800000, 0x00000007b4800000| Untracked 
| 677|0x00000007b4a00000, 0x00000007b4a00000, 0x00000007b4c00000|  0%| F|  |TAMS 0x00000007b4a00000, 0x00000007b4a00000| Untracked 
| 678|0x00000007b4c00000, 0x00000007b4c00000, 0x00000007b4e00000|  0%| F|  |TAMS 0x00000007b4c00000, 0x00000007b4c00000| Untracked 
| 679|0x00000007b4e00000, 0x00000007b4e00000, 0x00000007b5000000|  0%| F|  |TAMS 0x00000007b4e00000, 0x00000007b4e00000| Untracked 
| 680|0x00000007b5000000, 0x00000007b5000000, 0x00000007b5200000|  0%| F|  |TAMS 0x00000007b5000000, 0x00000007b5000000| Untracked 
| 681|0x00000007b5200000, 0x00000007b5200000, 0x00000007b5400000|  0%| F|  |TAMS 0x00000007b5200000, 0x00000007b5200000| Untracked 
| 682|0x00000007b5400000, 0x00000007b5400000, 0x00000007b5600000|  0%| F|  |TAMS 0x00000007b5400000, 0x00000007b5400000| Untracked 
| 683|0x00000007b5600000, 0x00000007b5600000, 0x00000007b5800000|  0%| F|  |TAMS 0x00000007b5600000, 0x00000007b5600000| Untracked 
| 684|0x00000007b5800000, 0x00000007b5800000, 0x00000007b5a00000|  0%| F|  |TAMS 0x00000007b5800000, 0x00000007b5800000| Untracked 
| 685|0x00000007b5a00000, 0x00000007b5a00000, 0x00000007b5c00000|  0%| F|  |TAMS 0x00000007b5a00000, 0x00000007b5a00000| Untracked 
| 686|0x00000007b5c00000, 0x00000007b5c00000, 0x00000007b5e00000|  0%| F|  |TAMS 0x00000007b5c00000, 0x00000007b5c00000| Untracked 
| 687|0x00000007b5e00000, 0x00000007b5e00000, 0x00000007b6000000|  0%| F|  |TAMS 0x00000007b5e00000, 0x00000007b5e00000| Untracked 
| 688|0x00000007b6000000, 0x00000007b6000000, 0x00000007b6200000|  0%| F|  |TAMS 0x00000007b6000000, 0x00000007b6000000| Untracked 
| 689|0x00000007b6200000, 0x00000007b6200000, 0x00000007b6400000|  0%| F|  |TAMS 0x00000007b6200000, 0x00000007b6200000| Untracked 
| 690|0x00000007b6400000, 0x00000007b6400000, 0x00000007b6600000|  0%| F|  |TAMS 0x00000007b6400000, 0x00000007b6400000| Untracked 
| 691|0x00000007b6600000, 0x00000007b6600000, 0x00000007b6800000|  0%| F|  |TAMS 0x00000007b6600000, 0x00000007b6600000| Untracked 
| 692|0x00000007b6800000, 0x00000007b6800000, 0x00000007b6a00000|  0%| F|  |TAMS 0x00000007b6800000, 0x00000007b6800000| Untracked 
| 693|0x00000007b6a00000, 0x00000007b6a00000, 0x00000007b6c00000|  0%| F|  |TAMS 0x00000007b6a00000, 0x00000007b6a00000| Untracked 
| 694|0x00000007b6c00000, 0x00000007b6c00000, 0x00000007b6e00000|  0%| F|  |TAMS 0x00000007b6c00000, 0x00000007b6c00000| Untracked 
| 695|0x00000007b6e00000, 0x00000007b6e00000, 0x00000007b7000000|  0%| F|  |TAMS 0x00000007b6e00000, 0x00000007b6e00000| Untracked 
| 696|0x00000007b7000000, 0x00000007b7000000, 0x00000007b7200000|  0%| F|  |TAMS 0x00000007b7000000, 0x00000007b7000000| Untracked 
| 697|0x00000007b7200000, 0x00000007b7200000, 0x00000007b7400000|  0%| F|  |TAMS 0x00000007b7200000, 0x00000007b7200000| Untracked 
| 698|0x00000007b7400000, 0x00000007b7400000, 0x00000007b7600000|  0%| F|  |TAMS 0x00000007b7400000, 0x00000007b7400000| Untracked 
| 699|0x00000007b7600000, 0x00000007b7600000, 0x00000007b7800000|  0%| F|  |TAMS 0x00000007b7600000, 0x00000007b7600000| Untracked 
| 700|0x00000007b7800000, 0x00000007b7800000, 0x00000007b7a00000|  0%| F|  |TAMS 0x00000007b7800000, 0x00000007b7800000| Untracked 
| 701|0x00000007b7a00000, 0x00000007b7a00000, 0x00000007b7c00000|  0%| F|  |TAMS 0x00000007b7a00000, 0x00000007b7a00000| Untracked 
| 702|0x00000007b7c00000, 0x00000007b7c00000, 0x00000007b7e00000|  0%| F|  |TAMS 0x00000007b7c00000, 0x00000007b7c00000| Untracked 
| 703|0x00000007b7e00000, 0x00000007b7e00000, 0x00000007b8000000|  0%| F|  |TAMS 0x00000007b7e00000, 0x00000007b7e00000| Untracked 
| 704|0x00000007b8000000, 0x00000007b8000000, 0x00000007b8200000|  0%| F|  |TAMS 0x00000007b8000000, 0x00000007b8000000| Untracked 
| 705|0x00000007b8200000, 0x00000007b8200000, 0x00000007b8400000|  0%| F|  |TAMS 0x00000007b8200000, 0x00000007b8200000| Untracked 
| 706|0x00000007b8400000, 0x00000007b8400000, 0x00000007b8600000|  0%| F|  |TAMS 0x00000007b8400000, 0x00000007b8400000| Untracked 
| 707|0x00000007b8600000, 0x00000007b8600000, 0x00000007b8800000|  0%| F|  |TAMS 0x00000007b8600000, 0x00000007b8600000| Untracked 
| 708|0x00000007b8800000, 0x00000007b8800000, 0x00000007b8a00000|  0%| F|  |TAMS 0x00000007b8800000, 0x00000007b8800000| Untracked 
| 709|0x00000007b8a00000, 0x00000007b8a00000, 0x00000007b8c00000|  0%| F|  |TAMS 0x00000007b8a00000, 0x00000007b8a00000| Untracked 
| 710|0x00000007b8c00000, 0x00000007b8c00000, 0x00000007b8e00000|  0%| F|  |TAMS 0x00000007b8c00000, 0x00000007b8c00000| Untracked 
| 711|0x00000007b8e00000, 0x00000007b8e00000, 0x00000007b9000000|  0%| F|  |TAMS 0x00000007b8e00000, 0x00000007b8e00000| Untracked 
| 712|0x00000007b9000000, 0x00000007b9000000, 0x00000007b9200000|  0%| F|  |TAMS 0x00000007b9000000, 0x00000007b9000000| Untracked 
| 713|0x00000007b9200000, 0x00000007b9200000, 0x00000007b9400000|  0%| F|  |TAMS 0x00000007b9200000, 0x00000007b9200000| Untracked 
| 714|0x00000007b9400000, 0x00000007b9400000, 0x00000007b9600000|  0%| F|  |TAMS 0x00000007b9400000, 0x00000007b9400000| Untracked 
| 715|0x00000007b9600000, 0x00000007b9600000, 0x00000007b9800000|  0%| F|  |TAMS 0x00000007b9600000, 0x00000007b9600000| Untracked 
| 716|0x00000007b9800000, 0x00000007b9800000, 0x00000007b9a00000|  0%| F|  |TAMS 0x00000007b9800000, 0x00000007b9800000| Untracked 
| 717|0x00000007b9a00000, 0x00000007b9a00000, 0x00000007b9c00000|  0%| F|  |TAMS 0x00000007b9a00000, 0x00000007b9a00000| Untracked 
| 718|0x00000007b9c00000, 0x00000007b9c00000, 0x00000007b9e00000|  0%| F|  |TAMS 0x00000007b9c00000, 0x00000007b9c00000| Untracked 
| 719|0x00000007b9e00000, 0x00000007b9e00000, 0x00000007ba000000|  0%| F|  |TAMS 0x00000007b9e00000, 0x00000007b9e00000| Untracked 
| 720|0x00000007ba000000, 0x00000007ba000000, 0x00000007ba200000|  0%| F|  |TAMS 0x00000007ba000000, 0x00000007ba000000| Untracked 
| 721|0x00000007ba200000, 0x00000007ba200000, 0x00000007ba400000|  0%| F|  |TAMS 0x00000007ba200000, 0x00000007ba200000| Untracked 
| 722|0x00000007ba400000, 0x00000007ba400000, 0x00000007ba600000|  0%| F|  |TAMS 0x00000007ba400000, 0x00000007ba400000| Untracked 
| 723|0x00000007ba600000, 0x00000007ba600000, 0x00000007ba800000|  0%| F|  |TAMS 0x00000007ba600000, 0x00000007ba600000| Untracked 
| 724|0x00000007ba800000, 0x00000007ba800000, 0x00000007baa00000|  0%| F|  |TAMS 0x00000007ba800000, 0x00000007ba800000| Untracked 
| 725|0x00000007baa00000, 0x00000007baa00000, 0x00000007bac00000|  0%| F|  |TAMS 0x00000007baa00000, 0x00000007baa00000| Untracked 
| 726|0x00000007bac00000, 0x00000007bac00000, 0x00000007bae00000|  0%| F|  |TAMS 0x00000007bac00000, 0x00000007bac00000| Untracked 
| 727|0x00000007bae00000, 0x00000007bae00000, 0x00000007bb000000|  0%| F|  |TAMS 0x00000007bae00000, 0x00000007bae00000| Untracked 
| 728|0x00000007bb000000, 0x00000007bb000000, 0x00000007bb200000|  0%| F|  |TAMS 0x00000007bb000000, 0x00000007bb000000| Untracked 
| 729|0x00000007bb200000, 0x00000007bb200000, 0x00000007bb400000|  0%| F|  |TAMS 0x00000007bb200000, 0x00000007bb200000| Untracked 
| 730|0x00000007bb400000, 0x00000007bb400000, 0x00000007bb600000|  0%| F|  |TAMS 0x00000007bb400000, 0x00000007bb400000| Untracked 
| 731|0x00000007bb600000, 0x00000007bb600000, 0x00000007bb800000|  0%| F|  |TAMS 0x00000007bb600000, 0x00000007bb600000| Untracked 
| 732|0x00000007bb800000, 0x00000007bb800000, 0x00000007bba00000|  0%| F|  |TAMS 0x00000007bb800000, 0x00000007bb800000| Untracked 
| 733|0x00000007bba00000, 0x00000007bba00000, 0x00000007bbc00000|  0%| F|  |TAMS 0x00000007bba00000, 0x00000007bba00000| Untracked 
| 734|0x00000007bbc00000, 0x00000007bbc00000, 0x00000007bbe00000|  0%| F|  |TAMS 0x00000007bbc00000, 0x00000007bbc00000| Untracked 
| 735|0x00000007bbe00000, 0x00000007bbe00000, 0x00000007bc000000|  0%| F|  |TAMS 0x00000007bbe00000, 0x00000007bbe00000| Untracked 
| 736|0x00000007bc000000, 0x00000007bc000000, 0x00000007bc200000|  0%| F|  |TAMS 0x00000007bc000000, 0x00000007bc000000| Untracked 
| 737|0x00000007bc200000, 0x00000007bc200000, 0x00000007bc400000|  0%| F|  |TAMS 0x00000007bc200000, 0x00000007bc200000| Untracked 
| 738|0x00000007bc400000, 0x00000007bc400000, 0x00000007bc600000|  0%| F|  |TAMS 0x00000007bc400000, 0x00000007bc400000| Untracked 
| 739|0x00000007bc600000, 0x00000007bc600000, 0x00000007bc800000|  0%| F|  |TAMS 0x00000007bc600000, 0x00000007bc600000| Untracked 
| 740|0x00000007bc800000, 0x00000007bc800000, 0x00000007bca00000|  0%| F|  |TAMS 0x00000007bc800000, 0x00000007bc800000| Untracked 
| 741|0x00000007bca00000, 0x00000007bca00000, 0x00000007bcc00000|  0%| F|  |TAMS 0x00000007bca00000, 0x00000007bca00000| Untracked 
| 742|0x00000007bcc00000, 0x00000007bcc00000, 0x00000007bce00000|  0%| F|  |TAMS 0x00000007bcc00000, 0x00000007bcc00000| Untracked 
| 743|0x00000007bce00000, 0x00000007bce00000, 0x00000007bd000000|  0%| F|  |TAMS 0x00000007bce00000, 0x00000007bce00000| Untracked 
| 744|0x00000007bd000000, 0x00000007bd000000, 0x00000007bd200000|  0%| F|  |TAMS 0x00000007bd000000, 0x00000007bd000000| Untracked 
| 745|0x00000007bd200000, 0x00000007bd200000, 0x00000007bd400000|  0%| F|  |TAMS 0x00000007bd200000, 0x00000007bd200000| Untracked 
| 746|0x00000007bd400000, 0x00000007bd400000, 0x00000007bd600000|  0%| F|  |TAMS 0x00000007bd400000, 0x00000007bd400000| Untracked 
| 747|0x00000007bd600000, 0x00000007bd600000, 0x00000007bd800000|  0%| F|  |TAMS 0x00000007bd600000, 0x00000007bd600000| Untracked 
| 748|0x00000007bd800000, 0x00000007bd800000, 0x00000007bda00000|  0%| F|  |TAMS 0x00000007bd800000, 0x00000007bd800000| Untracked 
| 749|0x00000007bda00000, 0x00000007bda00000, 0x00000007bdc00000|  0%| F|  |TAMS 0x00000007bda00000, 0x00000007bda00000| Untracked 
| 750|0x00000007bdc00000, 0x00000007bdc00000, 0x00000007bde00000|  0%| F|  |TAMS 0x00000007bdc00000, 0x00000007bdc00000| Untracked 
| 751|0x00000007bde00000, 0x00000007bde00000, 0x00000007be000000|  0%| F|  |TAMS 0x00000007bde00000, 0x00000007bde00000| Untracked 
| 752|0x00000007be000000, 0x00000007be000000, 0x00000007be200000|  0%| F|  |TAMS 0x00000007be000000, 0x00000007be000000| Untracked 
| 753|0x00000007be200000, 0x00000007be200000, 0x00000007be400000|  0%| F|  |TAMS 0x00000007be200000, 0x00000007be200000| Untracked 
| 754|0x00000007be400000, 0x00000007be400000, 0x00000007be600000|  0%| F|  |TAMS 0x00000007be400000, 0x00000007be400000| Untracked 
| 755|0x00000007be600000, 0x00000007be600000, 0x00000007be800000|  0%| F|  |TAMS 0x00000007be600000, 0x00000007be600000| Untracked 
| 756|0x00000007be800000, 0x00000007be800000, 0x00000007bea00000|  0%| F|  |TAMS 0x00000007be800000, 0x00000007be800000| Untracked 
| 757|0x00000007bea00000, 0x00000007bea00000, 0x00000007bec00000|  0%| F|  |TAMS 0x00000007bea00000, 0x00000007bea00000| Untracked 
| 758|0x00000007bec00000, 0x00000007bec00000, 0x00000007bee00000|  0%| F|  |TAMS 0x00000007bec00000, 0x00000007bec00000| Untracked 
| 759|0x00000007bee00000, 0x00000007bee00000, 0x00000007bf000000|  0%| F|  |TAMS 0x00000007bee00000, 0x00000007bee00000| Untracked 
| 760|0x00000007bf000000, 0x00000007bf000000, 0x00000007bf200000|  0%| F|  |TAMS 0x00000007bf000000, 0x00000007bf000000| Untracked 
| 761|0x00000007bf200000, 0x00000007bf200000, 0x00000007bf400000|  0%| F|  |TAMS 0x00000007bf200000, 0x00000007bf200000| Untracked 
| 762|0x00000007bf400000, 0x00000007bf400000, 0x00000007bf600000|  0%| F|  |TAMS 0x00000007bf400000, 0x00000007bf400000| Untracked 
| 763|0x00000007bf600000, 0x00000007bf600000, 0x00000007bf800000|  0%| F|  |TAMS 0x00000007bf600000, 0x00000007bf600000| Untracked 
| 764|0x00000007bf800000, 0x00000007bf800000, 0x00000007bfa00000|  0%| F|  |TAMS 0x00000007bf800000, 0x00000007bf800000| Untracked 
| 765|0x00000007bfa00000, 0x00000007bfa00000, 0x00000007bfc00000|  0%| F|  |TAMS 0x00000007bfa00000, 0x00000007bfa00000| Untracked 
| 766|0x00000007bfc00000, 0x00000007bfc00000, 0x00000007bfe00000|  0%| F|  |TAMS 0x00000007bfc00000, 0x00000007bfc00000| Untracked 
| 767|0x00000007bfe00000, 0x00000007bfe00000, 0x00000007c0000000|  0%| F|  |TAMS 0x00000007bfe00000, 0x00000007bfe00000| Untracked 
| 768|0x00000007c0000000, 0x00000007c0000000, 0x00000007c0200000|  0%| F|  |TAMS 0x00000007c0000000, 0x00000007c0000000| Untracked 
| 769|0x00000007c0200000, 0x00000007c0200000, 0x00000007c0400000|  0%| F|  |TAMS 0x00000007c0200000, 0x00000007c0200000| Untracked 
| 770|0x00000007c0400000, 0x00000007c0400000, 0x00000007c0600000|  0%| F|  |TAMS 0x00000007c0400000, 0x00000007c0400000| Untracked 
| 771|0x00000007c0600000, 0x00000007c0600000, 0x00000007c0800000|  0%| F|  |TAMS 0x00000007c0600000, 0x00000007c0600000| Untracked 
| 772|0x00000007c0800000, 0x00000007c0800000, 0x00000007c0a00000|  0%| F|  |TAMS 0x00000007c0800000, 0x00000007c0800000| Untracked 
| 773|0x00000007c0a00000, 0x00000007c0a00000, 0x00000007c0c00000|  0%| F|  |TAMS 0x00000007c0a00000, 0x00000007c0a00000| Untracked 
| 774|0x00000007c0c00000, 0x00000007c0c00000, 0x00000007c0e00000|  0%| F|  |TAMS 0x00000007c0c00000, 0x00000007c0c00000| Untracked 
| 775|0x00000007c0e00000, 0x00000007c0e00000, 0x00000007c1000000|  0%| F|  |TAMS 0x00000007c0e00000, 0x00000007c0e00000| Untracked 
| 776|0x00000007c1000000, 0x00000007c1000000, 0x00000007c1200000|  0%| F|  |TAMS 0x00000007c1000000, 0x00000007c1000000| Untracked 
| 777|0x00000007c1200000, 0x00000007c1200000, 0x00000007c1400000|  0%| F|  |TAMS 0x00000007c1200000, 0x00000007c1200000| Untracked 
| 778|0x00000007c1400000, 0x00000007c1400000, 0x00000007c1600000|  0%| F|  |TAMS 0x00000007c1400000, 0x00000007c1400000| Untracked 
| 779|0x00000007c1600000, 0x00000007c1600000, 0x00000007c1800000|  0%| F|  |TAMS 0x00000007c1600000, 0x00000007c1600000| Untracked 
| 780|0x00000007c1800000, 0x00000007c1800000, 0x00000007c1a00000|  0%| F|  |TAMS 0x00000007c1800000, 0x00000007c1800000| Untracked 
| 781|0x00000007c1a00000, 0x00000007c1a00000, 0x00000007c1c00000|  0%| F|  |TAMS 0x00000007c1a00000, 0x00000007c1a00000| Untracked 
| 782|0x00000007c1c00000, 0x00000007c1c00000, 0x00000007c1e00000|  0%| F|  |TAMS 0x00000007c1c00000, 0x00000007c1c00000| Untracked 
| 783|0x00000007c1e00000, 0x00000007c1e00000, 0x00000007c2000000|  0%| F|  |TAMS 0x00000007c1e00000, 0x00000007c1e00000| Untracked 
| 784|0x00000007c2000000, 0x00000007c2000000, 0x00000007c2200000|  0%| F|  |TAMS 0x00000007c2000000, 0x00000007c2000000| Untracked 
| 785|0x00000007c2200000, 0x00000007c2200000, 0x00000007c2400000|  0%| F|  |TAMS 0x00000007c2200000, 0x00000007c2200000| Untracked 
| 786|0x00000007c2400000, 0x00000007c2400000, 0x00000007c2600000|  0%| F|  |TAMS 0x00000007c2400000, 0x00000007c2400000| Untracked 
| 787|0x00000007c2600000, 0x00000007c2600000, 0x00000007c2800000|  0%| F|  |TAMS 0x00000007c2600000, 0x00000007c2600000| Untracked 
| 788|0x00000007c2800000, 0x00000007c2800000, 0x00000007c2a00000|  0%| F|  |TAMS 0x00000007c2800000, 0x00000007c2800000| Untracked 
| 789|0x00000007c2a00000, 0x00000007c2a00000, 0x00000007c2c00000|  0%| F|  |TAMS 0x00000007c2a00000, 0x00000007c2a00000| Untracked 
| 790|0x00000007c2c00000, 0x00000007c2c00000, 0x00000007c2e00000|  0%| F|  |TAMS 0x00000007c2c00000, 0x00000007c2c00000| Untracked 
| 791|0x00000007c2e00000, 0x00000007c2e00000, 0x00000007c3000000|  0%| F|  |TAMS 0x00000007c2e00000, 0x00000007c2e00000| Untracked 
| 792|0x00000007c3000000, 0x00000007c3000000, 0x00000007c3200000|  0%| F|  |TAMS 0x00000007c3000000, 0x00000007c3000000| Untracked 
| 793|0x00000007c3200000, 0x00000007c3200000, 0x00000007c3400000|  0%| F|  |TAMS 0x00000007c3200000, 0x00000007c3200000| Untracked 
| 794|0x00000007c3400000, 0x00000007c3400000, 0x00000007c3600000|  0%| F|  |TAMS 0x00000007c3400000, 0x00000007c3400000| Untracked 
| 795|0x00000007c3600000, 0x00000007c3600000, 0x00000007c3800000|  0%| F|  |TAMS 0x00000007c3600000, 0x00000007c3600000| Untracked 
| 796|0x00000007c3800000, 0x00000007c3800000, 0x00000007c3a00000|  0%| F|  |TAMS 0x00000007c3800000, 0x00000007c3800000| Untracked 
| 797|0x00000007c3a00000, 0x00000007c3a00000, 0x00000007c3c00000|  0%| F|  |TAMS 0x00000007c3a00000, 0x00000007c3a00000| Untracked 
| 798|0x00000007c3c00000, 0x00000007c3c00000, 0x00000007c3e00000|  0%| F|  |TAMS 0x00000007c3c00000, 0x00000007c3c00000| Untracked 
| 799|0x00000007c3e00000, 0x00000007c3e00000, 0x00000007c4000000|  0%| F|  |TAMS 0x00000007c3e00000, 0x00000007c3e00000| Untracked 
| 800|0x00000007c4000000, 0x00000007c4000000, 0x00000007c4200000|  0%| F|  |TAMS 0x00000007c4000000, 0x00000007c4000000| Untracked 
| 801|0x00000007c4200000, 0x00000007c4200000, 0x00000007c4400000|  0%| F|  |TAMS 0x00000007c4200000, 0x00000007c4200000| Untracked 
| 802|0x00000007c4400000, 0x00000007c4400000, 0x00000007c4600000|  0%| F|  |TAMS 0x00000007c4400000, 0x00000007c4400000| Untracked 
| 803|0x00000007c4600000, 0x00000007c4600000, 0x00000007c4800000|  0%| F|  |TAMS 0x00000007c4600000, 0x00000007c4600000| Untracked 
| 804|0x00000007c4800000, 0x00000007c4800000, 0x00000007c4a00000|  0%| F|  |TAMS 0x00000007c4800000, 0x00000007c4800000| Untracked 
| 805|0x00000007c4a00000, 0x00000007c4a00000, 0x00000007c4c00000|  0%| F|  |TAMS 0x00000007c4a00000, 0x00000007c4a00000| Untracked 
| 806|0x00000007c4c00000, 0x00000007c4c00000, 0x00000007c4e00000|  0%| F|  |TAMS 0x00000007c4c00000, 0x00000007c4c00000| Untracked 
| 807|0x00000007c4e00000, 0x00000007c4e00000, 0x00000007c5000000|  0%| F|  |TAMS 0x00000007c4e00000, 0x00000007c4e00000| Untracked 
| 808|0x00000007c5000000, 0x00000007c5000000, 0x00000007c5200000|  0%| F|  |TAMS 0x00000007c5000000, 0x00000007c5000000| Untracked 
| 809|0x00000007c5200000, 0x00000007c5200000, 0x00000007c5400000|  0%| F|  |TAMS 0x00000007c5200000, 0x00000007c5200000| Untracked 
| 810|0x00000007c5400000, 0x00000007c5400000, 0x00000007c5600000|  0%| F|  |TAMS 0x00000007c5400000, 0x00000007c5400000| Untracked 
| 811|0x00000007c5600000, 0x00000007c5600000, 0x00000007c5800000|  0%| F|  |TAMS 0x00000007c5600000, 0x00000007c5600000| Untracked 
| 812|0x00000007c5800000, 0x00000007c5800000, 0x00000007c5a00000|  0%| F|  |TAMS 0x00000007c5800000, 0x00000007c5800000| Untracked 
| 813|0x00000007c5a00000, 0x00000007c5a00000, 0x00000007c5c00000|  0%| F|  |TAMS 0x00000007c5a00000, 0x00000007c5a00000| Untracked 
| 814|0x00000007c5c00000, 0x00000007c5c00000, 0x00000007c5e00000|  0%| F|  |TAMS 0x00000007c5c00000, 0x00000007c5c00000| Untracked 
| 815|0x00000007c5e00000, 0x00000007c5e00000, 0x00000007c6000000|  0%| F|  |TAMS 0x00000007c5e00000, 0x00000007c5e00000| Untracked 
| 816|0x00000007c6000000, 0x00000007c6000000, 0x00000007c6200000|  0%| F|  |TAMS 0x00000007c6000000, 0x00000007c6000000| Untracked 
| 817|0x00000007c6200000, 0x00000007c6200000, 0x00000007c6400000|  0%| F|  |TAMS 0x00000007c6200000, 0x00000007c6200000| Untracked 
| 818|0x00000007c6400000, 0x00000007c6400000, 0x00000007c6600000|  0%| F|  |TAMS 0x00000007c6400000, 0x00000007c6400000| Untracked 
| 819|0x00000007c6600000, 0x00000007c6600000, 0x00000007c6800000|  0%| F|  |TAMS 0x00000007c6600000, 0x00000007c6600000| Untracked 
| 820|0x00000007c6800000, 0x00000007c6800000, 0x00000007c6a00000|  0%| F|  |TAMS 0x00000007c6800000, 0x00000007c6800000| Untracked 
| 821|0x00000007c6a00000, 0x00000007c6a00000, 0x00000007c6c00000|  0%| F|  |TAMS 0x00000007c6a00000, 0x00000007c6a00000| Untracked 
| 822|0x00000007c6c00000, 0x00000007c6c00000, 0x00000007c6e00000|  0%| F|  |TAMS 0x00000007c6c00000, 0x00000007c6c00000| Untracked 
| 823|0x00000007c6e00000, 0x00000007c6e00000, 0x00000007c7000000|  0%| F|  |TAMS 0x00000007c6e00000, 0x00000007c6e00000| Untracked 
| 824|0x00000007c7000000, 0x00000007c7000000, 0x00000007c7200000|  0%| F|  |TAMS 0x00000007c7000000, 0x00000007c7000000| Untracked 
| 825|0x00000007c7200000, 0x00000007c7200000, 0x00000007c7400000|  0%| F|  |TAMS 0x00000007c7200000, 0x00000007c7200000| Untracked 
| 826|0x00000007c7400000, 0x00000007c75e1b60, 0x00000007c7600000| 94%| S|CS|TAMS 0x00000007c7400000, 0x00000007c7400000| Complete 
| 827|0x00000007c7600000, 0x00000007c7800000, 0x00000007c7800000|100%| S|CS|TAMS 0x00000007c7600000, 0x00000007c7600000| Complete 
| 828|0x00000007c7800000, 0x00000007c7a00000, 0x00000007c7a00000|100%| S|CS|TAMS 0x00000007c7800000, 0x00000007c7800000| Complete 
| 829|0x00000007c7a00000, 0x00000007c7a00000, 0x00000007c7c00000|  0%| F|  |TAMS 0x00000007c7a00000, 0x00000007c7a00000| Untracked 
| 830|0x00000007c7c00000, 0x00000007c7c00000, 0x00000007c7e00000|  0%| F|  |TAMS 0x00000007c7c00000, 0x00000007c7c00000| Untracked 
| 831|0x00000007c7e00000, 0x00000007c7e00000, 0x00000007c8000000|  0%| F|  |TAMS 0x00000007c7e00000, 0x00000007c7e00000| Untracked 
| 832|0x00000007c8000000, 0x00000007c8200000, 0x00000007c8200000|100%| S|CS|TAMS 0x00000007c8000000, 0x00000007c8000000| Complete 
| 833|0x00000007c8200000, 0x00000007c8200000, 0x00000007c8400000|  0%| F|  |TAMS 0x00000007c8200000, 0x00000007c8200000| Untracked 
| 834|0x00000007c8400000, 0x00000007c8400000, 0x00000007c8600000|  0%| F|  |TAMS 0x00000007c8400000, 0x00000007c8400000| Untracked 
| 835|0x00000007c8600000, 0x00000007c8600000, 0x00000007c8800000|  0%| F|  |TAMS 0x00000007c8600000, 0x00000007c8600000| Untracked 
| 836|0x00000007c8800000, 0x00000007c8800000, 0x00000007c8a00000|  0%| F|  |TAMS 0x00000007c8800000, 0x00000007c8800000| Untracked 
| 837|0x00000007c8a00000, 0x00000007c8a00000, 0x00000007c8c00000|  0%| F|  |TAMS 0x00000007c8a00000, 0x00000007c8a00000| Untracked 
| 838|0x00000007c8c00000, 0x00000007c8c00000, 0x00000007c8e00000|  0%| F|  |TAMS 0x00000007c8c00000, 0x00000007c8c00000| Untracked 
| 839|0x00000007c8e00000, 0x00000007c8e00000, 0x00000007c9000000|  0%| F|  |TAMS 0x00000007c8e00000, 0x00000007c8e00000| Untracked 
| 840|0x00000007c9000000, 0x00000007c9000000, 0x00000007c9200000|  0%| F|  |TAMS 0x00000007c9000000, 0x00000007c9000000| Untracked 
| 841|0x00000007c9200000, 0x00000007c9200000, 0x00000007c9400000|  0%| F|  |TAMS 0x00000007c9200000, 0x00000007c9200000| Untracked 
| 842|0x00000007c9400000, 0x00000007c9400000, 0x00000007c9600000|  0%| F|  |TAMS 0x00000007c9400000, 0x00000007c9400000| Untracked 
| 843|0x00000007c9600000, 0x00000007c9600000, 0x00000007c9800000|  0%| F|  |TAMS 0x00000007c9600000, 0x00000007c9600000| Untracked 
| 844|0x00000007c9800000, 0x00000007c9800000, 0x00000007c9a00000|  0%| F|  |TAMS 0x00000007c9800000, 0x00000007c9800000| Untracked 
| 845|0x00000007c9a00000, 0x00000007c9a00000, 0x00000007c9c00000|  0%| F|  |TAMS 0x00000007c9a00000, 0x00000007c9a00000| Untracked 
| 846|0x00000007c9c00000, 0x00000007c9c00000, 0x00000007c9e00000|  0%| F|  |TAMS 0x00000007c9c00000, 0x00000007c9c00000| Untracked 
| 847|0x00000007c9e00000, 0x00000007c9e00000, 0x00000007ca000000|  0%| F|  |TAMS 0x00000007c9e00000, 0x00000007c9e00000| Untracked 
| 848|0x00000007ca000000, 0x00000007ca000000, 0x00000007ca200000|  0%| F|  |TAMS 0x00000007ca000000, 0x00000007ca000000| Untracked 
| 849|0x00000007ca200000, 0x00000007ca200000, 0x00000007ca400000|  0%| F|  |TAMS 0x00000007ca200000, 0x00000007ca200000| Untracked 
| 850|0x00000007ca400000, 0x00000007ca400000, 0x00000007ca600000|  0%| F|  |TAMS 0x00000007ca400000, 0x00000007ca400000| Untracked 
| 851|0x00000007ca600000, 0x00000007ca600000, 0x00000007ca800000|  0%| F|  |TAMS 0x00000007ca600000, 0x00000007ca600000| Untracked 
| 852|0x00000007ca800000, 0x00000007ca800000, 0x00000007caa00000|  0%| F|  |TAMS 0x00000007ca800000, 0x00000007ca800000| Untracked 
| 853|0x00000007caa00000, 0x00000007caa00000, 0x00000007cac00000|  0%| F|  |TAMS 0x00000007caa00000, 0x00000007caa00000| Untracked 
| 854|0x00000007cac00000, 0x00000007cac00000, 0x00000007cae00000|  0%| F|  |TAMS 0x00000007cac00000, 0x00000007cac00000| Untracked 
| 855|0x00000007cae00000, 0x00000007cae00000, 0x00000007cb000000|  0%| F|  |TAMS 0x00000007cae00000, 0x00000007cae00000| Untracked 
| 856|0x00000007cb000000, 0x00000007cb000000, 0x00000007cb200000|  0%| F|  |TAMS 0x00000007cb000000, 0x00000007cb000000| Untracked 
| 857|0x00000007cb200000, 0x00000007cb200000, 0x00000007cb400000|  0%| F|  |TAMS 0x00000007cb200000, 0x00000007cb200000| Untracked 
| 858|0x00000007cb400000, 0x00000007cb400000, 0x00000007cb600000|  0%| F|  |TAMS 0x00000007cb400000, 0x00000007cb400000| Untracked 
| 859|0x00000007cb600000, 0x00000007cb600000, 0x00000007cb800000|  0%| F|  |TAMS 0x00000007cb600000, 0x00000007cb600000| Untracked 
| 860|0x00000007cb800000, 0x00000007cb800000, 0x00000007cba00000|  0%| F|  |TAMS 0x00000007cb800000, 0x00000007cb800000| Untracked 
| 861|0x00000007cba00000, 0x00000007cba00000, 0x00000007cbc00000|  0%| F|  |TAMS 0x00000007cba00000, 0x00000007cba00000| Untracked 
| 862|0x00000007cbc00000, 0x00000007cbc00000, 0x00000007cbe00000|  0%| F|  |TAMS 0x00000007cbc00000, 0x00000007cbc00000| Untracked 
| 863|0x00000007cbe00000, 0x00000007cbe00000, 0x00000007cc000000|  0%| F|  |TAMS 0x00000007cbe00000, 0x00000007cbe00000| Untracked 
| 864|0x00000007cc000000, 0x00000007cc000000, 0x00000007cc200000|  0%| F|  |TAMS 0x00000007cc000000, 0x00000007cc000000| Untracked 
| 865|0x00000007cc200000, 0x00000007cc200000, 0x00000007cc400000|  0%| F|  |TAMS 0x00000007cc200000, 0x00000007cc200000| Untracked 
| 866|0x00000007cc400000, 0x00000007cc400000, 0x00000007cc600000|  0%| F|  |TAMS 0x00000007cc400000, 0x00000007cc400000| Untracked 
| 867|0x00000007cc600000, 0x00000007cc600000, 0x00000007cc800000|  0%| F|  |TAMS 0x00000007cc600000, 0x00000007cc600000| Untracked 
| 868|0x00000007cc800000, 0x00000007cc800000, 0x00000007cca00000|  0%| F|  |TAMS 0x00000007cc800000, 0x00000007cc800000| Untracked 
| 869|0x00000007cca00000, 0x00000007cca00000, 0x00000007ccc00000|  0%| F|  |TAMS 0x00000007cca00000, 0x00000007cca00000| Untracked 
| 870|0x00000007ccc00000, 0x00000007ccc00000, 0x00000007cce00000|  0%| F|  |TAMS 0x00000007ccc00000, 0x00000007ccc00000| Untracked 
| 871|0x00000007cce00000, 0x00000007cce00000, 0x00000007cd000000|  0%| F|  |TAMS 0x00000007cce00000, 0x00000007cce00000| Untracked 

Card table byte_map: [0x0000029664440000,0x0000029664940000] _byte_map_base: 0x0000029660940000

Marking Bits (Prev, Next): (CMBitMap*) 0x000002964bec4840, (CMBitMap*) 0x000002964bec4800
 Prev Bits: [0x0000029667640000, 0x0000029669e40000)
 Next Bits: [0x0000029664e40000, 0x0000029667640000)

Polling page: 0x000002964a050000

Metaspace:

Usage:
  Non-class:    146.47 MB used.
      Class:     24.58 MB used.
       Both:    171.05 MB used.

Virtual space:
  Non-class space:      192.00 MB reserved,     147.69 MB ( 77%) committed,  3 nodes.
      Class space:      832.00 MB reserved,      25.56 MB (  3%) committed,  1 nodes.
             Both:        1.00 GB reserved,     173.25 MB ( 17%) committed. 

Chunk freelists:
   Non-Class:  12.44 MB
       Class:  6.67 MB
        Both:  19.11 MB

MaxMetaspaceSize: 1.00 GB
CompressedClassSpaceSize: 832.00 MB
Initial GC threshold: 21.00 MB
Current GC threshold: 288.75 MB
CDS: on
MetaspaceReclaimPolicy: balanced
 - commit_granule_bytes: 65536.
 - commit_granule_words: 8192.
 - virtual_space_node_default_size: 8388608.
 - enlarge_chunks_in_place: 1.
 - new_chunks_are_fully_committed: 0.
 - uncommit_free_chunks: 1.
 - use_allocation_guard: 0.
 - handle_deallocations: 1.


Internal statistics:

num_allocs_failed_limit: 9.
num_arena_births: 3078.
num_arena_deaths: 370.
num_vsnodes_births: 4.
num_vsnodes_deaths: 0.
num_space_committed: 2771.
num_space_uncommitted: 0.
num_chunks_returned_to_freelist: 546.
num_chunks_taken_from_freelist: 10915.
num_chunk_merges: 221.
num_chunk_splits: 7168.
num_chunks_enlarged: 4682.
num_inconsistent_stats: 0.

CodeHeap 'non-profiled nmethods': size=128192Kb used=19883Kb max_used=19990Kb free=108308Kb
 bounds [0x000002965bcc0000, 0x000002965d060000, 0x00000296639f0000]
CodeHeap 'profiled nmethods': size=128192Kb used=59878Kb max_used=59878Kb free=68314Kb
 bounds [0x00000296539f0000, 0x0000029657470000, 0x000002965b720000]
CodeHeap 'non-nmethods': size=5760Kb used=2554Kb max_used=2670Kb free=3205Kb
 bounds [0x000002965b720000, 0x000002965b9d0000, 0x000002965bcc0000]
 total_blobs=30184 nmethods=29086 adapters=1008
 compilation: enabled
              stopped_count=0, restarted_count=0
 full_count=0

Compilation events (20 events):
Event: 175.855 Thread 0x000002966c9c5200 40898 %     3       com.android.tools.r8.internal.zc::d @ 57 (98 bytes)
Event: 175.858 Thread 0x000002966c9c5200 nmethod 40898% 0x0000029657461f10 code [0x0000029657462220, 0x0000029657463ad8]
Event: 175.863 Thread 0x000002966c9c5200 40900 %     3       com.android.tools.r8.internal.t52::a @ 268 (972 bytes)
Event: 175.877 Thread 0x000002966c9c5200 nmethod 40900% 0x0000029657464190 code [0x00000296574648a0, 0x00000296574690b8]
Event: 175.877 Thread 0x000002966c9c5200 40901       3       com.android.tools.r8.internal.t52::b (130 bytes)
Event: 175.883 Thread 0x000002966c9c5200 nmethod 40901 0x000002965746a990 code [0x000002965746ac40, 0x000002965746b818]
Event: 175.883 Thread 0x000002966c9c5200 40903       3       com.android.tools.r8.internal.if0::a (86 bytes)
Event: 175.883 Thread 0x000002966c9c5200 nmethod 40903 0x000002965746bc10 code [0x000002965746bda0, 0x000002965746beb8]
Event: 175.884 Thread 0x000002966c9c5200 40904       2       com.android.tools.r8.internal.tv3::f (34 bytes)
Event: 175.884 Thread 0x000002966c9c5200 nmethod 40904 0x000002965746bf90 code [0x000002965746c160, 0x000002965746c378]
Event: 175.896 Thread 0x000002966c9c5200 40905       2       com.android.tools.r8.internal.yg0::a (17 bytes)
Event: 175.897 Thread 0x000002966c9c5200 nmethod 40905 0x000002965746c490 code [0x000002965746c640, 0x000002965746c7c8]
Event: 175.897 Thread 0x000002966c9c5200 40906       2       com.android.tools.r8.internal.yg0$$Lambda$10912/0x0000029602972848::a (5 bytes)
Event: 175.898 Thread 0x000002966c9c5200 nmethod 40906 0x000002965746c910 code [0x000002965746cac0, 0x000002965746cc38]
Event: 175.898 Thread 0x000002966c9c5200 40907       2       com.android.tools.r8.internal.yg0::a (19 bytes)
Event: 175.899 Thread 0x000002966c9c5200 nmethod 40907 0x000002965746cd10 code [0x000002965746cec0, 0x000002965746cff8]
Event: 175.916 Thread 0x000002966c9c5200 40908       3       java.util.Collections$SetFromMap::equals (24 bytes)
Event: 175.917 Thread 0x000002966c9c5200 nmethod 40908 0x000002965746d090 code [0x000002965746d240, 0x000002965746d4a8]
Event: 175.924 Thread 0x000002966c9c5200 40909       3       com.android.tools.r8.internal.gj2::compare (18 bytes)
Event: 175.924 Thread 0x000002966c9c5200 nmethod 40909 0x000002965746d590 code [0x000002965746d760, 0x000002965746dbf8]

GC Heap History (20 events):
Event: 173.812 GC heap after
{Heap after GC invocations=325 (full 0):
 garbage-first heap   total 1376256K, used 1243148K [0x0000000760000000, 0x0000000800000000)
  region size 2048K, 2 young (4096K), 2 survivors (4096K)
 Metaspace       used 175337K, committed 177280K, reserved 1048576K
  class space    used 25256K, committed 26176K, reserved 851968K
}
Event: 173.916 GC heap before
{Heap before GC invocations=325 (full 0):
 garbage-first heap   total 1376256K, used 1306636K [0x0000000760000000, 0x0000000800000000)
  region size 2048K, 33 young (67584K), 2 survivors (4096K)
 Metaspace       used 175357K, committed 177344K, reserved 1048576K
  class space    used 25256K, committed 26176K, reserved 851968K
}
Event: 173.921 GC heap after
{Heap after GC invocations=326 (full 0):
 garbage-first heap   total 1376256K, used 1243127K [0x0000000760000000, 0x0000000800000000)
  region size 2048K, 2 young (4096K), 2 survivors (4096K)
 Metaspace       used 175357K, committed 177344K, reserved 1048576K
  class space    used 25256K, committed 26176K, reserved 851968K
}
Event: 174.033 GC heap before
{Heap before GC invocations=326 (full 0):
 garbage-first heap   total 1376256K, used 1306615K [0x0000000760000000, 0x0000000800000000)
  region size 2048K, 33 young (67584K), 2 survivors (4096K)
 Metaspace       used 175371K, committed 177344K, reserved 1048576K
  class space    used 25256K, committed 26176K, reserved 851968K
}
Event: 174.038 GC heap after
{Heap after GC invocations=327 (full 0):
 garbage-first heap   total 1376256K, used 1243366K [0x0000000760000000, 0x0000000800000000)
  region size 2048K, 3 young (6144K), 3 survivors (6144K)
 Metaspace       used 175371K, committed 177344K, reserved 1048576K
  class space    used 25256K, committed 26176K, reserved 851968K
}
Event: 174.143 GC heap before
{Heap before GC invocations=327 (full 0):
 garbage-first heap   total 1376256K, used 1304806K [0x0000000760000000, 0x0000000800000000)
  region size 2048K, 33 young (67584K), 3 survivors (6144K)
 Metaspace       used 175440K, committed 177408K, reserved 1048576K
  class space    used 25256K, committed 26176K, reserved 851968K
}
Event: 174.148 GC heap after
{Heap after GC invocations=328 (full 0):
 garbage-first heap   total 1376256K, used 1244762K [0x0000000760000000, 0x0000000800000000)
  region size 2048K, 3 young (6144K), 3 survivors (6144K)
 Metaspace       used 175440K, committed 177408K, reserved 1048576K
  class space    used 25256K, committed 26176K, reserved 851968K
}
Event: 174.245 GC heap before
{Heap before GC invocations=328 (full 0):
 garbage-first heap   total 1376256K, used 1306202K [0x0000000760000000, 0x0000000800000000)
  region size 2048K, 33 young (67584K), 3 survivors (6144K)
 Metaspace       used 175463K, committed 177408K, reserved 1048576K
  class space    used 25256K, committed 26176K, reserved 851968K
}
Event: 174.251 GC heap after
{Heap after GC invocations=329 (full 0):
 garbage-first heap   total 1376256K, used 1245517K [0x0000000760000000, 0x0000000800000000)
  region size 2048K, 3 young (6144K), 3 survivors (6144K)
 Metaspace       used 175463K, committed 177408K, reserved 1048576K
  class space    used 25256K, committed 26176K, reserved 851968K
}
Event: 174.735 GC heap before
{Heap before GC invocations=329 (full 0):
 garbage-first heap   total 1785856K, used 1073485K [0x0000000760000000, 0x0000000800000000)
  region size 2048K, 33 young (67584K), 3 survivors (6144K)
 Metaspace       used 175149K, committed 177408K, reserved 1048576K
  class space    used 25164K, committed 26176K, reserved 851968K
}
Event: 174.743 GC heap after
{Heap after GC invocations=330 (full 0):
 garbage-first heap   total 1785856K, used 1015598K [0x0000000760000000, 0x0000000800000000)
  region size 2048K, 4 young (8192K), 4 survivors (8192K)
 Metaspace       used 175149K, committed 177408K, reserved 1048576K
  class space    used 25164K, committed 26176K, reserved 851968K
}
Event: 175.411 GC heap before
{Heap before GC invocations=331 (full 0):
 garbage-first heap   total 1785856K, used 1412910K [0x0000000760000000, 0x0000000800000000)
  region size 2048K, 198 young (405504K), 4 survivors (8192K)
 Metaspace       used 175152K, committed 177408K, reserved 1048576K
  class space    used 25168K, committed 26176K, reserved 851968K
}
Event: 175.419 GC heap after
{Heap after GC invocations=332 (full 0):
 garbage-first heap   total 1785856K, used 1017161K [0x0000000760000000, 0x0000000800000000)
  region size 2048K, 5 young (10240K), 5 survivors (10240K)
 Metaspace       used 175152K, committed 177408K, reserved 1048576K
  class space    used 25168K, committed 26176K, reserved 851968K
}
Event: 175.520 GC heap before
{Heap before GC invocations=332 (full 0):
 garbage-first heap   total 1785856K, used 1092937K [0x0000000760000000, 0x0000000800000000)
  region size 2048K, 43 young (88064K), 5 survivors (10240K)
 Metaspace       used 175152K, committed 177408K, reserved 1048576K
  class space    used 25168K, committed 26176K, reserved 851968K
}
Event: 175.533 GC heap after
{Heap after GC invocations=333 (full 0):
 garbage-first heap   total 1785856K, used 837977K [0x0000000760000000, 0x0000000800000000)
  region size 2048K, 4 young (8192K), 4 survivors (8192K)
 Metaspace       used 175152K, committed 177408K, reserved 1048576K
  class space    used 25168K, committed 26176K, reserved 851968K
}
Event: 175.630 GC heap before
{Heap before GC invocations=333 (full 0):
 garbage-first heap   total 1785856K, used 917849K [0x0000000760000000, 0x0000000800000000)
  region size 2048K, 43 young (88064K), 4 survivors (8192K)
 Metaspace       used 175154K, committed 177408K, reserved 1048576K
  class space    used 25170K, committed 26176K, reserved 851968K
}
Event: 175.655 GC heap after
{Heap after GC invocations=334 (full 0):
 garbage-first heap   total 1785856K, used 661777K [0x0000000760000000, 0x0000000800000000)
  region size 2048K, 3 young (6144K), 3 survivors (6144K)
 Metaspace       used 175154K, committed 177408K, reserved 1048576K
  class space    used 25170K, committed 26176K, reserved 851968K
}
Event: 175.725 GC heap before
{Heap before GC invocations=334 (full 0):
 garbage-first heap   total 1785856K, used 743697K [0x0000000760000000, 0x0000000800000000)
  region size 2048K, 43 young (88064K), 3 survivors (6144K)
 Metaspace       used 175155K, committed 177408K, reserved 1048576K
  class space    used 25170K, committed 26176K, reserved 851968K
}
Event: 175.812 GC heap after
{Heap after GC invocations=335 (full 0):
 garbage-first heap   total 1785856K, used 505228K [0x0000000760000000, 0x0000000800000000)
  region size 2048K, 4 young (8192K), 4 survivors (8192K)
 Metaspace       used 175155K, committed 177408K, reserved 1048576K
  class space    used 25170K, committed 26176K, reserved 851968K
}
Event: 175.926 GC heap before
{Heap before GC invocations=335 (full 0):
 garbage-first heap   total 1785856K, used 585100K [0x0000000760000000, 0x0000000800000000)
  region size 2048K, 43 young (88064K), 4 survivors (8192K)
 Metaspace       used 175156K, committed 177408K, reserved 1048576K
  class space    used 25170K, committed 26176K, reserved 851968K
}

Dll operation events (15 events):
Event: 0.024 Loaded shared library C:\Program Files\Eclipse Adoptium\jdk-17.0.20.8-hotspot\bin\java.dll
Event: 0.046 Loaded shared library C:\Program Files\Eclipse Adoptium\jdk-17.0.20.8-hotspot\bin\jsvml.dll
Event: 0.120 Loaded shared library C:\Program Files\Eclipse Adoptium\jdk-17.0.20.8-hotspot\bin\zip.dll
Event: 0.125 Loaded shared library C:\Program Files\Eclipse Adoptium\jdk-17.0.20.8-hotspot\bin\instrument.dll
Event: 0.131 Loaded shared library C:\Program Files\Eclipse Adoptium\jdk-17.0.20.8-hotspot\bin\net.dll
Event: 0.134 Loaded shared library C:\Program Files\Eclipse Adoptium\jdk-17.0.20.8-hotspot\bin\nio.dll
Event: 0.136 Loaded shared library C:\Program Files\Eclipse Adoptium\jdk-17.0.20.8-hotspot\bin\zip.dll
Event: 0.571 Loaded shared library C:\Program Files\Eclipse Adoptium\jdk-17.0.20.8-hotspot\bin\jimage.dll
Event: 0.868 Loaded shared library C:\Program Files\Eclipse Adoptium\jdk-17.0.20.8-hotspot\bin\verify.dll
Event: 0.915 Loaded shared library C:\Users\laiba\.gradle\native\1def1411415f61bf3af743bc5b6707747c0891f09f0c88961ee8f79bc544acac\windows-amd64\native-platform.dll
Event: 0.950 Loaded shared library C:\Users\laiba\.gradle\native\0.2.8\x86_64-windows-gnu\gradle-fileevents.dll
Event: 2.888 Loaded shared library C:\Program Files\Eclipse Adoptium\jdk-17.0.20.8-hotspot\bin\management.dll
Event: 2.891 Loaded shared library C:\Program Files\Eclipse Adoptium\jdk-17.0.20.8-hotspot\bin\management_ext.dll
Event: 3.255 Loaded shared library C:\Program Files\Eclipse Adoptium\jdk-17.0.20.8-hotspot\bin\extnet.dll
Event: 3.617 Loaded shared library C:\Program Files\Eclipse Adoptium\jdk-17.0.20.8-hotspot\bin\sunmscapi.dll

Deoptimization events (20 events):
Event: 173.595 Thread 0x00000296745e0880 Uncommon trap: trap_request=0xffffff45 fr.pc=0x000002965ca97d98 relative=0x00000000000001d8
Event: 173.595 Thread 0x00000296745e0880 Uncommon trap: reason=unstable_if action=reinterpret pc=0x000002965ca97d98 method=com.android.tools.r8.internal.ie3.b(Ljava/lang/Object;)I @ 50 c2
Event: 173.595 Thread 0x00000296745e0880 DEOPT PACKING pc=0x000002965ca97d98 sp=0x000000f4647fe950
Event: 173.595 Thread 0x00000296745e0880 DEOPT UNPACKING pc=0x000002965b7769a3 sp=0x000000f4647fe8e8 mode 2
Event: 173.743 Thread 0x00000296745dfe60 DEOPT PACKING pc=0x0000029656626b95 sp=0x000000f463dfeb40
Event: 173.743 Thread 0x00000296745dfe60 DEOPT UNPACKING pc=0x000002965b777143 sp=0x000000f463dfe100 mode 0
Event: 173.827 Thread 0x00000296745e0370 DEOPT PACKING pc=0x00000296562b149a sp=0x000000f4644fe7a0
Event: 173.827 Thread 0x00000296745e0370 DEOPT UNPACKING pc=0x000002965b777143 sp=0x000000f4644fdf00 mode 0
Event: 174.005 Thread 0x00000296745dcbc0 DEOPT PACKING pc=0x0000029655ef8d30 sp=0x000000f4646fe760
Event: 174.005 Thread 0x00000296745dcbc0 DEOPT UNPACKING pc=0x000002965b777143 sp=0x000000f4646fdcd0 mode 0
Event: 174.242 Thread 0x00000296745de000 DEOPT PACKING pc=0x00000296573c4a54 sp=0x000000f4645fdb70
Event: 174.242 Thread 0x00000296745de000 DEOPT UNPACKING pc=0x000002965b777143 sp=0x000000f4645fd060 mode 0
Event: 174.758 Thread 0x00000296745e0370 DEOPT PACKING pc=0x00000296562b149a sp=0x000000f4644fe7c0
Event: 174.758 Thread 0x00000296745e0370 DEOPT UNPACKING pc=0x000002965b777143 sp=0x000000f4644fdf20 mode 0
Event: 174.937 Thread 0x00000296745dcbc0 DEOPT PACKING pc=0x0000029655ef8d30 sp=0x000000f4646fe7d0
Event: 174.937 Thread 0x00000296745dcbc0 DEOPT UNPACKING pc=0x000002965b777143 sp=0x000000f4646fdd40 mode 0
Event: 175.144 Thread 0x00000296745de000 DEOPT PACKING pc=0x00000296573c7ef9 sp=0x000000f4645fde10
Event: 175.144 Thread 0x00000296745de000 DEOPT UNPACKING pc=0x000002965b777143 sp=0x000000f4645fd378 mode 0
Event: 175.869 Thread 0x00000296745e0d90 DEOPT PACKING pc=0x00000296573d09f3 sp=0x000000f4648fd900
Event: 175.869 Thread 0x00000296745e0d90 DEOPT UNPACKING pc=0x000002965b777143 sp=0x000000f4648fcdc0 mode 0

Classes loaded (20 events):
Event: 123.459 Loading class java/util/IdentityHashMap$EntrySpliterator
Event: 123.462 Loading class java/util/IdentityHashMap$IdentityHashMapSpliterator
Event: 123.465 Loading class java/util/IdentityHashMap$IdentityHashMapSpliterator done
Event: 123.466 Loading class java/util/IdentityHashMap$EntrySpliterator done
Event: 123.555 Loading class java/util/SortedSet$1
Event: 123.555 Loading class java/util/SortedSet$1 done
Event: 123.834 Loading class java/util/IdentityHashMap$ValueSpliterator
Event: 123.835 Loading class java/util/IdentityHashMap$ValueSpliterator done
Event: 123.875 Loading class java/util/PriorityQueue
Event: 123.889 Loading class java/util/PriorityQueue done
Event: 124.092 Loading class java/util/concurrent/ConcurrentHashMap$TreeNode
Event: 124.093 Loading class java/util/concurrent/ConcurrentHashMap$TreeNode done
Event: 124.093 Loading class java/util/concurrent/ConcurrentHashMap$TreeBin
Event: 124.094 Loading class java/util/concurrent/ConcurrentHashMap$TreeBin done
Event: 130.204 Loading class java/util/function/ObjIntConsumer
Event: 130.208 Loading class java/util/function/ObjIntConsumer done
Event: 138.311 Loading class java/util/IdentityHashMap$KeySpliterator
Event: 138.311 Loading class java/util/IdentityHashMap$KeySpliterator done
Event: 145.442 Loading class java/util/concurrent/ConcurrentHashMap$TableStack
Event: 145.442 Loading class java/util/concurrent/ConcurrentHashMap$TableStack done

Classes unloaded (20 events):
Event: 174.325 Thread 0x000002966c9836b0 Unloading class 0x000002960232c400 'java/lang/invoke/LambdaForm$DMH+0x000002960232c400'
Event: 174.325 Thread 0x000002966c9836b0 Unloading class 0x0000029602252c00 'java/lang/invoke/LambdaForm$DMH+0x0000029602252c00'
Event: 174.325 Thread 0x000002966c9836b0 Unloading class 0x0000029602252800 'java/lang/invoke/LambdaForm$DMH+0x0000029602252800'
Event: 174.325 Thread 0x000002966c9836b0 Unloading class 0x0000029602252000 'java/lang/invoke/LambdaForm$DMH+0x0000029602252000'
Event: 174.325 Thread 0x000002966c9836b0 Unloading class 0x0000029602252400 'java/lang/invoke/LambdaForm$DMH+0x0000029602252400'
Event: 174.325 Thread 0x000002966c9836b0 Unloading class 0x0000029602251c00 'java/lang/invoke/LambdaForm$DMH+0x0000029602251c00'
Event: 174.325 Thread 0x000002966c9836b0 Unloading class 0x0000029602251800 'java/lang/invoke/LambdaForm$DMH+0x0000029602251800'
Event: 174.325 Thread 0x000002966c9836b0 Unloading class 0x0000029602250400 'java/lang/invoke/LambdaForm$DMH+0x0000029602250400'
Event: 174.325 Thread 0x000002966c9836b0 Unloading class 0x0000029602251000 'java/lang/invoke/LambdaForm$DMH+0x0000029602251000'
Event: 174.325 Thread 0x000002966c9836b0 Unloading class 0x0000029602251400 'java/lang/invoke/LambdaForm$DMH+0x0000029602251400'
Event: 174.325 Thread 0x000002966c9836b0 Unloading class 0x0000029602250800 'java/lang/invoke/LambdaForm$DMH+0x0000029602250800'
Event: 174.325 Thread 0x000002966c9836b0 Unloading class 0x0000029602250c00 'java/lang/invoke/LambdaForm$DMH+0x0000029602250c00'
Event: 174.325 Thread 0x000002966c9836b0 Unloading class 0x000002960223e000 'java/lang/invoke/LambdaForm$DMH+0x000002960223e000'
Event: 174.325 Thread 0x000002966c9836b0 Unloading class 0x000002960223dc00 'java/lang/invoke/LambdaForm$DMH+0x000002960223dc00'
Event: 174.325 Thread 0x000002966c9836b0 Unloading class 0x000002960223d800 'java/lang/invoke/LambdaForm$DMH+0x000002960223d800'
Event: 174.325 Thread 0x000002966c9836b0 Unloading class 0x000002960223d400 'java/lang/invoke/LambdaForm$DMH+0x000002960223d400'
Event: 174.325 Thread 0x000002966c9836b0 Unloading class 0x000002960223d000 'java/lang/invoke/LambdaForm$DMH+0x000002960223d000'
Event: 174.325 Thread 0x000002966c9836b0 Unloading class 0x000002960223cc00 'java/lang/invoke/LambdaForm$DMH+0x000002960223cc00'
Event: 174.325 Thread 0x000002966c9836b0 Unloading class 0x000002960223c800 'java/lang/invoke/LambdaForm$DMH+0x000002960223c800'
Event: 174.325 Thread 0x000002966c9836b0 Unloading class 0x000002960223c400 'java/lang/invoke/LambdaForm$DMH+0x000002960223c400'

Classes redefined (0 events):
No events

Internal exceptions (20 events):
Event: 172.008 Thread 0x00000296745dd0d0 Implicit null exception at 0x000002965c674e9c to 0x000002965c675464
Event: 172.014 Thread 0x00000296745dd0d0 Implicit null exception at 0x000002965c9afa55 to 0x000002965c9afbc0
Event: 172.928 Thread 0x00000296745de510 Exception <a 'java/lang/NoSuchMethodError'{0x00000007b13e07f8}: 'void java.lang.invoke.DirectMethodHandle$Holder.invokeVirtual(java.lang.Object, java.lang.Object, int)'> (0x00000007b13e07f8) 
thrown [s\src\hotspot\share\interpreter\linkResolver.cpp, line 759]
Event: 172.949 Thread 0x00000296745e0370 Exception <a 'java/lang/NoSuchMethodError'{0x00000007b10b7ca0}: 'int java.lang.invoke.DirectMethodHandle$Holder.invokeSpecial(java.lang.Object, java.lang.Object, java.lang.Object, int, java.lang.Object)'> (0x00000007b10b7ca0) 
thrown [s\src\hotspot\share\interpreter\linkResolver.cpp, line 759]
Event: 172.949 Thread 0x00000296745de000 Exception <a 'java/lang/NoSuchMethodError'{0x00000007b1144560}: 'int java.lang.invoke.DirectMethodHandle$Holder.invokeSpecial(java.lang.Object, java.lang.Object, java.lang.Object, int, java.lang.Object)'> (0x00000007b1144560) 
thrown [s\src\hotspot\share\interpreter\linkResolver.cpp, line 759]
Event: 172.949 Thread 0x00000296745de510 Exception <a 'java/lang/NoSuchMethodError'{0x00000007b10f8010}: 'int java.lang.invoke.DirectMethodHandle$Holder.invokeSpecial(java.lang.Object, java.lang.Object, java.lang.Object, int, java.lang.Object)'> (0x00000007b10f8010) 
thrown [s\src\hotspot\share\interpreter\linkResolver.cpp, line 759]
Event: 172.949 Thread 0x00000296745e0d90 Exception <a 'java/lang/NoSuchMethodError'{0x00000007b10dd120}: 'int java.lang.invoke.DirectMethodHandle$Holder.invokeSpecial(java.lang.Object, java.lang.Object, java.lang.Object, int, java.lang.Object)'> (0x00000007b10dd120) 
thrown [s\src\hotspot\share\interpreter\linkResolver.cpp, line 759]
Event: 172.949 Thread 0x00000296745e0880 Exception <a 'java/lang/NoSuchMethodError'{0x00000007b13980d8}: 'int java.lang.invoke.DirectMethodHandle$Holder.invokeSpecial(java.lang.Object, java.lang.Object, java.lang.Object, int, java.lang.Object)'> (0x00000007b13980d8) 
thrown [s\src\hotspot\share\interpreter\linkResolver.cpp, line 759]
Event: 172.949 Thread 0x00000296745df440 Exception <a 'java/lang/NoSuchMethodError'{0x00000007b11850d8}: 'int java.lang.invoke.DirectMethodHandle$Holder.invokeSpecial(java.lang.Object, java.lang.Object, java.lang.Object, int, java.lang.Object)'> (0x00000007b11850d8) 
thrown [s\src\hotspot\share\interpreter\linkResolver.cpp, line 759]
Event: 172.949 Thread 0x00000296745dea20 Exception <a 'java/lang/NoSuchMethodError'{0x00000007b10fa4c0}: 'int java.lang.invoke.DirectMethodHandle$Holder.invokeSpecial(java.lang.Object, java.lang.Object, java.lang.Object, int, java.lang.Object)'> (0x00000007b10fa4c0) 
thrown [s\src\hotspot\share\interpreter\linkResolver.cpp, line 759]
Event: 172.949 Thread 0x00000296745dcbc0 Exception <a 'java/lang/NoSuchMethodError'{0x00000007b1119990}: 'int java.lang.invoke.DirectMethodHandle$Holder.invokeSpecial(java.lang.Object, java.lang.Object, java.lang.Object, int, java.lang.Object)'> (0x00000007b1119990) 
thrown [s\src\hotspot\share\interpreter\linkResolver.cpp, line 759]
Event: 172.949 Thread 0x00000296745ddaf0 Exception <a 'java/lang/NoSuchMethodError'{0x00000007b11a4a08}: 'int java.lang.invoke.DirectMethodHandle$Holder.invokeSpecial(java.lang.Object, java.lang.Object, java.lang.Object, int, java.lang.Object)'> (0x00000007b11a4a08) 
thrown [s\src\hotspot\share\interpreter\linkResolver.cpp, line 759]
Event: 172.949 Thread 0x00000296745dc6b0 Exception <a 'java/lang/NoSuchMethodError'{0x00000007b10d0c90}: 'int java.lang.invoke.DirectMethodHandle$Holder.invokeSpecial(java.lang.Object, java.lang.Object, java.lang.Object, int, java.lang.Object)'> (0x00000007b10d0c90) 
thrown [s\src\hotspot\share\interpreter\linkResolver.cpp, line 759]
Event: 172.949 Thread 0x00000296745def30 Exception <a 'java/lang/NoSuchMethodError'{0x00000007b102e670}: 'int java.lang.invoke.DirectMethodHandle$Holder.invokeSpecial(java.lang.Object, java.lang.Object, java.lang.Object, int, java.lang.Object)'> (0x00000007b102e670) 
thrown [s\src\hotspot\share\interpreter\linkResolver.cpp, line 759]
Event: 172.996 Thread 0x00000296745def30 Exception <a 'java/lang/NoSuchMethodError'{0x00000007b0c4f3c0}: 'int java.lang.invoke.DirectMethodHandle$Holder.invokeStatic(java.lang.Object, java.lang.Object, java.lang.Object, java.lang.Object, int, java.lang.Object)'> (0x00000007b0c4f3c0) 
thrown [s\src\hotspot\share\interpreter\linkResolver.cpp, line 759]
Event: 173.052 Thread 0x00000296745e0d90 Exception <a 'java/lang/NoSuchMethodError'{0x00000007b3ea63d8}: 'void java.lang.invoke.DirectMethodHandle$Holder.invokeStatic(java.lang.Object, int)'> (0x00000007b3ea63d8) 
thrown [s\src\hotspot\share\interpreter\linkResolver.cpp, line 759]
Event: 173.052 Thread 0x00000296745def30 Exception <a 'java/lang/NoSuchMethodError'{0x00000007b3c6a358}: 'void java.lang.invoke.DirectMethodHandle$Holder.invokeStatic(java.lang.Object, int)'> (0x00000007b3c6a358) 
thrown [s\src\hotspot\share\interpreter\linkResolver.cpp, line 759]
Event: 173.053 Thread 0x00000296745dcbc0 Exception <a 'java/lang/NoSuchMethodError'{0x00000007b3d5a9b8}: 'void java.lang.invoke.DirectMethodHandle$Holder.invokeStatic(java.lang.Object, int)'> (0x00000007b3d5a9b8) 
thrown [s\src\hotspot\share\interpreter\linkResolver.cpp, line 759]
Event: 173.053 Thread 0x00000296745e0880 Exception <a 'java/lang/NoSuchMethodError'{0x00000007b3d92cd0}: 'void java.lang.invoke.DirectMethodHandle$Holder.invokeStatic(java.lang.Object, int)'> (0x00000007b3d92cd0) 
thrown [s\src\hotspot\share\interpreter\linkResolver.cpp, line 759]
Event: 173.411 Thread 0x00000296745ddaf0 Exception <a 'java/lang/NoSuchMethodError'{0x00000007b2c966c8}: 'java.lang.Object java.lang.invoke.DirectMethodHandle$Holder.newInvokeSpecial(java.lang.Object, int, java.lang.Object, java.lang.Object, java.lang.Object, java.lang.Object)'> (0x00000007b2c966c8) 
thrown [s\src\hotspot\share\interpreter\linkResolver.cpp, line 759]

VM Operations (20 events):
Event: 174.148 Executing VM operation: G1CollectForAllocation done
Event: 174.245 Executing VM operation: G1CollectForAllocation
Event: 174.252 Executing VM operation: G1CollectForAllocation done
Event: 174.323 Executing VM operation: G1PauseRemark
Event: 174.695 Executing VM operation: G1PauseRemark done
Event: 174.710 Executing VM operation: G1CollectForAllocation
Event: 174.743 Executing VM operation: G1CollectForAllocation done
Event: 174.951 Executing VM operation: HandshakeAllThreads
Event: 175.017 Executing VM operation: HandshakeAllThreads done
Event: 175.017 Executing VM operation: G1PauseCleanup
Event: 175.048 Executing VM operation: G1PauseCleanup done
Event: 175.375 Executing VM operation: G1CollectForAllocation
Event: 175.419 Executing VM operation: G1CollectForAllocation done
Event: 175.490 Executing VM operation: G1CollectForAllocation
Event: 175.533 Executing VM operation: G1CollectForAllocation done
Event: 175.614 Executing VM operation: G1CollectForAllocation
Event: 175.655 Executing VM operation: G1CollectForAllocation done
Event: 175.725 Executing VM operation: G1CollectForAllocation
Event: 175.812 Executing VM operation: G1CollectForAllocation done
Event: 175.926 Executing VM operation: G1CollectForAllocation

Memory protections (0 events):
No events

Nmethod flushes (20 events):
Event: 171.652 Thread 0x000002966c9c5b10 flushing  nmethod 0x00000296572ed990
Event: 171.652 Thread 0x000002966c9c5b10 flushing  nmethod 0x00000296572f0710
Event: 171.653 Thread 0x000002966c9c5b10 flushing  nmethod 0x0000029657333b10
Event: 171.653 Thread 0x000002966c9c5b10 flushing  nmethod 0x0000029657335010
Event: 171.653 Thread 0x000002966c9c5b10 flushing  nmethod 0x000002965733be90
Event: 171.653 Thread 0x000002966c9c5b10 flushing  nmethod 0x0000029657347390
Event: 171.653 Thread 0x000002966c9c5b10 flushing  nmethod 0x0000029657348690
Event: 171.653 Thread 0x000002966c9c5b10 flushing  nmethod 0x0000029657373290
Event: 171.653 Thread 0x000002966c9c5b10 flushing  nmethod 0x0000029657378810
Event: 171.653 Thread 0x000002966c9c5b10 flushing  nmethod 0x000002965737e810
Event: 175.068 Thread 0x000002966c9c5b10 flushing  nmethod 0x000002965ccccb90
Event: 175.072 Thread 0x000002966c9c5b10 flushing  nmethod 0x000002965cebcc10
Event: 175.101 Thread 0x000002966c9c5b10 flushing  nmethod 0x0000029654ec6c90
Event: 175.128 Thread 0x000002966c9c5b10 flushing  nmethod 0x0000029655fb0590
Event: 175.140 Thread 0x000002966c9c5b10 flushing  nmethod 0x0000029656665c10
Event: 175.148 Thread 0x000002966c9c5b10 flushing  nmethod 0x00000296569aee90
Event: 175.150 Thread 0x000002966c9c5b10 flushing  nmethod 0x0000029656b22b90
Event: 175.150 Thread 0x000002966c9c5b10 flushing  nmethod 0x0000029656b23010
Event: 175.150 Thread 0x000002966c9c5b10 flushing  nmethod 0x0000029656b23c10
Event: 175.153 Thread 0x000002966c9c5b10 flushing  nmethod 0x0000029656cdcf10

Events (20 events):
Event: 83.827 Thread 0x0000029675ed33f0 Thread added: 0x00000296745da340
Event: 86.113 Thread 0x00000296745dd0d0 Thread added: 0x00000296745dfe60
Event: 86.114 Thread 0x00000296745dd0d0 Thread added: 0x00000296745dc6b0
Event: 86.115 Thread 0x00000296745dc6b0 Thread added: 0x00000296745dea20
Event: 86.116 Thread 0x00000296745dea20 Thread added: 0x00000296745de510
Event: 86.117 Thread 0x00000296745de510 Thread added: 0x00000296745df440
Event: 86.118 Thread 0x00000296745df440 Thread added: 0x00000296745def30
Event: 86.119 Thread 0x00000296745def30 Thread added: 0x00000296745ddaf0
Event: 86.120 Thread 0x00000296745ddaf0 Thread added: 0x00000296745e0370
Event: 86.120 Thread 0x00000296745e0370 Thread added: 0x00000296745de000
Event: 86.121 Thread 0x00000296745de000 Thread added: 0x00000296745dcbc0
Event: 86.121 Thread 0x00000296745dcbc0 Thread added: 0x00000296745e0880
Event: 86.122 Thread 0x00000296745e0880 Thread added: 0x00000296745e0d90
Event: 90.559 Thread 0x00000296715e4550 Thread exited: 0x00000296715e4550
Event: 90.592 Thread 0x00000296715e4000 Thread exited: 0x00000296715e4000
Event: 91.229 Thread 0x000002966c9afb40 Thread added: 0x00000296782d62c0
Event: 137.728 Thread 0x000002966c9c5200 Thread added: 0x00000296756afdf0
Event: 138.964 Thread 0x00000296775ff4f0 Thread exited: 0x00000296775ff4f0
Event: 138.964 Thread 0x00000296730c9d20 Thread exited: 0x00000296730c9d20
Event: 139.048 Thread 0x00000296775fefe0 Thread exited: 0x00000296775fefe0


Dynamic libraries:
0x00007ff61c400000 - 0x00007ff61c40e000 	C:\Program Files\Eclipse Adoptium\jdk-17.0.20.8-hotspot\bin\java.exe
0x00007fffef900000 - 0x00007fffefb66000 	C:\WINDOWS\SYSTEM32\ntdll.dll
0x00007fffeed80000 - 0x00007fffeee49000 	C:\WINDOWS\System32\KERNEL32.DLL
0x00007fffecc40000 - 0x00007fffed03f000 	C:\WINDOWS\System32\KERNELBASE.dll
0x00007fffed330000 - 0x00007fffed47c000 	C:\WINDOWS\System32\ucrtbase.dll
0x00007fffa50e0000 - 0x00007fffa50f8000 	C:\Program Files\Eclipse Adoptium\jdk-17.0.20.8-hotspot\bin\jli.dll
0x00007fffd3870000 - 0x00007fffd388e000 	C:\Program Files\Eclipse Adoptium\jdk-17.0.20.8-hotspot\bin\VCRUNTIME140.dll
0x00007fffee160000 - 0x00007fffee326000 	C:\WINDOWS\System32\USER32.dll
0x00007fffd3cc0000 - 0x00007fffd3f51000 	C:\WINDOWS\WinSxS\amd64_microsoft.windows.common-controls_6595b64144ccf1df_6.0.26100.8972_none_3e0da176e32f9d4b\COMCTL32.dll
0x00007fffed490000 - 0x00007fffed4b7000 	C:\WINDOWS\System32\win32u.dll
0x00007fffeddb0000 - 0x00007fffedddb000 	C:\WINDOWS\System32\GDI32.dll
0x00007fffed630000 - 0x00007fffed6d9000 	C:\WINDOWS\System32\msvcrt.dll
0x00007fffecb10000 - 0x00007fffecc39000 	C:\WINDOWS\System32\gdi32full.dll
0x00007fffed580000 - 0x00007fffed623000 	C:\WINDOWS\System32\msvcp_win.dll
0x00007fffee390000 - 0x00007fffee3c2000 	C:\WINDOWS\System32\IMM32.DLL
0x00007fffd3860000 - 0x00007fffd386c000 	C:\Program Files\Eclipse Adoptium\jdk-17.0.20.8-hotspot\bin\vcruntime140_1.dll
0x00007fffa5050000 - 0x00007fffa50dd000 	C:\Program Files\Eclipse Adoptium\jdk-17.0.20.8-hotspot\bin\msvcp140.dll
0x00007fff61f20000 - 0x00007fff62b8c000 	C:\Program Files\Eclipse Adoptium\jdk-17.0.20.8-hotspot\bin\server\jvm.dll
0x00007fffedbe0000 - 0x00007fffedc9c000 	C:\WINDOWS\System32\ADVAPI32.dll
0x00007fffef810000 - 0x00007fffef8ba000 	C:\WINDOWS\System32\sechost.dll
0x00007fffee040000 - 0x00007fffee158000 	C:\WINDOWS\System32\RPCRT4.dll
0x00007fffee560000 - 0x00007fffee5e2000 	C:\WINDOWS\System32\WS2_32.dll
0x00007fffec990000 - 0x00007fffec9ee000 	C:\WINDOWS\SYSTEM32\POWRPROF.dll
0x00007fffe2d50000 - 0x00007fffe2d86000 	C:\WINDOWS\SYSTEM32\WINMM.dll
0x00007fffe6240000 - 0x00007fffe624b000 	C:\WINDOWS\SYSTEM32\VERSION.dll
0x00007fffec970000 - 0x00007fffec985000 	C:\WINDOWS\SYSTEM32\UMPDC.dll
0x00007fffeb7c0000 - 0x00007fffeb7db000 	C:\WINDOWS\SYSTEM32\kernel.appcore.dll
0x00007fffbbbe0000 - 0x00007fffbbbea000 	C:\Program Files\Eclipse Adoptium\jdk-17.0.20.8-hotspot\bin\jimage.dll
0x00007fffe3c70000 - 0x00007fffe3eb2000 	C:\WINDOWS\SYSTEM32\DBGHELP.DLL
0x00007fffed850000 - 0x00007fffedbd5000 	C:\WINDOWS\System32\combase.dll
0x00007fffee480000 - 0x00007fffee559000 	C:\WINDOWS\System32\OLEAUT32.dll
0x00007fffdc180000 - 0x00007fffdc1bb000 	C:\WINDOWS\SYSTEM32\dbgcore.DLL
0x00007fffed050000 - 0x00007fffed0fc000 	C:\WINDOWS\System32\bcryptPrimitives.dll
0x00007fffe9960000 - 0x00007fffe996e000 	C:\Program Files\Eclipse Adoptium\jdk-17.0.20.8-hotspot\bin\instrument.dll
0x00007fffa5020000 - 0x00007fffa5045000 	C:\Program Files\Eclipse Adoptium\jdk-17.0.20.8-hotspot\bin\java.dll
0x00007fffa4f40000 - 0x00007fffa5017000 	C:\Program Files\Eclipse Adoptium\jdk-17.0.20.8-hotspot\bin\jsvml.dll
0x00007fffee5f0000 - 0x00007fffeed78000 	C:\WINDOWS\System32\SHELL32.dll
0x00007fffea5a0000 - 0x00007fffeae3b000 	C:\WINDOWS\SYSTEM32\windows.storage.dll
0x00007fffeee50000 - 0x00007fffeef49000 	C:\WINDOWS\System32\SHCORE.dll
0x00007fffee3d0000 - 0x00007fffee436000 	C:\WINDOWS\System32\shlwapi.dll
0x00007fffeca30000 - 0x00007fffeca59000 	C:\WINDOWS\SYSTEM32\profapi.dll
0x00007fffa4f20000 - 0x00007fffa4f38000 	C:\Program Files\Eclipse Adoptium\jdk-17.0.20.8-hotspot\bin\zip.dll
0x00007fffa4cb0000 - 0x00007fffa4cca000 	C:\Program Files\Eclipse Adoptium\jdk-17.0.20.8-hotspot\bin\net.dll
0x00007fffe55f0000 - 0x00007fffe5718000 	C:\WINDOWS\SYSTEM32\WINHTTP.dll
0x00007fffebd50000 - 0x00007fffebdbc000 	C:\WINDOWS\system32\mswsock.dll
0x00007fffa4c90000 - 0x00007fffa4ca6000 	C:\Program Files\Eclipse Adoptium\jdk-17.0.20.8-hotspot\bin\nio.dll
0x00007fffbb3a0000 - 0x00007fffbb3b0000 	C:\Program Files\Eclipse Adoptium\jdk-17.0.20.8-hotspot\bin\verify.dll
0x00007fffa4ef0000 - 0x00007fffa4f17000 	C:\Users\laiba\.gradle\native\1def1411415f61bf3af743bc5b6707747c0891f09f0c88961ee8f79bc544acac\windows-amd64\native-platform.dll
0x00007fffcbfb0000 - 0x00007fffcc027000 	C:\Users\laiba\.gradle\native\0.2.8\x86_64-windows-gnu\gradle-fileevents.dll
0x00007fffbb280000 - 0x00007fffbb28a000 	C:\Program Files\Eclipse Adoptium\jdk-17.0.20.8-hotspot\bin\management.dll
0x00007fffba720000 - 0x00007fffba72c000 	C:\Program Files\Eclipse Adoptium\jdk-17.0.20.8-hotspot\bin\management_ext.dll
0x00007fffee380000 - 0x00007fffee388000 	C:\WINDOWS\System32\PSAPI.DLL
0x00007fffeb170000 - 0x00007fffeb1a3000 	C:\WINDOWS\SYSTEM32\IPHLPAPI.DLL
0x00007fffef190000 - 0x00007fffef19a000 	C:\WINDOWS\System32\NSI.dll
0x00007fffe5740000 - 0x00007fffe575d000 	C:\WINDOWS\SYSTEM32\dhcpcsvc6.DLL
0x00007fffe5440000 - 0x00007fffe5465000 	C:\WINDOWS\SYSTEM32\dhcpcsvc.DLL
0x00007fffeb1b0000 - 0x00007fffeb308000 	C:\WINDOWS\SYSTEM32\DNSAPI.dll
0x00007fffebb50000 - 0x00007fffebb5d000 	C:\WINDOWS\SYSTEM32\DSPARSE.dll
0x00007fffb9880000 - 0x00007fffb9889000 	C:\Program Files\Eclipse Adoptium\jdk-17.0.20.8-hotspot\bin\extnet.dll
0x00007fffec170000 - 0x00007fffec18b000 	C:\WINDOWS\SYSTEM32\CRYPTSP.dll
0x00007fffeb720000 - 0x00007fffeb759000 	C:\WINDOWS\system32\rsaenh.dll
0x00007fffebe00000 - 0x00007fffebe32000 	C:\WINDOWS\SYSTEM32\USERENV.dll
0x00007fffeca00000 - 0x00007fffeca2a000 	C:\WINDOWS\SYSTEM32\bcrypt.dll
0x00007fffebfb0000 - 0x00007fffebfbc000 	C:\WINDOWS\SYSTEM32\CRYPTBASE.dll
0x00007fffb2120000 - 0x00007fffb212e000 	C:\Program Files\Eclipse Adoptium\jdk-17.0.20.8-hotspot\bin\sunmscapi.dll
0x00007fffed1a0000 - 0x00007fffed31e000 	C:\WINDOWS\System32\CRYPT32.dll
0x00007fffec2e0000 - 0x00007fffec310000 	C:\WINDOWS\SYSTEM32\ncrypt.dll
0x00007fffec290000 - 0x00007fffec2cf000 	C:\WINDOWS\SYSTEM32\NTASN1.dll
0x00007fffc5ba0000 - 0x00007fffc5ba8000 	C:\WINDOWS\system32\wshunix.dll

dbghelp: loaded successfully - version: 4.0.5 - missing functions: none
symbol engine: initialized successfully - sym options: 0x614 - pdb path: .;C:\Program Files\Eclipse Adoptium\jdk-17.0.20.8-hotspot\bin;C:\WINDOWS\SYSTEM32;C:\WINDOWS\WinSxS\amd64_microsoft.windows.common-controls_6595b64144ccf1df_6.0.26100.8972_none_3e0da176e32f9d4b;C:\Program Files\Eclipse Adoptium\jdk-17.0.20.8-hotspot\bin\server;C:\Users\laiba\.gradle\native\1def1411415f61bf3af743bc5b6707747c0891f09f0c88961ee8f79bc544acac\windows-amd64;C:\Users\laiba\.gradle\native\0.2.8\x86_64-windows-gnu

VM Arguments:
jvm_args: --add-opens=java.base/java.lang=ALL-UNNAMED --add-opens=java.base/java.lang.invoke=ALL-UNNAMED --add-opens=java.base/java.util=ALL-UNNAMED --add-opens=java.prefs/java.util.prefs=ALL-UNNAMED --add-exports=jdk.compiler/com.sun.tools.javac.api=ALL-UNNAMED --add-exports=jdk.compiler/com.sun.tools.javac.util=ALL-UNNAMED --add-opens=java.base/java.util=ALL-UNNAMED --add-opens=java.prefs/java.util.prefs=ALL-UNNAMED --add-opens=java.base/java.nio.charset=ALL-UNNAMED --add-opens=java.base/java.net=ALL-UNNAMED --add-opens=java.base/java.util.concurrent=ALL-UNNAMED --add-opens=java.base/java.util.concurrent.atomic=ALL-UNNAMED --add-opens=java.xml/javax.xml.namespace=ALL-UNNAMED --add-opens=java.base/java.time=ALL-UNNAMED -XX:MaxMetaspaceSize=1G -XX:ReservedCodeCacheSize=256m -Xmx2560M -Dfile.encoding=windows-1252 -Duser.country=US -Duser.language=en -Duser.variant -javaagent:C:\Users\laiba\.gradle\wrapper\dists\gradle-9.1.0-all\7wzd0jkjit61aq2p43wpjgij9\gradle-9.1.0\lib\agents\gradle-instrumentation-agent-9.1.0.jar 
java_command: org.gradle.launcher.daemon.bootstrap.GradleDaemon 9.1.0
java_class_path (initial): C:\Users\laiba\.gradle\wrapper\dists\gradle-9.1.0-all\7wzd0jkjit61aq2p43wpjgij9\gradle-9.1.0\lib\gradle-daemon-main-9.1.0.jar
Launcher Type: SUN_STANDARD

[Global flags]
     intx CICompilerCount                          = 4                                         {product} {ergonomic}
   size_t CompressedClassSpaceSize                 = 872415232                                 {product} {ergonomic}
     uint ConcGCThreads                            = 3                                         {product} {ergonomic}
     uint G1ConcRefinementThreads                  = 10                                        {product} {ergonomic}
   size_t G1HeapRegionSize                         = 2097152                                   {product} {ergonomic}
    uintx GCDrainStackTargetSize                   = 64                                        {product} {ergonomic}
   size_t InitialHeapSize                          = 125829120                                 {product} {ergonomic}
   size_t MarkStackSize                            = 4194304                                   {product} {ergonomic}
   size_t MaxHeapSize                              = 2684354560                                {product} {command line}
   size_t MaxMetaspaceSize                         = 1073741824                                {product} {command line}
   size_t MaxNewSize                               = 1610612736                                {product} {ergonomic}
   size_t MinHeapDeltaBytes                        = 2097152                                   {product} {ergonomic}
   size_t MinHeapSize                              = 8388608                                   {product} {ergonomic}
    uintx NonNMethodCodeHeapSize                   = 5839372                                {pd product} {ergonomic}
    uintx NonProfiledCodeHeapSize                  = 131298042                              {pd product} {ergonomic}
    uintx ProfiledCodeHeapSize                     = 131298042                              {pd product} {ergonomic}
    uintx ReservedCodeCacheSize                    = 268435456                              {pd product} {command line}
     bool SegmentedCodeCache                       = true                                      {product} {ergonomic}
   size_t SoftMaxHeapSize                          = 2684354560                             {manageable} {ergonomic}
   double SweeperThreshold                         = 0.468750                                  {product} {ergonomic}
     bool UseCompressedClassPointers               = true                           {product lp64_product} {ergonomic}
     bool UseCompressedOops                        = true                           {product lp64_product} {ergonomic}
     bool UseG1GC                                  = true                                      {product} {ergonomic}
     bool UseLargePagesIndividualAllocation        = false                                  {pd product} {ergonomic}

Logging:
Log output configuration:
 #0: stdout all=warning uptime,level,tags
 #1: stderr all=off uptime,level,tags

Environment Variables:
JAVA_HOME=C:\Program Files\Eclipse Adoptium\jdk-17.0.20.8-hotspot
CLASSPATH=C:\Users\laiba\CareConnect\android\\gradle\wrapper\gradle-wrapper.jar
PATH=C:\Program Files\Eclipse Adoptium\jdk-17.0.20.8-hotspot\bin;C:\Users\laiba\bin;C:\Program Files\Git\mingw64\bin;C:\Program Files\Git\usr\local\bin;C:\Program Files\Git\usr\bin;C:\Program Files\Git\usr\bin;C:\Program Files\Git\mingw64\bin;C:\Program Files\Git\usr\bin;C:\Users\laiba\bin;C:\Program Files\Eclipse Adoptium\jdk-17.0.20.8-hotspot\bin;C:\Program Files (x86)\Common Files\Intel\Shared Libraries\redist\intel64\compiler;C:\WINDOWS\system32;C:\WINDOWS;C:\WINDOWS\System32\Wbem;C:\WINDOWS\System32\WindowsPowerShell\v1.0;C:\WINDOWS\System32\OpenSSH;C:\Program Files\nodejs;C:\Program Files\Git\cmd;C:\Program Files (x86)\Common Files\Intel\Shared Libraries\redist\intel64\compiler;C:\WINDOWS\system32;C:\WINDOWS;C:\WINDOWS\System32\Wbem;C:\WINDOWS\System32\WindowsPowerShell\v1.0;C:\WINDOWS\System32\OpenSSH;C:\Program Files\nodejs;C:\Program Files\Git\cmd;C:\Program Files (x86)\Common Files\Intel\Shared Libraries\redist\intel64\compiler;C:\WINDOWS\system32;C:\WINDOWS;C:\WINDOWS\System32\Wbem;C:\WINDOWS\System32\WindowsPowerShell\v1.0;C:\WINDOWS\System32\OpenSSH;C:\Program Files\nodejs;C:\Program Files\Git\cmd;C:\Users\laiba\AppData\Local\Programs\Python\Python312\Scripts;C:\Users\laiba\AppData\Local\Programs\Python\Python312;C:\Users\laiba\AppData\Local\Programs\Python\Launcher;C:\Users\laiba\AppData\Local\Microsoft\WindowsApps;C:\Users\laiba\AppData\Local\Programs\Microsoft VS Code\bin;C:\Users\laiba\AppData\Roaming\npm;C:\Users\laiba\AppData\Local\Microsoft\WinGet\Packages\Stripe.StripeCli_Microsoft.Winget.Source_8wekyb3d8bbwe;C:\src\flutter\bin;C:\src\flutter\bin;C:\Android\platform-tools;C:\Program Files\Git\usr\bin\vendor_perl;C:\Program Files\Git\usr\bin\core_perl
USERNAME=laiba
SHELL=C:\Program Files\Git\usr\bin\bash.exe
TERM=xterm-256color
OS=MINGW64_NT-10.0-26200
PROCESSOR_IDENTIFIER=AMD64 Family 25 Model 80 Stepping 0, AuthenticAMD
TMP=C:\Users\laiba\AppData\Local\Temp
TEMP=C:\Users\laiba\AppData\Local\Temp



Periodic native trim disabled


---------------  S Y S T E M  ---------------

OS:
 Windows 11 , 64 bit Build 26100 (10.0.26100.9168)
OS uptime: 2 days 3:08 hours
Hyper-V role detected

CPU: total 12 (initial active 12) (12 cores per cpu, 2 threads per core) family 25 model 80 stepping 0 microcode 0xa50000c, cx8, cmov, fxsr, ht, mmx, 3dnowpref, sse, sse2, sse3, ssse3, sse4a, sse4.1, sse4.2, popcnt, lzcnt, tsc, tscinvbit, avx, avx2, aes, erms, clmul, bmi1, bmi2, adx, sha, fma, vzeroupper, clflush, clflushopt, hv
Processor Information for processor 0
  Max Mhz: 2301, Current Mhz: 1798, Mhz Limit: 2301
Processor Information for processor 1
  Max Mhz: 2301, Current Mhz: 1798, Mhz Limit: 2301
Processor Information for processor 2
  Max Mhz: 2301, Current Mhz: 1798, Mhz Limit: 2301
Processor Information for processor 3
  Max Mhz: 2301, Current Mhz: 1904, Mhz Limit: 2301
Processor Information for processor 4
  Max Mhz: 2301, Current Mhz: 1798, Mhz Limit: 2301
Processor Information for processor 5
  Max Mhz: 2301, Current Mhz: 1798, Mhz Limit: 2301
Processor Information for processor 6
  Max Mhz: 2301, Current Mhz: 1798, Mhz Limit: 2301
Processor Information for processor 7
  Max Mhz: 2301, Current Mhz: 1798, Mhz Limit: 2301
Processor Information for processor 8
  Max Mhz: 2301, Current Mhz: 1904, Mhz Limit: 2301
Processor Information for processor 9
  Max Mhz: 2301, Current Mhz: 1798, Mhz Limit: 2301
Processor Information for processor 10
  Max Mhz: 2301, Current Mhz: 1798, Mhz Limit: 2301
Processor Information for processor 11
  Max Mhz: 2301, Current Mhz: 1798, Mhz Limit: 2301

Memory: 4k page, system-wide physical 7582M (570M free)
TotalPageFile size 21217M (AvailPageFile size 206M)
current process WorkingSet (physical memory assigned to process): 1376M, peak: 1700M
current process commit charge ("private bytes"): 2392M, peak: 2724M

vm_info: OpenJDK 64-Bit Server VM (17.0.20+8) for windows-amd64 JRE (17.0.20+8), built on Jul 22 2026 00:41:45 by "admin" with MS VC++ 17.12 (VS2022)

END.
